{
"type": "FeatureCollection",
"name": "areas_conservacion",
"features": [
{ "type": "Feature", "properties": { "siglas_ac": "ACLAC", "nombre_ac": "La Amistad Caribe", "area_km2": 6067.9 }, "geometry": { "type": "MultiPolygon", "coordinates": [ [ [ [ -83.54267, 9.97484 ], [ -83.54221, 9.98026 ], [ -83.53792, 9.98356 ], [ -83.53792, 9.98614 ], [ -83.53612, 9.98798 ], [ -83.52749, 9.98821 ], [ -83.51868, 9.98362 ], [ -83.51287, 9.97293 ], [ -83.51127, 9.97212 ], [ -83.50745, 9.97407 ], [ -83.50428, 9.97893 ], [ -83.49989, 9.98178 ], [ -83.49233, 9.98292 ], [ -83.48997, 9.98183 ], [ -83.4892, 9.97522 ], [ -83.48825, 9.97344 ], [ -83.48652, 9.97494 ], [ -83.4836, 9.9743 ], [ -83.48397, 9.96704 ], [ -83.4813, 9.96478 ], [ -83.48326, 9.96243 ], [ -83.48341, 9.95881 ], [ -83.48567, 9.95727 ], [ -83.48628, 9.95281 ], [ -83.48529, 9.95034 ], [ -83.48171, 9.94791 ], [ -83.48262, 9.9454 ], [ -83.47283, 9.94125 ], [ -83.46996, 9.94183 ], [ -83.46814, 9.93854 ], [ -83.46513, 9.93886 ], [ -83.4613, 9.93551 ], [ -83.4517, 9.93118 ], [ -83.45499, 9.92825 ], [ -83.45524, 9.92576 ], [ -83.45387, 9.92363 ], [ -83.45511, 9.92058 ], [ -83.45213, 9.91428 ], [ -83.45825, 9.90306 ], [ -83.457, 9.90319 ], [ -83.45703, 9.90126 ], [ -83.45567, 9.9007 ], [ -83.45703, 9.89868 ], [ -83.45437, 9.8962 ], [ -83.45347, 9.89304 ], [ -83.44771, 9.88788 ], [ -83.44807, 9.88624 ], [ -83.44483, 9.88211 ], [ -83.44234, 9.88156 ], [ -83.44027, 9.87883 ], [ -83.42842, 9.8788 ], [ -83.42331, 9.88082 ], [ -83.4233, 9.88308 ], [ -83.41293, 9.87986 ], [ -83.41169, 9.8782 ], [ -83.40839, 9.88144 ], [ -83.39952, 9.88417 ], [ -83.39636, 9.88674 ], [ -83.3943, 9.88559 ], [ -83.38547, 9.88846 ], [ -83.38238, 9.89061 ], [ -83.38137, 9.89507 ], [ -83.37947, 9.89539 ], [ -83.37766, 9.90035 ], [ -83.37223, 9.90152 ], [ -83.36533, 9.89811 ], [ -83.36344, 9.8994 ], [ -83.36712, 9.9184 ], [ -83.37482, 9.93587 ], [ -83.38301, 9.93906 ], [ -83.38026, 9.94533 ], [ -83.37951, 9.95125 ], [ -83.39137, 9.96503 ], [ -83.3852, 9.97066 ], [ -83.38086, 9.97201 ], [ -83.37999, 9.97426 ], [ -83.37058, 9.97853 ], [ -83.3715, 9.9817 ], [ -83.3119, 9.98163 ], [ -83.31652, 9.979 ], [ -83.32776, 9.96507 ], [ -83.3331, 9.96473 ], [ -83.34015, 9.95972 ], [ -83.34175, 9.95667 ], [ -83.34115, 9.95188 ], [ -83.33698, 9.94235 ], [ -83.34125, 9.94009 ], [ -83.34578, 9.94011 ], [ -83.34801, 9.9359 ], [ -83.35156, 9.93783 ], [ -83.35295, 9.93635 ], [ -83.35169, 9.93165 ], [ -83.34885, 9.92923 ], [ -83.35082, 9.92576 ], [ -83.34955, 9.92155 ], [ -83.34491, 9.91729 ], [ -83.34535, 9.91506 ], [ -83.349, 9.91437 ], [ -83.34804, 9.91067 ], [ -83.34918, 9.90321 ], [ -83.34507, 9.89966 ], [ -83.34835, 9.89809 ], [ -83.3433, 9.89326 ], [ -83.34087, 9.89434 ], [ -83.34034, 9.89159 ], [ -83.34267, 9.88935 ], [ -83.33448, 9.88549 ], [ -83.3374, 9.88416 ], [ -83.33371, 9.87899 ], [ -83.33656, 9.87527 ], [ -83.33446, 9.87255 ], [ -83.33743, 9.86235 ], [ -83.33981, 9.85982 ], [ -83.33783, 9.85171 ], [ -83.33562, 9.84948 ], [ -83.336, 9.84729 ], [ -83.33193, 9.84377 ], [ -83.33502, 9.83665 ], [ -83.33914, 9.83373 ], [ -83.33708, 9.83029 ], [ -83.3358, 9.82325 ], [ -83.34049, 9.82175 ], [ -83.34584, 9.81088 ], [ -83.35651, 9.80252 ], [ -83.35589, 9.79794 ], [ -83.35819, 9.79637 ], [ -83.35851, 9.79407 ], [ -83.36275, 9.79159 ], [ -83.36442, 9.78806 ], [ -83.36774, 9.78624 ], [ -83.3688, 9.78022 ], [ -83.37887, 9.77376 ], [ -83.38403, 9.76732 ], [ -83.3856, 9.76142 ], [ -83.39339, 9.74948 ], [ -83.39529, 9.74393 ], [ -83.40183, 9.7404 ], [ -83.40659, 9.73533 ], [ -83.40738, 9.73106 ], [ -83.4112, 9.72595 ], [ -83.41546, 9.72284 ], [ -83.42294, 9.7115 ], [ -83.42932, 9.70605 ], [ -83.4298, 9.69854 ], [ -83.42775, 9.69515 ], [ -83.42796, 9.68134 ], [ -83.42966, 9.67688 ], [ -83.43427, 9.67299 ], [ -83.43617, 9.6683 ], [ -83.44055, 9.6664 ], [ -83.44161, 9.66158 ], [ -83.44712, 9.65309 ], [ -83.45022, 9.65175 ], [ -83.45116, 9.64845 ], [ -83.45779, 9.64775 ], [ -83.45981, 9.64471 ], [ -83.46325, 9.64343 ], [ -83.46452, 9.63812 ], [ -83.46809, 9.6325 ], [ -83.47404, 9.6321 ], [ -83.47825, 9.62904 ], [ -83.48235, 9.62819 ], [ -83.49009, 9.61766 ], [ -83.49122, 9.61393 ], [ -83.41876, 9.61355 ], [ -83.41897, 9.37933 ], [ -83.45406, 9.37907 ], [ -83.44541, 9.37709 ], [ -83.44027, 9.37758 ], [ -83.43791, 9.37144 ], [ -83.43184, 9.37215 ], [ -83.43133, 9.36911 ], [ -83.42936, 9.36737 ], [ -83.42268, 9.36704 ], [ -83.4186, 9.36336 ], [ -83.41523, 9.35711 ], [ -83.40566, 9.35361 ], [ -83.40362, 9.34845 ], [ -83.40121, 9.34809 ], [ -83.40135, 9.34446 ], [ -83.3989, 9.33769 ], [ -83.39662, 9.33795 ], [ -83.39473, 9.34237 ], [ -83.38996, 9.34321 ], [ -83.38609, 9.34623 ], [ -83.37854, 9.34633 ], [ -83.37566, 9.34778 ], [ -83.36658, 9.34622 ], [ -83.35533, 9.35217 ], [ -83.35102, 9.35094 ], [ -83.34379, 9.35896 ], [ -83.34415, 9.36543 ], [ -83.34691, 9.36955 ], [ -83.34019, 9.37051 ], [ -83.33816, 9.37313 ], [ -83.33448, 9.37446 ], [ -83.33236, 9.38317 ], [ -83.33111, 9.38094 ], [ -83.32358, 9.38407 ], [ -83.31946, 9.38414 ], [ -83.31231, 9.38233 ], [ -83.30833, 9.37726 ], [ -83.30269, 9.37448 ], [ -83.2974, 9.36649 ], [ -83.29101, 9.3632 ], [ -83.2876, 9.35533 ], [ -83.27968, 9.35645 ], [ -83.2726, 9.35282 ], [ -83.26962, 9.34816 ], [ -83.26239, 9.34592 ], [ -83.2595, 9.34207 ], [ -83.24168, 9.33925 ], [ -83.2371, 9.33414 ], [ -83.236, 9.32891 ], [ -83.22863, 9.32683 ], [ -83.22781, 9.3238 ], [ -83.2242, 9.32053 ], [ -83.20623, 9.32085 ], [ -83.19446, 9.32393 ], [ -83.18892, 9.32212 ], [ -83.18415, 9.32489 ], [ -83.17739, 9.32643 ], [ -83.16828, 9.31889 ], [ -83.16508, 9.31023 ], [ -83.16555, 9.30804 ], [ -83.16035, 9.30599 ], [ -83.15732, 9.29989 ], [ -83.15428, 9.29954 ], [ -83.15194, 9.29513 ], [ -83.1447, 9.29274 ], [ -83.14578, 9.28982 ], [ -83.14394, 9.2895 ], [ -83.13991, 9.28491 ], [ -83.13506, 9.28304 ], [ -83.13438, 9.27623 ], [ -83.11608, 9.275 ], [ -83.10966, 9.26527 ], [ -83.10314, 9.26363 ], [ -83.10262, 9.25942 ], [ -83.09585, 9.25504 ], [ -83.09189, 9.25387 ], [ -83.08368, 9.25574 ], [ -83.0733, 9.25027 ], [ -83.07141, 9.24341 ], [ -83.07372, 9.23912 ], [ -83.07312, 9.23733 ], [ -83.07787, 9.23649 ], [ -83.08002, 9.23371 ], [ -83.07877, 9.23204 ], [ -83.07906, 9.22862 ], [ -83.07612, 9.22593 ], [ -83.07663, 9.22016 ], [ -83.07534, 9.21738 ], [ -83.07241, 9.21663 ], [ -83.0716, 9.21331 ], [ -83.06704, 9.21069 ], [ -83.06395, 9.20489 ], [ -83.05716, 9.2019 ], [ -83.05745, 9.19831 ], [ -83.0556, 9.19478 ], [ -83.06649, 9.19035 ], [ -83.0683, 9.18401 ], [ -83.06077, 9.17162 ], [ -83.05861, 9.17083 ], [ -83.05864, 9.16897 ], [ -83.04681, 9.16203 ], [ -83.0462, 9.16016 ], [ -83.04148, 9.16101 ], [ -83.03836, 9.16005 ], [ -83.03649, 9.16174 ], [ -83.03235, 9.16192 ], [ -83.0282, 9.15978 ], [ -83.0036, 9.15535 ], [ -82.99742, 9.15862 ], [ -82.99475, 9.15572 ], [ -82.99168, 9.15517 ], [ -82.9919, 9.15218 ], [ -82.99583, 9.14486 ], [ -82.99231, 9.13649 ], [ -82.99612, 9.12747 ], [ -82.98729, 9.12311 ], [ -82.98969, 9.11682 ], [ -82.9811, 9.11288 ], [ -82.98169, 9.10673 ], [ -82.97956, 9.10325 ], [ -82.98107, 9.10089 ], [ -82.98042, 9.09807 ], [ -82.97777, 9.09696 ], [ -82.97717, 9.09391 ], [ -82.97041, 9.09673 ], [ -82.96616, 9.09395 ], [ -82.96337, 9.09421 ], [ -82.95809, 9.09004 ], [ -82.95469, 9.09196 ], [ -82.95118, 9.09117 ], [ -82.94759, 9.08226 ], [ -82.94392, 9.08097 ], [ -82.94252, 9.07631 ], [ -82.9386, 9.07494 ], [ -82.93439, 9.07857 ], [ -82.93421, 9.4749 ], [ -82.84087, 9.49714 ], [ -82.84287, 9.49966 ], [ -82.84441, 9.49936 ], [ -82.84274, 9.50482 ], [ -82.84785, 9.5086 ], [ -82.84758, 9.51489 ], [ -82.85679, 9.51118 ], [ -82.85734, 9.51297 ], [ -82.8538, 9.5157 ], [ -82.85491, 9.51972 ], [ -82.86489, 9.5182 ], [ -82.87046, 9.52206 ], [ -82.87289, 9.52598 ], [ -82.87151, 9.53314 ], [ -82.87405, 9.53887 ], [ -82.86983, 9.54119 ], [ -82.8669, 9.54521 ], [ -82.87083, 9.55203 ], [ -82.86789, 9.55336 ], [ -82.87049, 9.55543 ], [ -82.87719, 9.5536 ], [ -82.881, 9.55556 ], [ -82.88187, 9.56264 ], [ -82.88543, 9.56538 ], [ -82.87686, 9.58154 ], [ -82.87742, 9.5908 ], [ -82.8723, 9.5947 ], [ -82.86542, 9.59017 ], [ -82.85966, 9.59033 ], [ -82.85917, 9.59215 ], [ -82.8633, 9.59486 ], [ -82.86393, 9.60284 ], [ -82.85871, 9.61228 ], [ -82.84589, 9.61711 ], [ -82.83958, 9.6158 ], [ -82.83328, 9.61171 ], [ -82.82569, 9.61128 ], [ -82.82453, 9.60442 ], [ -82.81839, 9.6027 ], [ -82.81624, 9.59701 ], [ -82.80421, 9.59596 ], [ -82.79944, 9.59964 ], [ -82.78803, 9.59664 ], [ -82.78235, 9.58893 ], [ -82.77681, 9.58476 ], [ -82.77288, 9.58687 ], [ -82.7699, 9.58639 ], [ -82.76186, 9.59455 ], [ -82.75169, 9.59003 ], [ -82.74692, 9.59424 ], [ -82.74456, 9.59402 ], [ -82.74224, 9.59015 ], [ -82.7456, 9.58797 ], [ -82.74783, 9.5823 ], [ -82.74398, 9.5757 ], [ -82.74313, 9.56871 ], [ -82.73006, 9.56558 ], [ -82.72621, 9.56089 ], [ -82.72902, 9.5545 ], [ -82.71878, 9.55105 ], [ -82.71539, 9.54596 ], [ -82.71211, 9.54738 ], [ -82.71084, 9.55391 ], [ -82.70747, 9.55485 ], [ -82.70277, 9.54552 ], [ -82.69475, 9.54339 ], [ -82.69233, 9.53549 ], [ -82.69432, 9.53317 ], [ -82.6997, 9.53178 ], [ -82.70069, 9.52824 ], [ -82.69238, 9.51975 ], [ -82.69243, 9.51408 ], [ -82.69105, 9.51178 ], [ -82.68062, 9.50721 ], [ -82.67568, 9.51369 ], [ -82.67257, 9.50896 ], [ -82.67272, 9.50238 ], [ -82.66802, 9.50044 ], [ -82.66175, 9.50251 ], [ -82.66175, 9.5091 ], [ -82.65915, 9.51058 ], [ -82.65679, 9.50833 ], [ -82.65657, 9.50553 ], [ -82.65076, 9.50103 ], [ -82.64872, 9.49711 ], [ -82.64021, 9.49605 ], [ -82.63497, 9.49369 ], [ -82.63378, 9.49598 ], [ -82.63613, 9.50049 ], [ -82.63538, 9.50266 ], [ -82.62987, 9.50237 ], [ -82.61788, 9.49832 ], [ -82.61003, 9.50069 ], [ -82.60502, 9.50619 ], [ -82.60383, 9.50939 ], [ -82.60518, 9.51761 ], [ -82.60452, 9.52339 ], [ -82.59768, 9.53387 ], [ -82.59831, 9.54004 ], [ -82.60413, 9.55067 ], [ -82.60405, 9.55583 ], [ -82.6021, 9.5581 ], [ -82.59385, 9.55988 ], [ -82.58297, 9.55831 ], [ -82.57353, 9.55343 ], [ -82.5643, 9.54112 ], [ -82.56006, 9.54016 ], [ -82.55437, 9.54325 ], [ -82.55323, 9.55016 ], [ -82.56537, 9.56299 ], [ -82.56387, 9.57251 ], [ -82.56615, 9.57254 ], [ -82.56817, 9.57583 ], [ -82.57195, 9.57582 ], [ -82.58928, 9.58515 ], [ -82.60468, 9.59698 ], [ -82.61977, 9.61534 ], [ -82.62076, 9.62071 ], [ -82.61894, 9.62419 ], [ -82.62, 9.62716 ], [ -82.619, 9.63046 ], [ -82.62233, 9.63295 ], [ -82.62205, 9.63537 ], [ -82.62549, 9.63531 ], [ -82.6335, 9.6384 ], [ -82.64052, 9.6355 ], [ -82.64827, 9.64001 ], [ -82.65931, 9.63261 ], [ -82.6688, 9.63199 ], [ -82.67922, 9.63696 ], [ -82.68595, 9.64408 ], [ -82.69008, 9.6411 ], [ -82.69369, 9.64124 ], [ -82.69293, 9.63988 ], [ -82.69477, 9.63806 ], [ -82.6992, 9.63785 ], [ -82.71332, 9.64277 ], [ -82.71661, 9.64224 ], [ -82.72068, 9.64569 ], [ -82.72389, 9.64355 ], [ -82.72641, 9.64446 ], [ -82.73812, 9.65161 ], [ -82.74109, 9.65654 ], [ -82.74715, 9.65952 ], [ -82.75035, 9.65985 ], [ -82.75305, 9.6578 ], [ -82.75503, 9.65854 ], [ -82.75746, 9.65476 ], [ -82.76314, 9.65469 ], [ -82.77372, 9.65932 ], [ -82.7817, 9.66564 ], [ -82.79004, 9.67514 ], [ -82.79854, 9.68801 ], [ -82.81411, 9.71684 ], [ -82.81529, 9.72903 ], [ -82.81069, 9.73622 ], [ -82.81105, 9.7404 ], [ -82.8092, 9.7449 ], [ -82.81632, 9.74999 ], [ -82.81623, 9.74765 ], [ -82.82028, 9.74115 ], [ -82.82793, 9.73466 ], [ -82.83211, 9.73451 ], [ -82.83878, 9.7364 ], [ -82.84062, 9.74102 ], [ -82.84622, 9.74004 ], [ -82.85222, 9.74323 ], [ -82.85454, 9.74717 ], [ -82.86529, 9.75548 ], [ -82.89242, 9.79552 ], [ -82.89575, 9.79681 ], [ -82.89518, 9.79839 ], [ -82.93285, 9.84287 ], [ -82.93469, 9.84346 ], [ -82.9375, 9.84914 ], [ -82.95578, 9.87288 ], [ -82.95982, 9.87581 ], [ -82.96099, 9.87913 ], [ -82.99622, 9.92431 ], [ -82.99702, 9.92769 ], [ -83.02188, 9.95877 ], [ -83.03081, 9.97707 ], [ -83.0303, 9.98711 ], [ -83.03569, 9.98685 ], [ -83.03494, 9.98772 ], [ -83.02861, 9.98979 ], [ -83.02671, 9.98717 ], [ -83.02753, 9.98978 ], [ -83.02511, 9.99028 ], [ -83.02384, 9.98865 ], [ -83.02503, 9.99033 ], [ -83.02405, 9.99113 ], [ -83.02007, 9.98824 ], [ -83.02011, 9.99015 ], [ -83.02808, 9.99572 ], [ -83.02499, 10.001 ], [ -83.0274, 10.00276 ], [ -83.0318, 10.00281 ], [ -83.03521, 10.00548 ], [ -83.03263, 10.00588 ], [ -83.03532, 10.00818 ], [ -83.0366, 10.00611 ], [ -83.03892, 10.00656 ], [ -83.04218, 10.00934 ], [ -83.04576, 10.00921 ], [ -83.04564, 10.01081 ], [ -83.04736, 10.0114 ], [ -83.05072, 10.01189 ], [ -83.05177, 10.01021 ], [ -83.05863, 10.00963 ], [ -83.05914, 10.00841 ], [ -83.06239, 10.00894 ], [ -83.06377, 10.01023 ], [ -83.06228, 10.0135 ], [ -83.06426, 10.01499 ], [ -83.06619, 10.01419 ], [ -83.06648, 10.01102 ], [ -83.06802, 10.01294 ], [ -83.07316, 10.01317 ], [ -83.07742, 10.0108 ], [ -83.07892, 10.01182 ], [ -83.07668, 10.00745 ], [ -83.07811, 9.99961 ], [ -83.07955, 10.00027 ], [ -83.07963, 10.00553 ], [ -83.07993, 10.00165 ], [ -83.08954, 10.00124 ], [ -83.10078, 10.00494 ], [ -83.10723, 10.00978 ], [ -83.13378, 10.03983 ], [ -83.1892, 10.11648 ], [ -83.19655, 10.1225 ], [ -83.21961, 10.14803 ], [ -83.26634, 10.21045 ], [ -83.2753, 10.22078 ], [ -83.27907, 10.22103 ], [ -83.27917, 10.22411 ], [ -83.29752, 10.24365 ], [ -83.3205, 10.27156 ], [ -83.32259, 10.27251 ], [ -83.33491, 10.29003 ], [ -83.35679, 10.31643 ], [ -83.35485, 10.30665 ], [ -83.3498, 10.29851 ], [ -83.34425, 10.2948 ], [ -83.34235, 10.29177 ], [ -83.34296, 10.29031 ], [ -83.34884, 10.2929 ], [ -83.35062, 10.28853 ], [ -83.35584, 10.29015 ], [ -83.35829, 10.28802 ], [ -83.36139, 10.28945 ], [ -83.36469, 10.28818 ], [ -83.36668, 10.29035 ], [ -83.36303, 10.29179 ], [ -83.3628, 10.29474 ], [ -83.36604, 10.29619 ], [ -83.36753, 10.29224 ], [ -83.36972, 10.29207 ], [ -83.37036, 10.29378 ], [ -83.36818, 10.2977 ], [ -83.37034, 10.30037 ], [ -83.37445, 10.29955 ], [ -83.37748, 10.29406 ], [ -83.37946, 10.29403 ], [ -83.37763, 10.29947 ], [ -83.37996, 10.30403 ], [ -83.38158, 10.30292 ], [ -83.38327, 10.29577 ], [ -83.38501, 10.29631 ], [ -83.3856, 10.3019 ], [ -83.38808, 10.30336 ], [ -83.3953, 10.29439 ], [ -83.39443, 10.30077 ], [ -83.39548, 10.30326 ], [ -83.39741, 10.30367 ], [ -83.40152, 10.30038 ], [ -83.39868, 10.29447 ], [ -83.40065, 10.294 ], [ -83.40414, 10.29655 ], [ -83.40561, 10.29539 ], [ -83.40254, 10.29156 ], [ -83.40438, 10.28881 ], [ -83.40832, 10.28834 ], [ -83.40489, 10.28527 ], [ -83.40536, 10.28421 ], [ -83.40914, 10.28606 ], [ -83.41323, 10.28533 ], [ -83.41668, 10.2898 ], [ -83.41902, 10.28766 ], [ -83.42147, 10.28851 ], [ -83.42466, 10.2874 ], [ -83.42725, 10.29085 ], [ -83.42822, 10.28645 ], [ -83.43743, 10.2879 ], [ -83.43763, 10.28475 ], [ -83.43893, 10.28408 ], [ -83.44463, 10.2912 ], [ -83.44929, 10.28815 ], [ -83.4529, 10.28948 ], [ -83.45578, 10.28644 ], [ -83.45861, 10.28854 ], [ -83.46231, 10.28724 ], [ -83.46643, 10.28944 ], [ -83.47043, 10.28868 ], [ -83.47561, 10.28402 ], [ -83.47909, 10.28628 ], [ -83.48092, 10.28108 ], [ -83.48104, 10.28363 ], [ -83.4825, 10.28463 ], [ -83.48755, 10.28216 ], [ -83.48865, 10.28045 ], [ -83.48732, 10.27432 ], [ -83.48563, 10.2736 ], [ -83.48416, 10.27644 ], [ -83.47936, 10.2712 ], [ -83.48304, 10.27149 ], [ -83.48198, 10.26589 ], [ -83.48535, 10.26417 ], [ -83.48118, 10.26243 ], [ -83.48296, 10.26167 ], [ -83.48298, 10.25883 ], [ -83.48666, 10.25691 ], [ -83.48479, 10.2516 ], [ -83.48997, 10.2519 ], [ -83.49104, 10.25051 ], [ -83.48912, 10.2435 ], [ -83.49148, 10.24654 ], [ -83.49376, 10.24262 ], [ -83.49946, 10.24515 ], [ -83.49945, 10.24097 ], [ -83.5029, 10.2376 ], [ -83.50451, 10.23227 ], [ -83.50872, 10.23264 ], [ -83.50789, 10.23724 ], [ -83.51319, 10.23472 ], [ -83.51566, 10.23778 ], [ -83.51729, 10.23664 ], [ -83.51776, 10.23179 ], [ -83.52131, 10.23251 ], [ -83.52789, 10.22941 ], [ -83.53063, 10.23541 ], [ -83.5365, 10.22828 ], [ -83.54065, 10.2276 ], [ -83.5429, 10.22902 ], [ -83.54741, 10.2231 ], [ -83.54993, 10.22427 ], [ -83.55253, 10.22262 ], [ -83.55195, 10.22022 ], [ -83.55387, 10.21925 ], [ -83.55182, 10.21844 ], [ -83.55313, 10.21807 ], [ -83.55243, 10.21661 ], [ -83.55448, 10.21455 ], [ -83.56013, 10.21434 ], [ -83.56238, 10.21 ], [ -83.56104, 10.20932 ], [ -83.56134, 10.20616 ], [ -83.56361, 10.20539 ], [ -83.56432, 10.20254 ], [ -83.57022, 10.20297 ], [ -83.57223, 10.20647 ], [ -83.57371, 10.20144 ], [ -83.57522, 10.20069 ], [ -83.57713, 10.202 ], [ -83.57973, 10.1874 ], [ -83.58925, 10.1806 ], [ -83.5964, 10.16671 ], [ -83.5961, 10.16458 ], [ -83.60262, 10.16101 ], [ -83.60814, 10.15166 ], [ -83.61261, 10.1473 ], [ -83.60847, 10.14502 ], [ -83.61063, 10.14021 ], [ -83.60886, 10.14076 ], [ -83.60338, 10.1378 ], [ -83.60656, 10.13364 ], [ -83.60772, 10.12755 ], [ -83.61011, 10.12893 ], [ -83.61026, 10.11884 ], [ -83.6134, 10.11552 ], [ -83.6149, 10.11016 ], [ -83.61594, 10.0953 ], [ -83.61779, 10.09383 ], [ -83.61772, 10.09154 ], [ -83.62288, 10.08192 ], [ -83.62314, 10.07543 ], [ -83.62879, 10.07124 ], [ -83.63749, 10.06836 ], [ -83.64058, 10.06383 ], [ -83.66322, 10.05446 ], [ -83.67077, 10.05568 ], [ -83.67919, 10.05456 ], [ -83.68508, 10.04488 ], [ -83.61344, 10.05603 ], [ -83.61898, 10.03073 ], [ -83.64952, 10.03396 ], [ -83.67148, 10.0257 ], [ -83.66676, 10.02384 ], [ -83.66481, 10.01947 ], [ -83.65938, 10.01661 ], [ -83.65808, 10.01629 ], [ -83.65663, 10.01835 ], [ -83.65176, 10.01468 ], [ -83.64949, 10.01501 ], [ -83.6454, 10.01106 ], [ -83.64187, 10.00969 ], [ -83.63949, 10.01044 ], [ -83.63773, 10.00866 ], [ -83.63712, 10.0045 ], [ -83.6344, 10.00612 ], [ -83.63058, 9.99982 ], [ -83.62904, 10.00092 ], [ -83.62474, 9.99953 ], [ -83.61767, 9.98782 ], [ -83.60509, 9.98186 ], [ -83.55128, 9.98184 ], [ -83.55201, 9.98056 ], [ -83.54944, 9.97914 ], [ -83.54892, 9.97543 ], [ -83.54267, 9.97484 ] ] ], [ [ [ -83.54257, 9.97475 ], [ -83.5426, 9.97478 ], [ -83.54262, 9.97476 ], [ -83.54257, 9.97475 ] ] ] ] } },
{ "type": "Feature", "properties": { "siglas_ac": "ACOSA", "nombre_ac": "Osa", "area_km2": 4287.4 }, "geometry": { "type": "Polygon", "coordinates": [ [ [ -82.90321, 8.73373 ], [ -82.90574, 8.73145 ], [ -82.90528, 8.72846 ], [ -82.91181, 8.72507 ], [ -82.90793, 8.71383 ], [ -82.91137, 8.70231 ], [ -82.91018, 8.69671 ], [ -82.91613, 8.69603 ], [ -82.91981, 8.7016 ], [ -82.92463, 8.70029 ], [ -82.92867, 8.70212 ], [ -82.93813, 8.69894 ], [ -82.94674, 8.69038 ], [ -82.94892, 8.69056 ], [ -82.95993, 8.69556 ], [ -82.96821, 8.70589 ], [ -82.96813, 8.70767 ], [ -82.97268, 8.71206 ], [ -82.9731, 8.71592 ], [ -82.97947, 8.72463 ], [ -82.98096, 8.73057 ], [ -82.98339, 8.7334 ], [ -82.98236, 8.73592 ], [ -82.98454, 8.73941 ], [ -82.98176, 8.75196 ], [ -82.98336, 8.75723 ], [ -82.97865, 8.76309 ], [ -82.97665, 8.76399 ], [ -82.97189, 8.76253 ], [ -82.96919, 8.76404 ], [ -82.97413, 8.76913 ], [ -82.97392, 8.77653 ], [ -82.97946, 8.78215 ], [ -82.99402, 8.78573 ], [ -83.00045, 8.78476 ], [ -83.00212, 8.78641 ], [ -83.01836, 8.78381 ], [ -83.02932, 8.7886 ], [ -83.03282, 8.78835 ], [ -83.03539, 8.78416 ], [ -83.0401, 8.78324 ], [ -83.04164, 8.77868 ], [ -83.04667, 8.77479 ], [ -83.04816, 8.77767 ], [ -83.05711, 8.78038 ], [ -83.06344, 8.7798 ], [ -83.07261, 8.77645 ], [ -83.08057, 8.77691 ], [ -83.08398, 8.77521 ], [ -83.09037, 8.7767 ], [ -83.09597, 8.77505 ], [ -83.10399, 8.78071 ], [ -83.11484, 8.7799 ], [ -83.12099, 8.78347 ], [ -83.12709, 8.78445 ], [ -83.13454, 8.78861 ], [ -83.13909, 8.79437 ], [ -83.14232, 8.79437 ], [ -83.15529, 8.80201 ], [ -83.15988, 8.80264 ], [ -83.15949, 8.80576 ], [ -83.1578, 8.80714 ], [ -83.16002, 8.81032 ], [ -83.15965, 8.81219 ], [ -83.16289, 8.81481 ], [ -83.16621, 8.81161 ], [ -83.17125, 8.81765 ], [ -83.17634, 8.82043 ], [ -83.1866, 8.84439 ], [ -83.19481, 8.84994 ], [ -83.19751, 8.85713 ], [ -83.20777, 8.86486 ], [ -83.21565, 8.87438 ], [ -83.22721, 8.88115 ], [ -83.22823, 8.88306 ], [ -83.23529, 8.88435 ], [ -83.23549, 8.88837 ], [ -83.23786, 8.89257 ], [ -83.24969, 8.90565 ], [ -83.24776, 8.91478 ], [ -83.25304, 8.91792 ], [ -83.25944, 8.91655 ], [ -83.27119, 8.9217 ], [ -83.27179, 8.92656 ], [ -83.27635, 8.92839 ], [ -83.27966, 8.93189 ], [ -83.28166, 8.92914 ], [ -83.28675, 8.92885 ], [ -83.29016, 8.92644 ], [ -83.29284, 8.92701 ], [ -83.30165, 8.93622 ], [ -83.31879, 8.94526 ], [ -83.32081, 8.9443 ], [ -83.33057, 8.94672 ], [ -83.33617, 8.94198 ], [ -83.34173, 8.94047 ], [ -83.34834, 8.94393 ], [ -83.35654, 8.94487 ], [ -83.371, 8.95522 ], [ -83.3682, 8.96338 ], [ -83.36846, 8.97511 ], [ -83.37305, 8.98029 ], [ -83.39006, 8.98704 ], [ -83.39674, 8.98634 ], [ -83.39911, 8.98787 ], [ -83.40269, 8.99468 ], [ -83.4115, 8.99536 ], [ -83.4139, 8.99329 ], [ -83.41538, 8.99042 ], [ -83.41339, 8.98761 ], [ -83.41345, 8.98105 ], [ -83.41455, 8.9776 ], [ -83.417, 8.97669 ], [ -83.42407, 8.98124 ], [ -83.42665, 8.98743 ], [ -83.43145, 8.99135 ], [ -83.43793, 8.99 ], [ -83.44399, 8.99119 ], [ -83.44687, 8.99356 ], [ -83.4532, 8.99542 ], [ -83.45949, 8.99468 ], [ -83.46939, 8.99609 ], [ -83.47211, 8.99989 ], [ -83.47557, 8.99978 ], [ -83.4738, 9.00603 ], [ -83.47466, 9.00795 ], [ -83.47887, 9.01145 ], [ -83.48764, 9.01407 ], [ -83.48897, 9.01787 ], [ -83.49141, 9.01818 ], [ -83.49625, 9.02258 ], [ -83.49472, 9.02353 ], [ -83.49557, 9.0251 ], [ -83.49415, 9.028 ], [ -83.49623, 9.03119 ], [ -83.4986, 9.03305 ], [ -83.50139, 9.03221 ], [ -83.50483, 9.03497 ], [ -83.50661, 9.03415 ], [ -83.50969, 9.03535 ], [ -83.51572, 9.04444 ], [ -83.52198, 9.04666 ], [ -83.52625, 9.04631 ], [ -83.53179, 9.05047 ], [ -83.53852, 9.04873 ], [ -83.55017, 9.05092 ], [ -83.55548, 9.05439 ], [ -83.55958, 9.05304 ], [ -83.56352, 9.05821 ], [ -83.56231, 9.0652 ], [ -83.55193, 9.0703 ], [ -83.55391, 9.07452 ], [ -83.54918, 9.08004 ], [ -83.54955, 9.08308 ], [ -83.55814, 9.0857 ], [ -83.56278, 9.08477 ], [ -83.57023, 9.08658 ], [ -83.58011, 9.09614 ], [ -83.58331, 9.10228 ], [ -83.59111, 9.10753 ], [ -83.59864, 9.10969 ], [ -83.60527, 9.11395 ], [ -83.60573, 9.11804 ], [ -83.61218, 9.1239 ], [ -83.61545, 9.12546 ], [ -83.62007, 9.12355 ], [ -83.62854, 9.12487 ], [ -83.6413, 9.12904 ], [ -83.64933, 9.13337 ], [ -83.65554, 9.14577 ], [ -83.66065, 9.14752 ], [ -83.66633, 9.15282 ], [ -83.67245, 9.15412 ], [ -83.67703, 9.16876 ], [ -83.6773, 9.17574 ], [ -83.6764, 9.1773 ], [ -83.67175, 9.17637 ], [ -83.66903, 9.18258 ], [ -83.67175, 9.18518 ], [ -83.67744, 9.19687 ], [ -83.67929, 9.19739 ], [ -83.68331, 9.20265 ], [ -83.68388, 9.20711 ], [ -83.69006, 9.21181 ], [ -83.69535, 9.21203 ], [ -83.69969, 9.21399 ], [ -83.70509, 9.21951 ], [ -83.70469, 9.22387 ], [ -83.70597, 9.22521 ], [ -83.70944, 9.22481 ], [ -83.7108, 9.22077 ], [ -83.71762, 9.2203 ], [ -83.72429, 9.22067 ], [ -83.73511, 9.22394 ], [ -83.74105, 9.23764 ], [ -83.74218, 9.23933 ], [ -83.74388, 9.23906 ], [ -83.74803, 9.24432 ], [ -83.753, 9.24222 ], [ -83.75728, 9.24378 ], [ -83.76031, 9.23915 ], [ -83.75319, 9.22726 ], [ -83.75412, 9.22482 ], [ -83.75272, 9.22179 ], [ -83.75647, 9.21757 ], [ -83.7622, 9.21558 ], [ -83.76809, 9.2155 ], [ -83.77091, 9.2189 ], [ -83.7739, 9.21791 ], [ -83.77684, 9.22136 ], [ -83.78019, 9.22013 ], [ -83.78807, 9.22514 ], [ -83.79066, 9.22388 ], [ -83.79792, 9.22498 ], [ -83.80016, 9.22397 ], [ -83.81217, 9.23158 ], [ -83.81894, 9.24222 ], [ -83.82396, 9.24496 ], [ -83.82656, 9.24868 ], [ -83.83642, 9.25533 ], [ -83.84207, 9.25645 ], [ -83.84583, 9.26016 ], [ -83.8505, 9.26848 ], [ -83.85336, 9.28108 ], [ -83.8588, 9.2769 ], [ -83.85872, 9.27069 ], [ -83.86288, 9.25908 ], [ -83.86573, 9.25551 ], [ -83.86942, 9.2548 ], [ -83.85377, 9.24412 ], [ -83.8498, 9.23862 ], [ -83.84618, 9.23773 ], [ -83.8425, 9.23385 ], [ -83.84089, 9.22658 ], [ -83.84185, 9.22409 ], [ -83.84528, 9.22242 ], [ -83.84478, 9.22071 ], [ -83.84366, 9.22016 ], [ -83.84165, 9.22302 ], [ -83.83797, 9.22253 ], [ -83.83407, 9.21755 ], [ -83.83108, 9.21823 ], [ -83.82305, 9.21157 ], [ -83.8182, 9.21331 ], [ -83.81426, 9.2103 ], [ -83.81071, 9.21045 ], [ -83.80861, 9.2061 ], [ -83.80462, 9.20353 ], [ -83.80277, 9.20492 ], [ -83.79536, 9.204 ], [ -83.7903, 9.19976 ], [ -83.78929, 9.19616 ], [ -83.78653, 9.19556 ], [ -83.78621, 9.19692 ], [ -83.78455, 9.1968 ], [ -83.77922, 9.19292 ], [ -83.76857, 9.18151 ], [ -83.75958, 9.16626 ], [ -83.75739, 9.15142 ], [ -83.74842, 9.15386 ], [ -83.73596, 9.15011 ], [ -83.72817, 9.1455 ], [ -83.72789, 9.1428 ], [ -83.72367, 9.13882 ], [ -83.72319, 9.13472 ], [ -83.72136, 9.13251 ], [ -83.71637, 9.13153 ], [ -83.71284, 9.1278 ], [ -83.71325, 9.12631 ], [ -83.71103, 9.12585 ], [ -83.7052, 9.11822 ], [ -83.69391, 9.11075 ], [ -83.69302, 9.10856 ], [ -83.69422, 9.107 ], [ -83.68611, 9.09894 ], [ -83.6863, 9.09658 ], [ -83.68876, 9.09551 ], [ -83.6824, 9.0956 ], [ -83.68048, 9.09181 ], [ -83.6778, 9.09177 ], [ -83.67673, 9.08791 ], [ -83.67944, 9.08354 ], [ -83.67745, 9.08337 ], [ -83.67527, 9.08075 ], [ -83.66965, 9.07996 ], [ -83.66777, 9.07382 ], [ -83.66627, 9.0734 ], [ -83.6673, 9.07801 ], [ -83.66468, 9.07292 ], [ -83.65743, 9.07066 ], [ -83.65109, 9.06441 ], [ -83.64979, 9.06476 ], [ -83.64867, 9.06078 ], [ -83.64252, 9.05373 ], [ -83.6431, 9.05759 ], [ -83.64199, 9.05568 ], [ -83.64199, 9.05433 ], [ -83.64249, 9.05314 ], [ -83.64058, 9.05461 ], [ -83.64083, 9.05408 ], [ -83.64145, 9.05325 ], [ -83.6424, 9.05283 ], [ -83.64133, 9.05159 ], [ -83.64075, 9.05139 ], [ -83.64081, 9.05261 ], [ -83.64036, 9.05296 ], [ -83.64078, 9.05243 ], [ -83.64063, 9.0512 ], [ -83.64058, 9.05255 ], [ -83.63818, 9.05049 ], [ -83.6312, 9.05016 ], [ -83.62928, 9.04851 ], [ -83.63341, 9.04954 ], [ -83.62805, 9.04357 ], [ -83.62582, 9.04376 ], [ -83.63294, 9.04112 ], [ -83.63592, 9.04619 ], [ -83.64789, 9.05024 ], [ -83.65339, 9.05588 ], [ -83.65383, 9.05498 ], [ -83.65546, 9.05854 ], [ -83.65655, 9.05797 ], [ -83.65575, 9.05909 ], [ -83.65829, 9.06254 ], [ -83.65813, 9.06284 ], [ -83.65727, 9.06315 ], [ -83.65793, 9.06554 ], [ -83.66026, 9.06537 ], [ -83.66084, 9.06282 ], [ -83.65895, 9.05879 ], [ -83.64096, 9.03505 ], [ -83.63358, 9.01884 ], [ -83.63197, 9.00785 ], [ -83.63245, 8.98176 ], [ -83.63035, 8.96405 ], [ -83.62591, 8.95581 ], [ -83.62061, 8.9546 ], [ -83.62429, 8.95154 ], [ -83.62224, 8.91782 ], [ -83.61819, 8.9179 ], [ -83.61786, 8.91937 ], [ -83.61163, 8.92343 ], [ -83.60572, 8.92181 ], [ -83.60484, 8.91963 ], [ -83.60161, 8.91807 ], [ -83.60269, 8.91606 ], [ -83.60014, 8.90743 ], [ -83.60231, 8.89982 ], [ -83.59392, 8.89491 ], [ -83.59216, 8.89216 ], [ -83.59222, 8.88879 ], [ -83.59467, 8.88714 ], [ -83.60846, 8.89177 ], [ -83.61138, 8.89329 ], [ -83.61413, 8.89746 ], [ -83.61566, 8.89751 ], [ -83.61865, 8.89361 ], [ -83.61787, 8.87473 ], [ -83.61572, 8.87168 ], [ -83.61322, 8.87273 ], [ -83.6042, 8.8709 ], [ -83.60087, 8.86773 ], [ -83.59547, 8.86556 ], [ -83.59526, 8.86406 ], [ -83.59398, 8.86491 ], [ -83.58969, 8.86214 ], [ -83.58902, 8.85966 ], [ -83.58609, 8.85758 ], [ -83.5866, 8.85469 ], [ -83.5849, 8.85473 ], [ -83.58494, 8.85399 ], [ -83.58558, 8.85355 ], [ -83.58045, 8.84758 ], [ -83.58212, 8.84451 ], [ -83.58715, 8.8432 ], [ -83.58997, 8.84539 ], [ -83.59733, 8.84566 ], [ -83.60104, 8.83889 ], [ -83.60177, 8.83443 ], [ -83.60422, 8.83392 ], [ -83.60554, 8.8356 ], [ -83.60918, 8.82684 ], [ -83.61092, 8.8264 ], [ -83.61248, 8.82781 ], [ -83.61777, 8.82571 ], [ -83.61965, 8.82067 ], [ -83.62502, 8.82047 ], [ -83.62569, 8.82282 ], [ -83.63341, 8.81648 ], [ -83.63576, 8.81753 ], [ -83.63653, 8.81392 ], [ -83.63899, 8.81354 ], [ -83.64048, 8.81116 ], [ -83.64199, 8.80525 ], [ -83.64604, 8.80189 ], [ -83.64603, 8.7989 ], [ -83.65245, 8.79422 ], [ -83.65088, 8.79238 ], [ -83.64657, 8.7936 ], [ -83.64541, 8.78959 ], [ -83.63793, 8.77843 ], [ -83.63326, 8.77944 ], [ -83.62486, 8.78419 ], [ -83.62568, 8.78521 ], [ -83.6237, 8.78596 ], [ -83.62318, 8.78854 ], [ -83.61948, 8.78835 ], [ -83.61531, 8.78609 ], [ -83.62, 8.77603 ], [ -83.61876, 8.77425 ], [ -83.62107, 8.77613 ], [ -83.62275, 8.77417 ], [ -83.63082, 8.77186 ], [ -83.63382, 8.77249 ], [ -83.63426, 8.77435 ], [ -83.63872, 8.77397 ], [ -83.64003, 8.77125 ], [ -83.64191, 8.77168 ], [ -83.64747, 8.76777 ], [ -83.64354, 8.75689 ], [ -83.64115, 8.73752 ], [ -83.63873, 8.73601 ], [ -83.64548, 8.73448 ], [ -83.64937, 8.73143 ], [ -83.64907, 8.71217 ], [ -83.65395, 8.69791 ], [ -83.6658, 8.69062 ], [ -83.67084, 8.6908 ], [ -83.67541, 8.69628 ], [ -83.68545, 8.69315 ], [ -83.6913, 8.69436 ], [ -83.69982, 8.6886 ], [ -83.70336, 8.68937 ], [ -83.71029, 8.68519 ], [ -83.71148, 8.67803 ], [ -83.71539, 8.67593 ], [ -83.71593, 8.67427 ], [ -83.7146, 8.6702 ], [ -83.71626, 8.66616 ], [ -83.7143, 8.6635 ], [ -83.71308, 8.6563 ], [ -83.71439, 8.64931 ], [ -83.71968, 8.64708 ], [ -83.72235, 8.6435 ], [ -83.73177, 8.64261 ], [ -83.73236, 8.63838 ], [ -83.72984, 8.63591 ], [ -83.72978, 8.63041 ], [ -83.7317, 8.62927 ], [ -83.73169, 8.62764 ], [ -83.73444, 8.62748 ], [ -83.73563, 8.62246 ], [ -83.73957, 8.62345 ], [ -83.73519, 8.62142 ], [ -83.73655, 8.62009 ], [ -83.73541, 8.61809 ], [ -83.73562, 8.60595 ], [ -83.73385, 8.60265 ], [ -83.73475, 8.59893 ], [ -83.73181, 8.59181 ], [ -83.72255, 8.58309 ], [ -83.71989, 8.58281 ], [ -83.7194, 8.58561 ], [ -83.71686, 8.58611 ], [ -83.71461, 8.58244 ], [ -83.7093, 8.58331 ], [ -83.70166, 8.57827 ], [ -83.70311, 8.57794 ], [ -83.66149, 8.53712 ], [ -83.6531, 8.52571 ], [ -83.65064, 8.52643 ], [ -83.64802, 8.52062 ], [ -83.60522, 8.48876 ], [ -83.59311, 8.4731 ], [ -83.59225, 8.47064 ], [ -83.59351, 8.46656 ], [ -83.59193, 8.46599 ], [ -83.58779, 8.45841 ], [ -83.57108, 8.4508 ], [ -83.56868, 8.44824 ], [ -83.57033, 8.4437 ], [ -83.56624, 8.44054 ], [ -83.56438, 8.44067 ], [ -83.5635, 8.44286 ], [ -83.54554, 8.43984 ], [ -83.54102, 8.44371 ], [ -83.51281, 8.44877 ], [ -83.48445, 8.44711 ], [ -83.45844, 8.44153 ], [ -83.42937, 8.43235 ], [ -83.38524, 8.4121 ], [ -83.33156, 8.39253 ], [ -83.30138, 8.37735 ], [ -83.29151, 8.37488 ], [ -83.27794, 8.38683 ], [ -83.27985, 8.39142 ], [ -83.27839, 8.39503 ], [ -83.28126, 8.39821 ], [ -83.27994, 8.40463 ], [ -83.28133, 8.41 ], [ -83.27972, 8.413 ], [ -83.27983, 8.4188 ], [ -83.27464, 8.42445 ], [ -83.27291, 8.43018 ], [ -83.27393, 8.43361 ], [ -83.27757, 8.43562 ], [ -83.2845, 8.44693 ], [ -83.28303, 8.45231 ], [ -83.27162, 8.46573 ], [ -83.2761, 8.47401 ], [ -83.27781, 8.48078 ], [ -83.28477, 8.48478 ], [ -83.29133, 8.49598 ], [ -83.29207, 8.50101 ], [ -83.28478, 8.533 ], [ -83.28449, 8.54161 ], [ -83.28767, 8.54199 ], [ -83.29169, 8.53756 ], [ -83.28893, 8.53767 ], [ -83.28526, 8.53406 ], [ -83.28554, 8.53257 ], [ -83.28688, 8.53164 ], [ -83.28786, 8.53237 ], [ -83.28583, 8.53284 ], [ -83.28664, 8.53465 ], [ -83.29322, 8.5361 ], [ -83.29447, 8.53526 ], [ -83.29928, 8.53983 ], [ -83.30431, 8.54126 ], [ -83.30617, 8.54033 ], [ -83.30746, 8.54292 ], [ -83.30657, 8.54788 ], [ -83.31582, 8.55612 ], [ -83.32409, 8.57107 ], [ -83.32926, 8.57141 ], [ -83.32936, 8.56707 ], [ -83.33426, 8.56864 ], [ -83.3351, 8.56753 ], [ -83.33893, 8.57148 ], [ -83.34678, 8.5731 ], [ -83.35268, 8.5761 ], [ -83.37294, 8.57492 ], [ -83.37739, 8.57946 ], [ -83.37741, 8.5845 ], [ -83.38635, 8.58422 ], [ -83.39192, 8.58891 ], [ -83.39889, 8.59228 ], [ -83.40896, 8.60432 ], [ -83.416, 8.60961 ], [ -83.41684, 8.61336 ], [ -83.41866, 8.61279 ], [ -83.42109, 8.61542 ], [ -83.427, 8.61802 ], [ -83.42835, 8.62202 ], [ -83.42751, 8.62579 ], [ -83.43096, 8.62657 ], [ -83.43308, 8.63146 ], [ -83.43531, 8.63408 ], [ -83.43671, 8.63387 ], [ -83.43552, 8.64067 ], [ -83.4331, 8.64491 ], [ -83.43469, 8.65067 ], [ -83.43301, 8.65285 ], [ -83.43474, 8.65901 ], [ -83.43842, 8.66253 ], [ -83.44036, 8.6625 ], [ -83.44308, 8.66707 ], [ -83.44918, 8.66758 ], [ -83.44925, 8.66873 ], [ -83.44713, 8.66916 ], [ -83.44514, 8.66742 ], [ -83.44328, 8.66856 ], [ -83.44956, 8.67509 ], [ -83.45117, 8.67379 ], [ -83.44915, 8.67233 ], [ -83.45401, 8.67111 ], [ -83.45563, 8.67206 ], [ -83.4509, 8.67235 ], [ -83.45177, 8.67535 ], [ -83.45621, 8.67747 ], [ -83.45668, 8.68142 ], [ -83.45844, 8.68197 ], [ -83.4578, 8.68464 ], [ -83.46054, 8.68669 ], [ -83.46488, 8.68622 ], [ -83.46375, 8.683 ], [ -83.46569, 8.68533 ], [ -83.46705, 8.68099 ], [ -83.46628, 8.67962 ], [ -83.46773, 8.67964 ], [ -83.46985, 8.6828 ], [ -83.46969, 8.68452 ], [ -83.46758, 8.68404 ], [ -83.46822, 8.68594 ], [ -83.4665, 8.68614 ], [ -83.46698, 8.69172 ], [ -83.46966, 8.69761 ], [ -83.4719, 8.69738 ], [ -83.4708, 8.69979 ], [ -83.47178, 8.7016 ], [ -83.47542, 8.69904 ], [ -83.47434, 8.69667 ], [ -83.47641, 8.69746 ], [ -83.47441, 8.69351 ], [ -83.47588, 8.69529 ], [ -83.48238, 8.69396 ], [ -83.48508, 8.70202 ], [ -83.48434, 8.71187 ], [ -83.48173, 8.71462 ], [ -83.48017, 8.71969 ], [ -83.47379, 8.72141 ], [ -83.46871, 8.71969 ], [ -83.46799, 8.72286 ], [ -83.46433, 8.72629 ], [ -83.46053, 8.72572 ], [ -83.45589, 8.72185 ], [ -83.44402, 8.72457 ], [ -83.44307, 8.72278 ], [ -83.43942, 8.72239 ], [ -83.43843, 8.71734 ], [ -83.43611, 8.71682 ], [ -83.43312, 8.71343 ], [ -83.42774, 8.71526 ], [ -83.4248, 8.71881 ], [ -83.41808, 8.7195 ], [ -83.41657, 8.72519 ], [ -83.4071, 8.73148 ], [ -83.40759, 8.73349 ], [ -83.40476, 8.73653 ], [ -83.40048, 8.73663 ], [ -83.39791, 8.73314 ], [ -83.39509, 8.73614 ], [ -83.39347, 8.73118 ], [ -83.39114, 8.73071 ], [ -83.39169, 8.73284 ], [ -83.38699, 8.7348 ], [ -83.38331, 8.74014 ], [ -83.37997, 8.73998 ], [ -83.3834, 8.74503 ], [ -83.38103, 8.7466 ], [ -83.37408, 8.74406 ], [ -83.37253, 8.73878 ], [ -83.37332, 8.73499 ], [ -83.36798, 8.73817 ], [ -83.36239, 8.73702 ], [ -83.36135, 8.73519 ], [ -83.35449, 8.73238 ], [ -83.35384, 8.73571 ], [ -83.3468, 8.73664 ], [ -83.34157, 8.7289 ], [ -83.33163, 8.72501 ], [ -83.33539, 8.72462 ], [ -83.33221, 8.71877 ], [ -83.33573, 8.71423 ], [ -83.33405, 8.71383 ], [ -83.33309, 8.71618 ], [ -83.33244, 8.71429 ], [ -83.32384, 8.71803 ], [ -83.32494, 8.71663 ], [ -83.32186, 8.71553 ], [ -83.32223, 8.71514 ], [ -83.32313, 8.71498 ], [ -83.32662, 8.71593 ], [ -83.32561, 8.71457 ], [ -83.32943, 8.71284 ], [ -83.33126, 8.70947 ], [ -83.32956, 8.70544 ], [ -83.33314, 8.70198 ], [ -83.3267, 8.6897 ], [ -83.32736, 8.68607 ], [ -83.33069, 8.6852 ], [ -83.32879, 8.68239 ], [ -83.32917, 8.68056 ], [ -83.32718, 8.67861 ], [ -83.32205, 8.67728 ], [ -83.32183, 8.67476 ], [ -83.32018, 8.67371 ], [ -83.30639, 8.67286 ], [ -83.30512, 8.66842 ], [ -83.30067, 8.66662 ], [ -83.29533, 8.65363 ], [ -83.29336, 8.65405 ], [ -83.29221, 8.65712 ], [ -83.29008, 8.65803 ], [ -83.28611, 8.65839 ], [ -83.2848, 8.65726 ], [ -83.27705, 8.66021 ], [ -83.27233, 8.65638 ], [ -83.26354, 8.65774 ], [ -83.25467, 8.65711 ], [ -83.25152, 8.65115 ], [ -83.2521, 8.64913 ], [ -83.25004, 8.6484 ], [ -83.24653, 8.63764 ], [ -83.24365, 8.6329 ], [ -83.23878, 8.6298 ], [ -83.23708, 8.62677 ], [ -83.23563, 8.63216 ], [ -83.23298, 8.63335 ], [ -83.23562, 8.63504 ], [ -83.23393, 8.63958 ], [ -83.22505, 8.64128 ], [ -83.21739, 8.63645 ], [ -83.21688, 8.63176 ], [ -83.21451, 8.6311 ], [ -83.21287, 8.62868 ], [ -83.20652, 8.63182 ], [ -83.20448, 8.63032 ], [ -83.20399, 8.62707 ], [ -83.19734, 8.62857 ], [ -83.19479, 8.62561 ], [ -83.1823, 8.62181 ], [ -83.17729, 8.62566 ], [ -83.17661, 8.63229 ], [ -83.17442, 8.63457 ], [ -83.17567, 8.63557 ], [ -83.17729, 8.63477 ], [ -83.17672, 8.63907 ], [ -83.18179, 8.63909 ], [ -83.18309, 8.64031 ], [ -83.18454, 8.63873 ], [ -83.1839, 8.64302 ], [ -83.18201, 8.64133 ], [ -83.17584, 8.64113 ], [ -83.17704, 8.64429 ], [ -83.17502, 8.64444 ], [ -83.17167, 8.64289 ], [ -83.17074, 8.63877 ], [ -83.16825, 8.63656 ], [ -83.16429, 8.63617 ], [ -83.1544, 8.62373 ], [ -83.14138, 8.61414 ], [ -83.13989, 8.60909 ], [ -83.13478, 8.60377 ], [ -83.13531, 8.6004 ], [ -83.1313, 8.60261 ], [ -83.12388, 8.60084 ], [ -83.12312, 8.59417 ], [ -83.12603, 8.59187 ], [ -83.12999, 8.59111 ], [ -83.13049, 8.58922 ], [ -83.13246, 8.58848 ], [ -83.13524, 8.5907 ], [ -83.13917, 8.5907 ], [ -83.13986, 8.58428 ], [ -83.15613, 8.57796 ], [ -83.15986, 8.57833 ], [ -83.15903, 8.57927 ], [ -83.16048, 8.58036 ], [ -83.16259, 8.57996 ], [ -83.1624, 8.57785 ], [ -83.16282, 8.57989 ], [ -83.15959, 8.5809 ], [ -83.16014, 8.58247 ], [ -83.16224, 8.58265 ], [ -83.16023, 8.58277 ], [ -83.15701, 8.57996 ], [ -83.15393, 8.581 ], [ -83.1553, 8.58295 ], [ -83.15414, 8.58291 ], [ -83.16037, 8.58574 ], [ -83.16408, 8.58502 ], [ -83.16721, 8.5884 ], [ -83.1634, 8.58525 ], [ -83.16198, 8.58778 ], [ -83.15985, 8.58698 ], [ -83.1594, 8.59065 ], [ -83.16085, 8.59114 ], [ -83.1551, 8.59561 ], [ -83.15953, 8.59938 ], [ -83.15875, 8.60119 ], [ -83.16038, 8.60071 ], [ -83.16069, 8.60269 ], [ -83.1568, 8.60498 ], [ -83.15696, 8.60694 ], [ -83.15456, 8.60853 ], [ -83.15181, 8.60818 ], [ -83.15226, 8.60954 ], [ -83.15455, 8.61046 ], [ -83.15889, 8.60735 ], [ -83.16362, 8.60733 ], [ -83.16597, 8.6135 ], [ -83.16716, 8.61349 ], [ -83.16523, 8.61524 ], [ -83.16693, 8.6156 ], [ -83.16811, 8.61376 ], [ -83.16902, 8.61512 ], [ -83.17213, 8.61281 ], [ -83.17138, 8.61207 ], [ -83.17385, 8.60806 ], [ -83.17884, 8.60668 ], [ -83.17837, 8.61074 ], [ -83.17635, 8.61089 ], [ -83.17665, 8.61235 ], [ -83.17482, 8.61304 ], [ -83.1763, 8.61555 ], [ -83.16827, 8.62144 ], [ -83.17064, 8.62523 ], [ -83.17291, 8.62377 ], [ -83.17368, 8.62024 ], [ -83.18073, 8.61001 ], [ -83.17478, 8.59561 ], [ -83.1749, 8.59281 ], [ -83.17286, 8.59305 ], [ -83.16938, 8.58943 ], [ -83.16131, 8.57295 ], [ -83.14654, 8.56221 ], [ -83.14033, 8.55201 ], [ -83.13355, 8.54956 ], [ -83.13354, 8.54254 ], [ -83.13904, 8.54231 ], [ -83.13764, 8.5405 ], [ -83.14501, 8.54313 ], [ -83.14628, 8.54561 ], [ -83.15065, 8.54808 ], [ -83.15155, 8.54638 ], [ -83.14498, 8.53562 ], [ -83.13769, 8.51793 ], [ -83.11834, 8.49618 ], [ -83.1032, 8.47504 ], [ -83.09764, 8.46477 ], [ -83.09247, 8.45011 ], [ -83.09923, 8.44068 ], [ -83.10341, 8.43829 ], [ -83.10379, 8.43455 ], [ -83.10596, 8.43265 ], [ -83.10508, 8.42718 ], [ -83.10969, 8.42024 ], [ -83.1109, 8.41426 ], [ -83.11314, 8.41313 ], [ -83.11467, 8.40988 ], [ -83.11922, 8.40736 ], [ -83.1261, 8.40615 ], [ -83.13161, 8.40334 ], [ -83.13383, 8.39829 ], [ -83.13814, 8.3957 ], [ -83.14233, 8.38552 ], [ -83.1453, 8.38235 ], [ -83.14448, 8.37252 ], [ -83.14651, 8.36722 ], [ -83.13724, 8.35554 ], [ -83.12733, 8.34831 ], [ -83.12268, 8.34107 ], [ -83.10946, 8.33102 ], [ -83.04509, 8.296 ], [ -83.02399, 8.2779 ], [ -83.00811, 8.26689 ], [ -82.99064, 8.25788 ], [ -82.97372, 8.24102 ], [ -82.97033, 8.23372 ], [ -82.96779, 8.23354 ], [ -82.96786, 8.23094 ], [ -82.96075, 8.22242 ], [ -82.95138, 8.20667 ], [ -82.94955, 8.20606 ], [ -82.9505, 8.20625 ], [ -82.93228, 8.17689 ], [ -82.92571, 8.15956 ], [ -82.92355, 8.14832 ], [ -82.91822, 8.14161 ], [ -82.9152, 8.13338 ], [ -82.90299, 8.11366 ], [ -82.89941, 8.09827 ], [ -82.90049, 8.08682 ], [ -82.90469, 8.07749 ], [ -82.909, 8.07599 ], [ -82.91303, 8.07699 ], [ -82.91222, 8.07329 ], [ -82.91482, 8.07159 ], [ -82.91374, 8.06384 ], [ -82.91617, 8.06012 ], [ -82.90673, 8.04329 ], [ -82.90045, 8.04008 ], [ -82.89605, 8.04788 ], [ -82.89092, 8.05163 ], [ -82.89163, 8.05423 ], [ -82.89506, 8.05453 ], [ -82.89717, 8.06446 ], [ -82.89221, 8.07065 ], [ -82.89167, 8.07385 ], [ -82.88694, 8.07872 ], [ -82.8888, 8.0822 ], [ -82.88831, 8.09192 ], [ -82.89057, 8.10187 ], [ -82.88982, 8.10401 ], [ -82.88672, 8.10591 ], [ -82.88608, 8.10847 ], [ -82.89001, 8.11092 ], [ -82.88957, 8.11439 ], [ -82.89304, 8.1155 ], [ -82.89548, 8.11926 ], [ -82.89859, 8.1246 ], [ -82.89866, 8.128 ], [ -82.90125, 8.12905 ], [ -82.90131, 8.13178 ], [ -82.90425, 8.1364 ], [ -82.90333, 8.13981 ], [ -82.90624, 8.14028 ], [ -82.908, 8.14374 ], [ -82.91016, 8.1529 ], [ -82.90678, 8.15554 ], [ -82.90862, 8.15586 ], [ -82.9101, 8.1584 ], [ -82.90809, 8.16473 ], [ -82.90964, 8.16865 ], [ -82.90837, 8.17616 ], [ -82.91514, 8.17806 ], [ -82.91135, 8.1818 ], [ -82.9104, 8.19555 ], [ -82.91852, 8.19711 ], [ -82.92428, 8.20363 ], [ -82.92286, 8.20618 ], [ -82.9266, 8.20636 ], [ -82.9289, 8.21006 ], [ -82.93129, 8.21109 ], [ -82.93591, 8.21039 ], [ -82.93529, 8.21795 ], [ -82.93674, 8.22017 ], [ -82.93419, 8.22494 ], [ -82.9283, 8.22916 ], [ -82.93062, 8.22922 ], [ -82.93191, 8.23118 ], [ -82.93017, 8.24075 ], [ -82.93085, 8.24323 ], [ -82.93388, 8.24461 ], [ -82.93253, 8.2494 ], [ -82.93816, 8.25219 ], [ -82.93837, 8.26256 ], [ -82.94221, 8.27178 ], [ -82.94741, 8.26737 ], [ -82.95271, 8.2671 ], [ -82.9571, 8.28072 ], [ -82.96017, 8.28052 ], [ -82.96289, 8.27789 ], [ -82.96853, 8.2786 ], [ -82.97592, 8.28857 ], [ -82.98059, 8.28624 ], [ -82.98305, 8.27817 ], [ -82.98711, 8.27535 ], [ -82.98738, 8.27195 ], [ -82.99061, 8.27125 ], [ -82.99978, 8.28658 ], [ -83.00504, 8.28913 ], [ -83.00521, 8.29625 ], [ -83.00822, 8.29598 ], [ -83.00864, 8.29802 ], [ -83.0126, 8.29866 ], [ -83.01523, 8.30241 ], [ -83.01989, 8.30233 ], [ -83.02428, 8.30559 ], [ -83.02551, 8.30722 ], [ -83.02272, 8.31124 ], [ -83.02393, 8.31268 ], [ -83.02793, 8.31455 ], [ -83.03012, 8.31182 ], [ -83.03341, 8.31366 ], [ -83.03688, 8.31893 ], [ -83.04282, 8.31538 ], [ -83.04592, 8.31759 ], [ -83.04557, 8.32103 ], [ -83.04939, 8.32276 ], [ -83.0476, 8.32491 ], [ -83.05162, 8.33084 ], [ -83.05189, 8.33451 ], [ -83.04965, 8.33658 ], [ -83.04678, 8.3369 ], [ -83.04777, 8.34187 ], [ -83.04004, 8.34418 ], [ -83.03886, 8.3463 ], [ -83.0276, 8.3522 ], [ -83.01895, 8.35059 ], [ -83.01598, 8.35533 ], [ -83.01037, 8.35425 ], [ -83.00724, 8.35557 ], [ -83.00173, 8.36027 ], [ -82.99996, 8.36676 ], [ -82.99392, 8.36971 ], [ -82.9894, 8.37638 ], [ -82.98547, 8.37225 ], [ -82.98374, 8.37285 ], [ -82.98284, 8.37626 ], [ -82.96917, 8.38679 ], [ -82.96644, 8.39463 ], [ -82.96276, 8.39682 ], [ -82.96085, 8.40268 ], [ -82.95409, 8.40786 ], [ -82.95348, 8.41393 ], [ -82.9356, 8.42366 ], [ -82.93104, 8.43497 ], [ -82.91533, 8.42868 ], [ -82.86845, 8.43955 ], [ -82.83945, 8.48018 ], [ -82.83181, 8.50444 ], [ -82.83408, 8.5076 ], [ -82.83327, 8.52372 ], [ -82.83767, 8.52961 ], [ -82.83982, 8.54628 ], [ -82.83501, 8.55387 ], [ -82.8303, 8.55641 ], [ -82.82242, 8.56723 ], [ -82.82688, 8.58228 ], [ -82.82908, 8.58425 ], [ -82.83016, 8.58843 ], [ -82.83361, 8.5896 ], [ -82.83334, 8.59475 ], [ -82.83167, 8.59486 ], [ -82.82685, 8.60115 ], [ -82.83044, 8.6068 ], [ -82.83642, 8.60966 ], [ -82.83862, 8.61318 ], [ -82.83638, 8.61515 ], [ -82.83022, 8.61419 ], [ -82.82817, 8.61597 ], [ -82.82975, 8.6347 ], [ -82.83051, 8.63651 ], [ -82.83586, 8.63728 ], [ -82.83464, 8.64364 ], [ -82.83887, 8.64945 ], [ -82.84017, 8.64951 ], [ -82.84263, 8.65475 ], [ -82.85549, 8.66343 ], [ -82.859, 8.67253 ], [ -82.85867, 8.67614 ], [ -82.86435, 8.67901 ], [ -82.86182, 8.68829 ], [ -82.8656, 8.69015 ], [ -82.8677, 8.69705 ], [ -82.87044, 8.69895 ], [ -82.87665, 8.69682 ], [ -82.8804, 8.69744 ], [ -82.88014, 8.7003 ], [ -82.88341, 8.70117 ], [ -82.88716, 8.70492 ], [ -82.88667, 8.7066 ], [ -82.89001, 8.70848 ], [ -82.89016, 8.71054 ], [ -82.89798, 8.7159 ], [ -82.90177, 8.72792 ], [ -82.90101, 8.73133 ], [ -82.90321, 8.73373 ] ] ] } },
{ "type": "Feature", "properties": { "siglas_ac": "ACTo", "nombre_ac": "Tortuguero", "area_km2": 3049.2 }, "geometry": { "type": "Polygon", "coordinates": [ [ [ -83.69803, 10.93986 ], [ -83.69746, 10.93494 ], [ -83.69213, 10.93595 ], [ -83.68851, 10.93425 ], [ -83.68067, 10.91634 ], [ -83.67847, 10.91563 ], [ -83.67602, 10.91213 ], [ -83.67641, 10.91033 ], [ -83.67923, 10.9095 ], [ -83.67623, 10.90619 ], [ -83.67705, 10.90169 ], [ -83.68302, 10.89877 ], [ -83.68286, 10.89758 ], [ -83.67836, 10.89537 ], [ -83.67534, 10.89146 ], [ -83.67048, 10.89152 ], [ -83.6684, 10.88857 ], [ -83.66877, 10.88448 ], [ -83.66695, 10.87997 ], [ -83.67516, 10.85251 ], [ -83.67206, 10.845 ], [ -83.67057, 10.83607 ], [ -83.66763, 10.83077 ], [ -83.66273, 10.8259 ], [ -83.6606, 10.81954 ], [ -83.66893, 10.79922 ], [ -83.68252, 10.79249 ], [ -83.69015, 10.7913 ], [ -83.69267, 10.78852 ], [ -83.69693, 10.78721 ], [ -83.71437, 10.79273 ], [ -83.72497, 10.78521 ], [ -83.73284, 10.78412 ], [ -83.7543, 10.77569 ], [ -83.76094, 10.77478 ], [ -83.76423, 10.76935 ], [ -83.77902, 10.77162 ], [ -83.79344, 10.76914 ], [ -83.79683, 10.76611 ], [ -83.80009, 10.75537 ], [ -83.80663, 10.75129 ], [ -83.81, 10.74718 ], [ -83.81391, 10.74575 ], [ -83.82653, 10.74844 ], [ -83.841, 10.74337 ], [ -83.86204, 10.7182 ], [ -83.86982, 10.71563 ], [ -83.87437, 10.71745 ], [ -83.87578, 10.71642 ], [ -83.88149, 10.71686 ], [ -83.88369, 10.71338 ], [ -83.88545, 10.71382 ], [ -83.89107, 10.70783 ], [ -83.89098, 10.70652 ], [ -83.88888, 10.70644 ], [ -83.89019, 10.70348 ], [ -83.88872, 10.70249 ], [ -83.89144, 10.70092 ], [ -83.89344, 10.69542 ], [ -83.89492, 10.69455 ], [ -83.89757, 10.69615 ], [ -83.90262, 10.69275 ], [ -83.90822, 10.69236 ], [ -83.90762, 10.69067 ], [ -83.912, 10.68802 ], [ -83.91204, 10.67579 ], [ -83.91095, 10.67368 ], [ -83.90591, 10.67254 ], [ -83.90861, 10.6659 ], [ -83.90734, 10.66316 ], [ -83.91078, 10.65927 ], [ -83.91045, 10.65374 ], [ -83.91209, 10.65114 ], [ -83.91094, 10.64727 ], [ -83.90933, 10.64639 ], [ -83.9119, 10.64427 ], [ -83.91076, 10.64258 ], [ -83.90933, 10.6431 ], [ -83.90943, 10.64083 ], [ -83.91117, 10.64001 ], [ -83.90942, 10.63597 ], [ -83.91074, 10.63024 ], [ -83.90931, 10.62733 ], [ -83.90945, 10.62268 ], [ -83.91192, 10.61892 ], [ -83.91028, 10.6123 ], [ -83.91339, 10.60566 ], [ -83.91269, 10.5996 ], [ -83.91148, 10.59902 ], [ -83.91348, 10.59659 ], [ -83.91329, 10.59429 ], [ -83.91052, 10.58858 ], [ -83.91085, 10.58543 ], [ -83.87735, 10.57929 ], [ -83.87419, 10.57682 ], [ -83.87234, 10.5785 ], [ -83.87034, 10.57804 ], [ -83.86839, 10.57522 ], [ -83.86873, 10.57239 ], [ -83.86695, 10.57238 ], [ -83.86211, 10.56772 ], [ -83.86208, 10.56243 ], [ -83.85817, 10.55606 ], [ -83.86128, 10.55148 ], [ -83.86052, 10.54609 ], [ -83.84001, 10.53851 ], [ -83.83758, 10.53096 ], [ -83.83756, 10.51574 ], [ -83.83916, 10.51154 ], [ -83.83112, 10.50339 ], [ -83.83219, 10.49624 ], [ -83.82812, 10.49442 ], [ -83.82803, 10.49318 ], [ -83.83037, 10.48885 ], [ -83.83096, 10.48195 ], [ -83.83646, 10.47873 ], [ -83.83861, 10.47448 ], [ -83.83804, 10.47214 ], [ -83.83194, 10.46748 ], [ -83.83099, 10.46221 ], [ -83.83932, 10.4551 ], [ -83.84469, 10.44507 ], [ -83.85602, 10.44659 ], [ -83.85936, 10.44461 ], [ -83.85973, 10.43782 ], [ -83.86648, 10.43537 ], [ -83.87402, 10.42901 ], [ -83.87531, 10.41636 ], [ -83.88036, 10.40504 ], [ -83.88023, 10.40057 ], [ -83.87499, 10.38918 ], [ -83.86909, 10.37954 ], [ -83.85686, 10.36509 ], [ -83.85109, 10.34942 ], [ -83.85, 10.33846 ], [ -83.85237, 10.32948 ], [ -83.85349, 10.30751 ], [ -83.85153, 10.30223 ], [ -83.85134, 10.29379 ], [ -83.84912, 10.28897 ], [ -83.84906, 10.28473 ], [ -83.84975, 10.27862 ], [ -83.85321, 10.2708 ], [ -83.85371, 10.26389 ], [ -83.85876, 10.25211 ], [ -83.86148, 10.25104 ], [ -83.86576, 10.24518 ], [ -83.8734, 10.24248 ], [ -83.8783, 10.23599 ], [ -83.8862, 10.23045 ], [ -83.89322, 10.22084 ], [ -83.89617, 10.21913 ], [ -83.90692, 10.20659 ], [ -83.91143, 10.20435 ], [ -83.91475, 10.2006 ], [ -83.89465, 10.20436 ], [ -83.83405, 10.15183 ], [ -83.78762, 10.0844 ], [ -83.73277, 10.11932 ], [ -83.6631, 10.081 ], [ -83.67919, 10.05456 ], [ -83.67077, 10.05568 ], [ -83.66446, 10.05432 ], [ -83.64058, 10.06383 ], [ -83.63749, 10.06836 ], [ -83.62879, 10.07124 ], [ -83.62314, 10.07543 ], [ -83.62288, 10.08192 ], [ -83.61772, 10.09154 ], [ -83.61779, 10.09383 ], [ -83.61594, 10.0953 ], [ -83.6149, 10.11016 ], [ -83.6134, 10.11552 ], [ -83.61026, 10.11884 ], [ -83.61011, 10.12893 ], [ -83.60772, 10.12755 ], [ -83.60656, 10.13364 ], [ -83.60338, 10.1378 ], [ -83.60886, 10.14076 ], [ -83.61063, 10.14021 ], [ -83.60847, 10.14502 ], [ -83.61261, 10.1473 ], [ -83.60814, 10.15166 ], [ -83.60262, 10.16101 ], [ -83.5961, 10.16458 ], [ -83.5964, 10.16671 ], [ -83.58925, 10.1806 ], [ -83.57973, 10.1874 ], [ -83.57701, 10.20216 ], [ -83.57522, 10.20069 ], [ -83.57371, 10.20144 ], [ -83.57223, 10.20647 ], [ -83.57022, 10.20297 ], [ -83.56432, 10.20254 ], [ -83.56361, 10.20539 ], [ -83.56134, 10.20616 ], [ -83.56104, 10.20932 ], [ -83.56238, 10.21 ], [ -83.56013, 10.21434 ], [ -83.55448, 10.21455 ], [ -83.55243, 10.21661 ], [ -83.55313, 10.21807 ], [ -83.55182, 10.21844 ], [ -83.55387, 10.21925 ], [ -83.55195, 10.22022 ], [ -83.55253, 10.22262 ], [ -83.54993, 10.22427 ], [ -83.54741, 10.2231 ], [ -83.5429, 10.22902 ], [ -83.54065, 10.2276 ], [ -83.5365, 10.22828 ], [ -83.53063, 10.23541 ], [ -83.52789, 10.22941 ], [ -83.52131, 10.23251 ], [ -83.51776, 10.23179 ], [ -83.51729, 10.23664 ], [ -83.51566, 10.23778 ], [ -83.51319, 10.23472 ], [ -83.50789, 10.23724 ], [ -83.50872, 10.23264 ], [ -83.50451, 10.23227 ], [ -83.5029, 10.2376 ], [ -83.49945, 10.24097 ], [ -83.49946, 10.24515 ], [ -83.49376, 10.24262 ], [ -83.49148, 10.24654 ], [ -83.48912, 10.2435 ], [ -83.49104, 10.25051 ], [ -83.48997, 10.2519 ], [ -83.48479, 10.2516 ], [ -83.48666, 10.25691 ], [ -83.48298, 10.25883 ], [ -83.48296, 10.26167 ], [ -83.48118, 10.26243 ], [ -83.48535, 10.26417 ], [ -83.48198, 10.26589 ], [ -83.48304, 10.27149 ], [ -83.47936, 10.2712 ], [ -83.48416, 10.27644 ], [ -83.48563, 10.2736 ], [ -83.48732, 10.27432 ], [ -83.48865, 10.28045 ], [ -83.48731, 10.28235 ], [ -83.48229, 10.28459 ], [ -83.48092, 10.28108 ], [ -83.47909, 10.28628 ], [ -83.47561, 10.28402 ], [ -83.47043, 10.28868 ], [ -83.46643, 10.28944 ], [ -83.46231, 10.28724 ], [ -83.45861, 10.28854 ], [ -83.45578, 10.28644 ], [ -83.4529, 10.28948 ], [ -83.44929, 10.28815 ], [ -83.44463, 10.2912 ], [ -83.43893, 10.28408 ], [ -83.43763, 10.28475 ], [ -83.43743, 10.2879 ], [ -83.42822, 10.28645 ], [ -83.42725, 10.29085 ], [ -83.42466, 10.2874 ], [ -83.42147, 10.28851 ], [ -83.41902, 10.28766 ], [ -83.41668, 10.2898 ], [ -83.41323, 10.28533 ], [ -83.40914, 10.28606 ], [ -83.40536, 10.28421 ], [ -83.40489, 10.28527 ], [ -83.40832, 10.28834 ], [ -83.40438, 10.28881 ], [ -83.40254, 10.29156 ], [ -83.40561, 10.29539 ], [ -83.40414, 10.29655 ], [ -83.40065, 10.294 ], [ -83.39868, 10.29447 ], [ -83.40152, 10.30038 ], [ -83.39741, 10.30367 ], [ -83.39548, 10.30326 ], [ -83.39443, 10.30077 ], [ -83.3953, 10.29439 ], [ -83.38808, 10.30336 ], [ -83.3856, 10.3019 ], [ -83.38501, 10.29631 ], [ -83.38327, 10.29577 ], [ -83.38158, 10.30292 ], [ -83.37996, 10.30403 ], [ -83.37763, 10.29947 ], [ -83.37946, 10.29403 ], [ -83.37748, 10.29406 ], [ -83.37445, 10.29955 ], [ -83.37034, 10.30037 ], [ -83.36818, 10.2977 ], [ -83.37036, 10.29378 ], [ -83.36972, 10.29207 ], [ -83.36753, 10.29224 ], [ -83.36604, 10.29619 ], [ -83.3628, 10.29474 ], [ -83.36303, 10.29179 ], [ -83.36668, 10.29035 ], [ -83.36469, 10.28818 ], [ -83.36139, 10.28945 ], [ -83.35829, 10.28802 ], [ -83.35584, 10.29015 ], [ -83.35062, 10.28853 ], [ -83.34884, 10.2929 ], [ -83.34394, 10.29 ], [ -83.34227, 10.29122 ], [ -83.34435, 10.29492 ], [ -83.3494, 10.2981 ], [ -83.35235, 10.30201 ], [ -83.35533, 10.30767 ], [ -83.35679, 10.31643 ], [ -83.37158, 10.33231 ], [ -83.38686, 10.35254 ], [ -83.39044, 10.35317 ], [ -83.391, 10.3573 ], [ -83.41172, 10.38582 ], [ -83.43711, 10.42437 ], [ -83.47432, 10.48838 ], [ -83.50704, 10.55299 ], [ -83.52432, 10.59027 ], [ -83.52398, 10.5934 ], [ -83.54164, 10.63443 ], [ -83.56564, 10.70167 ], [ -83.57274, 10.72664 ], [ -83.57709, 10.74589 ], [ -83.57711, 10.75247 ], [ -83.58502, 10.78474 ], [ -83.58553, 10.80483 ], [ -83.59155, 10.81265 ], [ -83.59788, 10.82489 ], [ -83.62646, 10.89154 ], [ -83.633, 10.90275 ], [ -83.64232, 10.91476 ], [ -83.66269, 10.93235 ], [ -83.66437, 10.93298 ], [ -83.66882, 10.92871 ], [ -83.67571, 10.92601 ], [ -83.67535, 10.93049 ], [ -83.67265, 10.93177 ], [ -83.67446, 10.9348 ], [ -83.69803, 10.93986 ] ] ] } },
{ "type": "Feature", "properties": { "siglas_ac": "ACLAP", "nombre_ac": "La Amistad Pacifico", "area_km2": 5557.7 }, "geometry": { "type": "Polygon", "coordinates": [ [ [ -83.62829, 9.61358 ], [ -83.62835, 9.59142 ], [ -83.65087, 9.58359 ], [ -83.65429, 9.58352 ], [ -83.65565, 9.58021 ], [ -83.66245, 9.57516 ], [ -83.66436, 9.572 ], [ -83.66408, 9.5692 ], [ -83.67045, 9.55969 ], [ -83.68438, 9.55176 ], [ -83.68965, 9.55325 ], [ -83.69806, 9.55223 ], [ -83.70288, 9.55372 ], [ -83.70888, 9.55822 ], [ -83.71054, 9.55555 ], [ -83.71852, 9.55113 ], [ -83.72757, 9.55963 ], [ -83.73309, 9.56126 ], [ -83.74273, 9.55828 ], [ -83.7526, 9.55975 ], [ -83.75697, 9.56505 ], [ -83.75709, 9.57466 ], [ -83.76667, 9.58838 ], [ -83.76771, 9.59457 ], [ -83.77088, 9.59752 ], [ -83.77176, 9.59669 ], [ -83.77216, 9.59826 ], [ -83.77623, 9.59846 ], [ -83.78176, 9.59299 ], [ -83.79102, 9.588 ], [ -83.79164, 9.58524 ], [ -83.80009, 9.57762 ], [ -83.80122, 9.57128 ], [ -83.79905, 9.56741 ], [ -83.80199, 9.56276 ], [ -83.80225, 9.55817 ], [ -83.80644, 9.55524 ], [ -83.81101, 9.54677 ], [ -83.81671, 9.54402 ], [ -83.81784, 9.53627 ], [ -83.82318, 9.53551 ], [ -83.82513, 9.53101 ], [ -83.83598, 9.53151 ], [ -83.83921, 9.53463 ], [ -83.84297, 9.53319 ], [ -83.84811, 9.5349 ], [ -83.85445, 9.52999 ], [ -83.85738, 9.53016 ], [ -83.86232, 9.52517 ], [ -83.86761, 9.52705 ], [ -83.86965, 9.52175 ], [ -83.87294, 9.5195 ], [ -83.87696, 9.51961 ], [ -83.87473, 9.51393 ], [ -83.87783, 9.51011 ], [ -83.88428, 9.50579 ], [ -83.88483, 9.50322 ], [ -83.88925, 9.50188 ], [ -83.8915, 9.50443 ], [ -83.89622, 9.4977 ], [ -83.89938, 9.4983 ], [ -83.90151, 9.49565 ], [ -83.90617, 9.49715 ], [ -83.91092, 9.49503 ], [ -83.91589, 9.49827 ], [ -83.91817, 9.49754 ], [ -83.91898, 9.4926 ], [ -83.91738, 9.48975 ], [ -83.92532, 9.48442 ], [ -83.93366, 9.4851 ], [ -83.93607, 9.49095 ], [ -83.94002, 9.49043 ], [ -83.94324, 9.48431 ], [ -83.94462, 9.47765 ], [ -83.94384, 9.47251 ], [ -83.9454, 9.46989 ], [ -83.94245, 9.46723 ], [ -83.945, 9.46518 ], [ -83.94358, 9.46366 ], [ -83.94522, 9.45488 ], [ -83.94193, 9.45198 ], [ -83.94567, 9.44942 ], [ -83.94432, 9.44304 ], [ -83.94751, 9.44189 ], [ -83.9491, 9.43613 ], [ -83.95285, 9.43081 ], [ -83.96045, 9.43191 ], [ -83.96551, 9.43613 ], [ -83.96679, 9.43902 ], [ -83.96441, 9.44325 ], [ -83.96734, 9.44652 ], [ -83.96543, 9.44973 ], [ -83.97082, 9.45077 ], [ -83.97368, 9.4542 ], [ -83.97548, 9.46057 ], [ -83.984, 9.46457 ], [ -83.98608, 9.46821 ], [ -83.98906, 9.46434 ], [ -83.99479, 9.46197 ], [ -83.99156, 9.45514 ], [ -83.99634, 9.45207 ], [ -83.99423, 9.44776 ], [ -83.99673, 9.44765 ], [ -83.99751, 9.45026 ], [ -84.00183, 9.45039 ], [ -84.00257, 9.44429 ], [ -83.99812, 9.43809 ], [ -83.98947, 9.43367 ], [ -83.98312, 9.43308 ], [ -83.9809, 9.42786 ], [ -83.98015, 9.42063 ], [ -83.97596, 9.42008 ], [ -83.96865, 9.41602 ], [ -83.96153, 9.40977 ], [ -83.96538, 9.40219 ], [ -83.96178, 9.39592 ], [ -83.95845, 9.39717 ], [ -83.95489, 9.39446 ], [ -83.95014, 9.3956 ], [ -83.94539, 9.39491 ], [ -83.94246, 9.38821 ], [ -83.93607, 9.38708 ], [ -83.93319, 9.38948 ], [ -83.93654, 9.39612 ], [ -83.93439, 9.39914 ], [ -83.92819, 9.40029 ], [ -83.92452, 9.40364 ], [ -83.90926, 9.40486 ], [ -83.90204, 9.39969 ], [ -83.8991, 9.39373 ], [ -83.89768, 9.38647 ], [ -83.8941, 9.38563 ], [ -83.88818, 9.37756 ], [ -83.887, 9.37413 ], [ -83.88769, 9.37111 ], [ -83.89162, 9.36717 ], [ -83.89056, 9.36193 ], [ -83.87775, 9.36043 ], [ -83.86992, 9.35438 ], [ -83.87108, 9.35229 ], [ -83.86977, 9.35115 ], [ -83.87049, 9.3484 ], [ -83.86818, 9.34507 ], [ -83.86322, 9.34278 ], [ -83.85772, 9.34253 ], [ -83.85167, 9.33972 ], [ -83.84761, 9.34212 ], [ -83.84152, 9.34301 ], [ -83.83995, 9.33702 ], [ -83.84251, 9.33443 ], [ -83.84698, 9.33448 ], [ -83.84541, 9.32964 ], [ -83.84953, 9.32701 ], [ -83.85019, 9.32461 ], [ -83.8537, 9.32465 ], [ -83.85572, 9.31029 ], [ -83.85998, 9.30738 ], [ -83.85838, 9.30285 ], [ -83.85434, 9.30196 ], [ -83.85634, 9.30042 ], [ -83.85696, 9.29521 ], [ -83.85472, 9.29291 ], [ -83.85803, 9.29159 ], [ -83.85348, 9.28145 ], [ -83.8505, 9.26848 ], [ -83.84232, 9.25663 ], [ -83.83642, 9.25533 ], [ -83.82656, 9.24868 ], [ -83.82396, 9.24496 ], [ -83.81894, 9.24222 ], [ -83.81217, 9.23158 ], [ -83.80327, 9.22521 ], [ -83.79321, 9.22371 ], [ -83.78807, 9.22514 ], [ -83.78019, 9.22013 ], [ -83.77684, 9.22136 ], [ -83.7739, 9.21791 ], [ -83.77091, 9.2189 ], [ -83.76809, 9.2155 ], [ -83.7622, 9.21558 ], [ -83.75647, 9.21757 ], [ -83.75272, 9.22179 ], [ -83.75412, 9.22482 ], [ -83.75319, 9.22726 ], [ -83.75565, 9.23009 ], [ -83.75549, 9.23237 ], [ -83.76036, 9.23809 ], [ -83.75642, 9.24409 ], [ -83.753, 9.24222 ], [ -83.74803, 9.24432 ], [ -83.74388, 9.23906 ], [ -83.74218, 9.23933 ], [ -83.73462, 9.22375 ], [ -83.72429, 9.22067 ], [ -83.71762, 9.2203 ], [ -83.7108, 9.22077 ], [ -83.70944, 9.22481 ], [ -83.70597, 9.22521 ], [ -83.70469, 9.22387 ], [ -83.70509, 9.21951 ], [ -83.69969, 9.21399 ], [ -83.69535, 9.21203 ], [ -83.69006, 9.21181 ], [ -83.68388, 9.20711 ], [ -83.68331, 9.20265 ], [ -83.67929, 9.19739 ], [ -83.67744, 9.19687 ], [ -83.67175, 9.18518 ], [ -83.66903, 9.18258 ], [ -83.67175, 9.17637 ], [ -83.6764, 9.1773 ], [ -83.6773, 9.17574 ], [ -83.67703, 9.16876 ], [ -83.67245, 9.15412 ], [ -83.66633, 9.15282 ], [ -83.66065, 9.14752 ], [ -83.65554, 9.14577 ], [ -83.64933, 9.13337 ], [ -83.6413, 9.12904 ], [ -83.62854, 9.12487 ], [ -83.62007, 9.12355 ], [ -83.61545, 9.12546 ], [ -83.61218, 9.1239 ], [ -83.60573, 9.11804 ], [ -83.60527, 9.11395 ], [ -83.59864, 9.10969 ], [ -83.59111, 9.10753 ], [ -83.58331, 9.10228 ], [ -83.58011, 9.09614 ], [ -83.57023, 9.08658 ], [ -83.56278, 9.08477 ], [ -83.55814, 9.0857 ], [ -83.54924, 9.08276 ], [ -83.54918, 9.08004 ], [ -83.55391, 9.07452 ], [ -83.55193, 9.0703 ], [ -83.56231, 9.0652 ], [ -83.56352, 9.05821 ], [ -83.55958, 9.05304 ], [ -83.55548, 9.05439 ], [ -83.55017, 9.05092 ], [ -83.53852, 9.04873 ], [ -83.53179, 9.05047 ], [ -83.52625, 9.04631 ], [ -83.52198, 9.04666 ], [ -83.516, 9.04462 ], [ -83.50969, 9.03535 ], [ -83.50661, 9.03415 ], [ -83.50483, 9.03497 ], [ -83.50139, 9.03221 ], [ -83.4986, 9.03305 ], [ -83.49623, 9.03119 ], [ -83.49415, 9.028 ], [ -83.49557, 9.0251 ], [ -83.49472, 9.02353 ], [ -83.49625, 9.02258 ], [ -83.49141, 9.01818 ], [ -83.48897, 9.01787 ], [ -83.48764, 9.01407 ], [ -83.47887, 9.01145 ], [ -83.47466, 9.00795 ], [ -83.4738, 9.00603 ], [ -83.47557, 8.99978 ], [ -83.47211, 8.99989 ], [ -83.46917, 8.99597 ], [ -83.45949, 8.99468 ], [ -83.4532, 8.99542 ], [ -83.44687, 8.99356 ], [ -83.44399, 8.99119 ], [ -83.43793, 8.99 ], [ -83.43145, 8.99135 ], [ -83.42665, 8.98743 ], [ -83.42407, 8.98124 ], [ -83.417, 8.97669 ], [ -83.41455, 8.9776 ], [ -83.41345, 8.98105 ], [ -83.41339, 8.98761 ], [ -83.41539, 8.99077 ], [ -83.41244, 8.99502 ], [ -83.40925, 8.9956 ], [ -83.40269, 8.99468 ], [ -83.39911, 8.98787 ], [ -83.39674, 8.98634 ], [ -83.39006, 8.98704 ], [ -83.37305, 8.98029 ], [ -83.36846, 8.97511 ], [ -83.3682, 8.96338 ], [ -83.371, 8.95522 ], [ -83.35654, 8.94487 ], [ -83.34834, 8.94393 ], [ -83.34173, 8.94047 ], [ -83.33617, 8.94198 ], [ -83.33057, 8.94672 ], [ -83.32081, 8.9443 ], [ -83.31879, 8.94526 ], [ -83.30165, 8.93622 ], [ -83.29284, 8.92701 ], [ -83.29016, 8.92644 ], [ -83.28675, 8.92885 ], [ -83.28166, 8.92914 ], [ -83.27966, 8.93189 ], [ -83.27635, 8.92839 ], [ -83.27179, 8.92656 ], [ -83.27119, 8.9217 ], [ -83.25944, 8.91655 ], [ -83.25304, 8.91792 ], [ -83.24776, 8.91478 ], [ -83.24969, 8.90565 ], [ -83.23786, 8.89257 ], [ -83.23549, 8.88837 ], [ -83.23529, 8.88435 ], [ -83.22823, 8.88306 ], [ -83.22721, 8.88115 ], [ -83.21565, 8.87438 ], [ -83.20777, 8.86486 ], [ -83.19751, 8.85713 ], [ -83.19481, 8.84994 ], [ -83.1866, 8.84439 ], [ -83.17634, 8.82043 ], [ -83.17125, 8.81765 ], [ -83.16621, 8.81161 ], [ -83.16289, 8.81481 ], [ -83.15965, 8.81219 ], [ -83.16002, 8.81032 ], [ -83.1578, 8.80714 ], [ -83.15949, 8.80576 ], [ -83.15988, 8.80264 ], [ -83.15529, 8.80201 ], [ -83.14232, 8.79437 ], [ -83.13909, 8.79437 ], [ -83.13454, 8.78861 ], [ -83.12934, 8.78546 ], [ -83.12099, 8.78347 ], [ -83.11484, 8.7799 ], [ -83.10399, 8.78071 ], [ -83.09597, 8.77505 ], [ -83.09037, 8.7767 ], [ -83.08398, 8.77521 ], [ -83.08057, 8.77691 ], [ -83.07261, 8.77645 ], [ -83.06344, 8.7798 ], [ -83.05711, 8.78038 ], [ -83.04816, 8.77767 ], [ -83.04667, 8.77479 ], [ -83.04164, 8.77868 ], [ -83.0401, 8.78324 ], [ -83.03539, 8.78416 ], [ -83.03282, 8.78835 ], [ -83.02932, 8.7886 ], [ -83.01836, 8.78381 ], [ -83.00212, 8.78641 ], [ -83.00045, 8.78476 ], [ -82.99402, 8.78573 ], [ -82.97946, 8.78215 ], [ -82.97392, 8.77653 ], [ -82.97413, 8.76913 ], [ -82.96919, 8.76404 ], [ -82.97189, 8.76253 ], [ -82.97665, 8.76399 ], [ -82.97865, 8.76309 ], [ -82.98336, 8.75723 ], [ -82.98176, 8.75196 ], [ -82.98454, 8.73941 ], [ -82.98236, 8.73592 ], [ -82.98339, 8.7334 ], [ -82.98096, 8.73057 ], [ -82.97947, 8.72463 ], [ -82.9731, 8.71592 ], [ -82.97268, 8.71206 ], [ -82.96813, 8.70767 ], [ -82.96821, 8.70589 ], [ -82.95993, 8.69556 ], [ -82.94703, 8.69027 ], [ -82.93871, 8.6986 ], [ -82.92867, 8.70212 ], [ -82.92463, 8.70029 ], [ -82.91981, 8.7016 ], [ -82.91613, 8.69603 ], [ -82.91018, 8.69671 ], [ -82.91137, 8.70231 ], [ -82.90793, 8.71383 ], [ -82.91181, 8.72507 ], [ -82.90528, 8.72846 ], [ -82.90574, 8.73145 ], [ -82.90321, 8.73373 ], [ -82.90559, 8.73686 ], [ -82.90823, 8.7357 ], [ -82.91015, 8.73649 ], [ -82.91084, 8.73922 ], [ -82.91313, 8.74103 ], [ -82.91628, 8.74116 ], [ -82.91743, 8.74317 ], [ -82.91664, 8.74486 ], [ -82.92015, 8.75129 ], [ -82.91851, 8.75315 ], [ -82.91621, 8.75226 ], [ -82.91283, 8.75418 ], [ -82.90942, 8.75814 ], [ -82.91573, 8.75993 ], [ -82.91622, 8.76401 ], [ -82.9194, 8.76515 ], [ -82.91826, 8.76688 ], [ -82.91401, 8.76696 ], [ -82.91329, 8.76815 ], [ -82.91479, 8.76978 ], [ -82.90658, 8.7749 ], [ -82.89895, 8.77511 ], [ -82.89682, 8.77191 ], [ -82.89262, 8.77187 ], [ -82.89278, 8.77808 ], [ -82.89151, 8.77897 ], [ -82.8949, 8.78313 ], [ -82.8906, 8.78512 ], [ -82.88966, 8.79065 ], [ -82.89059, 8.79146 ], [ -82.88582, 8.79521 ], [ -82.88269, 8.7954 ], [ -82.86661, 8.80505 ], [ -82.86296, 8.81377 ], [ -82.86323, 8.81835 ], [ -82.86947, 8.81662 ], [ -82.8775, 8.81966 ], [ -82.87694, 8.82277 ], [ -82.88067, 8.82242 ], [ -82.88147, 8.82554 ], [ -82.88362, 8.82646 ], [ -82.88315, 8.83172 ], [ -82.8706, 8.84245 ], [ -82.8682, 8.84657 ], [ -82.8624, 8.8492 ], [ -82.86209, 8.85286 ], [ -82.85681, 8.85271 ], [ -82.85483, 8.85618 ], [ -82.84804, 8.85336 ], [ -82.84027, 8.85643 ], [ -82.83546, 8.85559 ], [ -82.8278, 8.8578 ], [ -82.81324, 8.86382 ], [ -82.80815, 8.87356 ], [ -82.80432, 8.87365 ], [ -82.79758, 8.87704 ], [ -82.78861, 8.8773 ], [ -82.78221, 8.87478 ], [ -82.77317, 8.8786 ], [ -82.7696, 8.88259 ], [ -82.76095, 8.88515 ], [ -82.75952, 8.88846 ], [ -82.75101, 8.89326 ], [ -82.74682, 8.89963 ], [ -82.74884, 8.90214 ], [ -82.74886, 8.9064 ], [ -82.74251, 8.91052 ], [ -82.72437, 8.91731 ], [ -82.72086, 8.92067 ], [ -82.71221, 8.92207 ], [ -82.71241, 8.92943 ], [ -82.71468, 8.93318 ], [ -82.7139, 8.93736 ], [ -82.71712, 8.94999 ], [ -82.72658, 8.95489 ], [ -82.72773, 8.96009 ], [ -82.73617, 8.9621 ], [ -82.7399, 8.96689 ], [ -82.73853, 8.969 ], [ -82.7383, 8.9748 ], [ -82.7362, 8.97686 ], [ -82.74052, 8.98302 ], [ -82.7407, 8.98543 ], [ -82.74467, 8.98601 ], [ -82.7483, 8.99102 ], [ -82.76378, 8.99845 ], [ -82.76563, 8.9974 ], [ -82.77078, 8.99964 ], [ -82.77414, 9.00371 ], [ -82.77689, 9.00272 ], [ -82.78227, 9.00535 ], [ -82.78521, 9.00358 ], [ -82.79963, 9.00343 ], [ -82.80548, 9.00984 ], [ -82.8038, 9.01401 ], [ -82.80508, 9.01578 ], [ -82.8097, 9.01664 ], [ -82.815, 9.0199 ], [ -82.81391, 9.0237 ], [ -82.81755, 9.02986 ], [ -82.82362, 9.03045 ], [ -82.82425, 9.03375 ], [ -82.83007, 9.03528 ], [ -82.83598, 9.03418 ], [ -82.83632, 9.03658 ], [ -82.84013, 9.04033 ], [ -82.84473, 9.04036 ], [ -82.84438, 9.04284 ], [ -82.84635, 9.04194 ], [ -82.84986, 9.04548 ], [ -82.85531, 9.04617 ], [ -82.85796, 9.05033 ], [ -82.85685, 9.05282 ], [ -82.85901, 9.05411 ], [ -82.85871, 9.05657 ], [ -82.8638, 9.05733 ], [ -82.86871, 9.05457 ], [ -82.87752, 9.06044 ], [ -82.87947, 9.06967 ], [ -82.88273, 9.07106 ], [ -82.88306, 9.0742 ], [ -82.88715, 9.07998 ], [ -82.8873, 9.08782 ], [ -82.89306, 9.08908 ], [ -82.90691, 9.08214 ], [ -82.9191, 9.08418 ], [ -82.92261, 9.08287 ], [ -82.93386, 9.08418 ], [ -82.93439, 9.07857 ], [ -82.93908, 9.07475 ], [ -82.94252, 9.07631 ], [ -82.94392, 9.08097 ], [ -82.94778, 9.08251 ], [ -82.95118, 9.09117 ], [ -82.95469, 9.09196 ], [ -82.95809, 9.09004 ], [ -82.96337, 9.09421 ], [ -82.96616, 9.09395 ], [ -82.97041, 9.09673 ], [ -82.97717, 9.09391 ], [ -82.97777, 9.09696 ], [ -82.98042, 9.09807 ], [ -82.98107, 9.10062 ], [ -82.97953, 9.1025 ], [ -82.98169, 9.10673 ], [ -82.9811, 9.11288 ], [ -82.98969, 9.11682 ], [ -82.98729, 9.12311 ], [ -82.99612, 9.12747 ], [ -82.99231, 9.13649 ], [ -82.99583, 9.14486 ], [ -82.9919, 9.15218 ], [ -82.99168, 9.15517 ], [ -82.99475, 9.15572 ], [ -82.99742, 9.15862 ], [ -83.0036, 9.15535 ], [ -83.0282, 9.15978 ], [ -83.03235, 9.16192 ], [ -83.03649, 9.16174 ], [ -83.03836, 9.16005 ], [ -83.04659, 9.16026 ], [ -83.04721, 9.16234 ], [ -83.05864, 9.16897 ], [ -83.05861, 9.17083 ], [ -83.06077, 9.17162 ], [ -83.06571, 9.17807 ], [ -83.06563, 9.18136 ], [ -83.0683, 9.18401 ], [ -83.06649, 9.19035 ], [ -83.05563, 9.19511 ], [ -83.05745, 9.19831 ], [ -83.05739, 9.20236 ], [ -83.06395, 9.20489 ], [ -83.06704, 9.21069 ], [ -83.0705, 9.21219 ], [ -83.07241, 9.21663 ], [ -83.07519, 9.21721 ], [ -83.07654, 9.21988 ], [ -83.07612, 9.22593 ], [ -83.07906, 9.22862 ], [ -83.08005, 9.23406 ], [ -83.07787, 9.23649 ], [ -83.07312, 9.23733 ], [ -83.07372, 9.23912 ], [ -83.07141, 9.24341 ], [ -83.0733, 9.25027 ], [ -83.08368, 9.25574 ], [ -83.09189, 9.25387 ], [ -83.09585, 9.25504 ], [ -83.10262, 9.25942 ], [ -83.10314, 9.26363 ], [ -83.10966, 9.26527 ], [ -83.11608, 9.275 ], [ -83.13438, 9.27623 ], [ -83.13506, 9.28304 ], [ -83.13991, 9.28491 ], [ -83.14394, 9.2895 ], [ -83.14578, 9.28982 ], [ -83.1447, 9.29274 ], [ -83.15194, 9.29513 ], [ -83.15428, 9.29954 ], [ -83.15732, 9.29989 ], [ -83.16035, 9.30599 ], [ -83.16555, 9.30804 ], [ -83.16508, 9.31023 ], [ -83.16828, 9.31889 ], [ -83.17739, 9.32643 ], [ -83.18415, 9.32489 ], [ -83.18892, 9.32212 ], [ -83.19446, 9.32393 ], [ -83.20623, 9.32085 ], [ -83.2242, 9.32053 ], [ -83.22781, 9.3238 ], [ -83.22863, 9.32683 ], [ -83.236, 9.32891 ], [ -83.2371, 9.33414 ], [ -83.24168, 9.33925 ], [ -83.2595, 9.34207 ], [ -83.26239, 9.34592 ], [ -83.26962, 9.34816 ], [ -83.2726, 9.35282 ], [ -83.27968, 9.35645 ], [ -83.2876, 9.35533 ], [ -83.29101, 9.3632 ], [ -83.2974, 9.36649 ], [ -83.30269, 9.37448 ], [ -83.30833, 9.37726 ], [ -83.31231, 9.38233 ], [ -83.31946, 9.38414 ], [ -83.32358, 9.38407 ], [ -83.33111, 9.38094 ], [ -83.33236, 9.38317 ], [ -83.33448, 9.37446 ], [ -83.33816, 9.37313 ], [ -83.34019, 9.37051 ], [ -83.34691, 9.36955 ], [ -83.34415, 9.36543 ], [ -83.34379, 9.35896 ], [ -83.35102, 9.35094 ], [ -83.35533, 9.35217 ], [ -83.36658, 9.34622 ], [ -83.37566, 9.34778 ], [ -83.37854, 9.34633 ], [ -83.38609, 9.34623 ], [ -83.38996, 9.34321 ], [ -83.39473, 9.34237 ], [ -83.39662, 9.33795 ], [ -83.3989, 9.33769 ], [ -83.40135, 9.34446 ], [ -83.40121, 9.34809 ], [ -83.40362, 9.34845 ], [ -83.40566, 9.35361 ], [ -83.41523, 9.35711 ], [ -83.4186, 9.36336 ], [ -83.42268, 9.36704 ], [ -83.42936, 9.36737 ], [ -83.43133, 9.36911 ], [ -83.43184, 9.37215 ], [ -83.43791, 9.37144 ], [ -83.44027, 9.37758 ], [ -83.44541, 9.37709 ], [ -83.45406, 9.37907 ], [ -83.41897, 9.37933 ], [ -83.41876, 9.61355 ], [ -83.62829, 9.61358 ] ] ] } },
{ "type": "Feature", "properties": { "siglas_ac": "ACC", "nombre_ac": "Central", "area_km2": 8608.9 }, "geometry": { "type": "GeometryCollection", "geometries": [ { "type": "Polygon", "coordinates": [ [ [ -84.01103, 10.43876 ], [ -84.01105, 10.44415 ], [ -84.01418, 10.44402 ], [ -84.01322, 10.44044 ], [ -84.0188, 10.44019 ], [ -84.01909, 10.43749 ], [ -84.02371, 10.43917 ], [ -84.02516, 10.43693 ], [ -84.02473, 10.43235 ], [ -84.02771, 10.43211 ], [ -84.03007, 10.436 ], [ -84.03448, 10.4366 ], [ -84.03402, 10.43926 ], [ -84.03512, 10.43981 ], [ -84.04173, 10.4377 ], [ -84.05113, 10.42907 ], [ -84.05055, 10.41173 ], [ -84.04814, 10.40841 ], [ -84.05181, 10.40314 ], [ -84.05161, 10.39545 ], [ -84.05324, 10.39334 ], [ -84.05358, 10.38439 ], [ -84.05721, 10.37614 ], [ -84.0568, 10.36936 ], [ -84.06879, 10.35278 ], [ -84.06861, 10.34624 ], [ -84.0788, 10.33822 ], [ -84.07745, 10.33012 ], [ -84.08056, 10.326 ], [ -84.07898, 10.3207 ], [ -84.08177, 10.31634 ], [ -84.08155, 10.31182 ], [ -84.08473, 10.3097 ], [ -84.08657, 10.30611 ], [ -84.08717, 10.29257 ], [ -84.13246, 10.31256 ], [ -84.1802, 10.30354 ], [ -84.17858, 10.29995 ], [ -84.1808, 10.28873 ], [ -84.17753, 10.2806 ], [ -84.17795, 10.2729 ], [ -84.17456, 10.26697 ], [ -84.17269, 10.26616 ], [ -84.17296, 10.26312 ], [ -84.16747, 10.25242 ], [ -84.16748, 10.2489 ], [ -84.16126, 10.2404 ], [ -84.16127, 10.19695 ], [ -84.16309, 10.1935 ], [ -84.16432, 10.1956 ], [ -84.16608, 10.19217 ], [ -84.17373, 10.18816 ], [ -84.17514, 10.18393 ], [ -84.18164, 10.18167 ], [ -84.18337, 10.18228 ], [ -84.18676, 10.17996 ], [ -84.1913, 10.17952 ], [ -84.1945, 10.18166 ], [ -84.19448, 10.23174 ], [ -84.2201, 10.23176 ], [ -84.21706, 10.23493 ], [ -84.21751, 10.23794 ], [ -84.21187, 10.24006 ], [ -84.21665, 10.25073 ], [ -84.21507, 10.25164 ], [ -84.21133, 10.26181 ], [ -84.21286, 10.26358 ], [ -84.21157, 10.26485 ], [ -84.21192, 10.26694 ], [ -84.21353, 10.26736 ], [ -84.21317, 10.26924 ], [ -84.21429, 10.26929 ], [ -84.21422, 10.27169 ], [ -84.22261, 10.27656 ], [ -84.22729, 10.27508 ], [ -84.23043, 10.27628 ], [ -84.23302, 10.27542 ], [ -84.24236, 10.26572 ], [ -84.24368, 10.26631 ], [ -84.24472, 10.26172 ], [ -84.2466, 10.26022 ], [ -84.24788, 10.24352 ], [ -84.24456, 10.24245 ], [ -84.2486, 10.24156 ], [ -84.24962, 10.23496 ], [ -84.25242, 10.23493 ], [ -84.25393, 10.23104 ], [ -84.25516, 10.23121 ], [ -84.25467, 10.23348 ], [ -84.25923, 10.23527 ], [ -84.26532, 10.23187 ], [ -84.26529, 10.22913 ], [ -84.26878, 10.22984 ], [ -84.26307, 10.22193 ], [ -84.26653, 10.22256 ], [ -84.26728, 10.21952 ], [ -84.269, 10.22161 ], [ -84.27681, 10.2231 ], [ -84.27553, 10.2207 ], [ -84.27822, 10.22094 ], [ -84.27923, 10.21714 ], [ -84.28462, 10.22111 ], [ -84.28601, 10.22048 ], [ -84.2814, 10.21752 ], [ -84.28038, 10.21574 ], [ -84.2818, 10.21447 ], [ -84.27906, 10.21273 ], [ -84.28214, 10.21266 ], [ -84.28149, 10.21022 ], [ -84.28282, 10.21058 ], [ -84.285, 10.21381 ], [ -84.28684, 10.21044 ], [ -84.28756, 10.21193 ], [ -84.2914, 10.21127 ], [ -84.29282, 10.20802 ], [ -84.28917, 10.20743 ], [ -84.28684, 10.20329 ], [ -84.28917, 10.2053 ], [ -84.29241, 10.20322 ], [ -84.29591, 10.20403 ], [ -84.30228, 10.21067 ], [ -84.30445, 10.20073 ], [ -84.30658, 10.20107 ], [ -84.30607, 10.20553 ], [ -84.30816, 10.21077 ], [ -84.31175, 10.20631 ], [ -84.31388, 10.20681 ], [ -84.31634, 10.20509 ], [ -84.31861, 10.2069 ], [ -84.31953, 10.20555 ], [ -84.31748, 10.20487 ], [ -84.3192, 10.2014 ], [ -84.3192, 10.20446 ], [ -84.32304, 10.20333 ], [ -84.32145, 10.20281 ], [ -84.32359, 10.20254 ], [ -84.32323, 10.20109 ], [ -84.32478, 10.2017 ], [ -84.32662, 10.19949 ], [ -84.3333, 10.20051 ], [ -84.33347, 10.20502 ], [ -84.33513, 10.20519 ], [ -84.33641, 10.20903 ], [ -84.33563, 10.21224 ], [ -84.33983, 10.21793 ], [ -84.34374, 10.21397 ], [ -84.34405, 10.21146 ], [ -84.34077, 10.20467 ], [ -84.34038, 10.20049 ], [ -84.34312, 10.19639 ], [ -84.3478, 10.19804 ], [ -84.35094, 10.19459 ], [ -84.35731, 10.19651 ], [ -84.36394, 10.19537 ], [ -84.37184, 10.20218 ], [ -84.37437, 10.2027 ], [ -84.37601, 10.20603 ], [ -84.38224, 10.20419 ], [ -84.38593, 10.20636 ], [ -84.3847, 10.20817 ], [ -84.38523, 10.21502 ], [ -84.38185, 10.21558 ], [ -84.37906, 10.21812 ], [ -84.37819, 10.22381 ], [ -84.37957, 10.22566 ], [ -84.37649, 10.23019 ], [ -84.37291, 10.23366 ], [ -84.36016, 10.23688 ], [ -84.35806, 10.23956 ], [ -84.35946, 10.24126 ], [ -84.36368, 10.23954 ], [ -84.3641, 10.24089 ], [ -84.36705, 10.24112 ], [ -84.37116, 10.2434 ], [ -84.37202, 10.24646 ], [ -84.38253, 10.24806 ], [ -84.38258, 10.24694 ], [ -84.38631, 10.25061 ], [ -84.38696, 10.25334 ], [ -84.37968, 10.2519 ], [ -84.37552, 10.25359 ], [ -84.37483, 10.25206 ], [ -84.37471, 10.25197 ], [ -84.37455, 10.25195 ], [ -84.374, 10.25192 ], [ -84.37377, 10.25199 ], [ -84.37363, 10.25209 ], [ -84.3731, 10.25316 ], [ -84.37063, 10.2525 ], [ -84.36357, 10.2546 ], [ -84.36462, 10.25648 ], [ -84.36879, 10.25452 ], [ -84.37064, 10.25252 ], [ -84.37167, 10.25311 ], [ -84.37236, 10.2532 ], [ -84.37304, 10.25319 ], [ -84.37329, 10.2531 ], [ -84.37349, 10.25289 ], [ -84.3737, 10.25205 ], [ -84.37466, 10.25198 ], [ -84.3749, 10.25226 ], [ -84.37476, 10.25274 ], [ -84.37473, 10.25305 ], [ -84.37477, 10.25326 ], [ -84.37489, 10.25341 ], [ -84.375, 10.25349 ], [ -84.37551, 10.25363 ], [ -84.37578, 10.25363 ], [ -84.37969, 10.25194 ], [ -84.38212, 10.25411 ], [ -84.38313, 10.2576 ], [ -84.38627, 10.25796 ], [ -84.38686, 10.25974 ], [ -84.39059, 10.25877 ], [ -84.39183, 10.26047 ], [ -84.39417, 10.2591 ], [ -84.39798, 10.26103 ], [ -84.3997, 10.25936 ], [ -84.40145, 10.26316 ], [ -84.40289, 10.26192 ], [ -84.40958, 10.26324 ], [ -84.41262, 10.2624 ], [ -84.41599, 10.26435 ], [ -84.42155, 10.264 ], [ -84.42318, 10.26573 ], [ -84.42704, 10.2659 ], [ -84.42772, 10.26842 ], [ -84.43086, 10.26853 ], [ -84.43301, 10.27057 ], [ -84.5174, 10.24942 ], [ -84.51926, 10.26113 ], [ -84.51697, 10.26482 ], [ -84.51784, 10.27222 ], [ -84.52177, 10.27795 ], [ -84.52221, 10.28817 ], [ -84.52484, 10.29457 ], [ -84.52446, 10.29956 ], [ -84.52557, 10.30128 ], [ -84.52372, 10.30948 ], [ -84.52471, 10.31404 ], [ -84.523, 10.31909 ], [ -84.52326, 10.32385 ], [ -84.51995, 10.3333 ], [ -84.52039, 10.34876 ], [ -84.51823, 10.35705 ], [ -84.52095, 10.36001 ], [ -84.52282, 10.36556 ], [ -84.52654, 10.3662 ], [ -84.52902, 10.37403 ], [ -84.53249, 10.37306 ], [ -84.53165, 10.36921 ], [ -84.53295, 10.36611 ], [ -84.53143, 10.36328 ], [ -84.5345, 10.35747 ], [ -84.54679, 10.35408 ], [ -84.55772, 10.34424 ], [ -84.58008, 10.33102 ], [ -84.58301, 10.32295 ], [ -84.58773, 10.32065 ], [ -84.58823, 10.31811 ], [ -84.59615, 10.31078 ], [ -84.60245, 10.30914 ], [ -84.60653, 10.31127 ], [ -84.61428, 10.31157 ], [ -84.61439, 10.28589 ], [ -84.66917, 10.28584 ], [ -84.66912, 10.24063 ], [ -84.66081, 10.22148 ], [ -84.66017, 10.21679 ], [ -84.66204, 10.21383 ], [ -84.66015, 10.21107 ], [ -84.66463, 10.20651 ], [ -84.66124, 10.19981 ], [ -84.66394, 10.19558 ], [ -84.6709, 10.19091 ], [ -84.67392, 10.18549 ], [ -84.68332, 10.17662 ], [ -84.6825, 10.1751 ], [ -84.67784, 10.17399 ], [ -84.67052, 10.17643 ], [ -84.66804, 10.17584 ], [ -84.66648, 10.17201 ], [ -84.66365, 10.16966 ], [ -84.66524, 10.16839 ], [ -84.66355, 10.16701 ], [ -84.6648, 10.16545 ], [ -84.66341, 10.16524 ], [ -84.66572, 10.16423 ], [ -84.66461, 10.16349 ], [ -84.66655, 10.1622 ], [ -84.66708, 10.15927 ], [ -84.65078, 10.15928 ], [ -84.65078, 10.1538 ], [ -84.64841, 10.14896 ], [ -84.64505, 10.14608 ], [ -84.6421, 10.14641 ], [ -84.64162, 10.12313 ], [ -84.65074, 10.12312 ], [ -84.65073, 10.10504 ], [ -84.65499, 10.10503 ], [ -84.65389, 10.10144 ], [ -84.65069, 10.09932 ], [ -84.65055, 10.09645 ], [ -84.64795, 10.09493 ], [ -84.64924, 10.09158 ], [ -84.64762, 10.08662 ], [ -84.64482, 10.08545 ], [ -84.64383, 10.08091 ], [ -84.63715, 10.07732 ], [ -84.63611, 10.07469 ], [ -84.63054, 10.07063 ], [ -84.6314, 10.06847 ], [ -84.62807, 10.06324 ], [ -84.62873, 10.05945 ], [ -84.62668, 10.05631 ], [ -84.62587, 10.04834 ], [ -84.61763, 10.04449 ], [ -84.61658, 10.04682 ], [ -84.61499, 10.04548 ], [ -84.60932, 10.04613 ], [ -84.60263, 10.04437 ], [ -84.60021, 10.03745 ], [ -84.59335, 10.03564 ], [ -84.584, 10.0279 ], [ -84.5774, 10.02458 ], [ -84.5722, 10.01913 ], [ -84.56642, 10.02168 ], [ -84.5652, 10.024 ], [ -84.56623, 10.02873 ], [ -84.56333, 10.0292 ], [ -84.56244, 10.02211 ], [ -84.56407, 10.01606 ], [ -84.56078, 10.01287 ], [ -84.56138, 10.00939 ], [ -84.55948, 10.00817 ], [ -84.5596, 10.00655 ], [ -84.55636, 10.005 ], [ -84.55558, 10.00038 ], [ -84.55675, 9.99606 ], [ -84.55405, 9.99314 ], [ -84.5517, 9.99334 ], [ -84.55198, 9.99628 ], [ -84.54895, 9.99985 ], [ -84.54661, 10.0 ], [ -84.53846, 10.00787 ], [ -84.52142, 10.01372 ], [ -84.51739, 10.0109 ], [ -84.50862, 10.01494 ], [ -84.50253, 10.01132 ], [ -84.49925, 10.01221 ], [ -84.49758, 10.01471 ], [ -84.49493, 10.01041 ], [ -84.49673, 10.00553 ], [ -84.49436, 9.99235 ], [ -84.49791, 9.98384 ], [ -84.49441, 9.97947 ], [ -84.46495, 9.9892 ], [ -84.45867, 9.99279 ], [ -84.45596, 9.99746 ], [ -84.45242, 9.99746 ], [ -84.4536, 9.99584 ], [ -84.45241, 9.99296 ], [ -84.45547, 9.98782 ], [ -84.45345, 9.98156 ], [ -84.45464, 9.97477 ], [ -84.45266, 9.96896 ], [ -84.45383, 9.96506 ], [ -84.45649, 9.96258 ], [ -84.45679, 9.96034 ], [ -84.46221, 9.95844 ], [ -84.46849, 9.95164 ], [ -84.46683, 9.9481 ], [ -84.46882, 9.93861 ], [ -84.46803, 9.93567 ], [ -84.46588, 9.93519 ], [ -84.46468, 9.93 ], [ -84.46258, 9.92865 ], [ -84.46238, 9.92401 ], [ -84.46524, 9.92249 ], [ -84.46848, 9.91608 ], [ -84.47575, 9.9157 ], [ -84.48266, 9.91057 ], [ -84.49404, 9.9072 ], [ -84.49654, 9.90798 ], [ -84.49675, 9.91058 ], [ -84.49886, 9.91095 ], [ -84.50148, 9.90045 ], [ -84.50648, 9.8898 ], [ -84.50845, 9.88827 ], [ -84.50984, 9.89256 ], [ -84.5137, 9.89285 ], [ -84.51894, 9.88625 ], [ -84.52614, 9.88465 ], [ -84.52648, 9.88088 ], [ -84.52888, 9.87708 ], [ -84.53438, 9.87802 ], [ -84.53524, 9.87662 ], [ -84.53409, 9.87266 ], [ -84.53712, 9.87272 ], [ -84.54081, 9.87619 ], [ -84.54236, 9.87555 ], [ -84.54313, 9.87111 ], [ -84.53976, 9.86491 ], [ -84.53755, 9.86357 ], [ -84.53791, 9.86214 ], [ -84.5394, 9.86118 ], [ -84.54518, 9.8632 ], [ -84.54908, 9.86286 ], [ -84.54648, 9.85866 ], [ -84.54728, 9.84853 ], [ -84.549, 9.84754 ], [ -84.55571, 9.84987 ], [ -84.55812, 9.84455 ], [ -84.56309, 9.8426 ], [ -84.56348, 9.83875 ], [ -84.55496, 9.83378 ], [ -84.55095, 9.83546 ], [ -84.54863, 9.83429 ], [ -84.54432, 9.83841 ], [ -84.54106, 9.83851 ], [ -84.54105, 9.82883 ], [ -84.54415, 9.82892 ], [ -84.54816, 9.81798 ], [ -84.559, 9.81169 ], [ -84.55507, 9.80568 ], [ -84.55133, 9.79519 ], [ -84.54738, 9.79318 ], [ -84.54223, 9.7929 ], [ -84.53784, 9.78924 ], [ -84.53647, 9.79186 ], [ -84.53175, 9.7884 ], [ -84.53099, 9.77966 ], [ -84.53265, 9.77596 ], [ -84.52917, 9.77784 ], [ -84.5276, 9.77495 ], [ -84.53161, 9.76957 ], [ -84.52801, 9.76699 ], [ -84.52929, 9.76534 ], [ -84.52547, 9.7628 ], [ -84.52579, 9.75921 ], [ -84.52403, 9.75828 ], [ -84.52527, 9.75531 ], [ -84.52351, 9.75376 ], [ -84.52272, 9.74842 ], [ -84.52396, 9.74457 ], [ -84.52271, 9.74417 ], [ -84.52391, 9.74377 ], [ -84.52678, 9.74494 ], [ -84.54178, 9.74301 ], [ -84.54284, 9.74184 ], [ -84.54514, 9.74303 ], [ -84.56727, 9.74473 ], [ -84.56728, 9.7459 ], [ -84.57356, 9.73799 ], [ -84.57742, 9.73982 ], [ -84.57824, 9.74184 ], [ -84.58521, 9.74117 ], [ -84.58625, 9.74304 ], [ -84.59085, 9.7441 ], [ -84.59272, 9.74283 ], [ -84.58936, 9.72133 ], [ -84.58669, 9.71801 ], [ -84.58328, 9.70845 ], [ -84.5849, 9.69399 ], [ -84.58468, 9.69152 ], [ -84.58254, 9.68928 ], [ -84.5833, 9.68543 ], [ -84.58536, 9.68391 ], [ -84.58044, 9.67373 ], [ -84.58086, 9.66661 ], [ -84.57249, 9.65472 ], [ -84.5737, 9.65116 ], [ -84.57202, 9.64444 ], [ -84.56544, 9.63593 ], [ -84.56376, 9.63139 ], [ -84.56429, 9.62801 ], [ -84.56131, 9.62504 ], [ -84.55617, 9.62589 ], [ -84.55065, 9.61893 ], [ -84.54955, 9.61021 ], [ -84.5518, 9.60332 ], [ -84.5492, 9.5967 ], [ -84.55048, 9.59437 ], [ -84.54889, 9.59405 ], [ -84.5488, 9.59155 ], [ -84.54674, 9.59033 ], [ -84.54705, 9.58785 ], [ -84.54536, 9.58544 ], [ -84.54395, 9.5863 ], [ -84.54355, 9.5847 ], [ -84.54162, 9.5867 ], [ -84.54177, 9.58469 ], [ -84.53936, 9.5862 ], [ -84.53819, 9.58488 ], [ -84.53601, 9.58519 ], [ -84.53765, 9.58369 ], [ -84.53691, 9.58273 ], [ -84.53536, 9.58114 ], [ -84.53438, 9.58312 ], [ -84.53262, 9.57932 ], [ -84.53025, 9.57914 ], [ -84.52895, 9.57564 ], [ -84.5272, 9.57596 ], [ -84.5255, 9.57302 ], [ -84.52333, 9.57415 ], [ -84.5196, 9.57229 ], [ -84.51255, 9.5732 ], [ -84.50658, 9.571 ], [ -84.50311, 9.57333 ], [ -84.49453, 9.57 ], [ -84.49001, 9.57249 ], [ -84.48418, 9.56979 ], [ -84.48383, 9.57554 ], [ -84.48195, 9.57693 ], [ -84.47843, 9.57324 ], [ -84.47474, 9.57467 ], [ -84.47341, 9.57264 ], [ -84.47013, 9.576 ], [ -84.46512, 9.57333 ], [ -84.46418, 9.57006 ], [ -84.46247, 9.57147 ], [ -84.46293, 9.57523 ], [ -84.45766, 9.58224 ], [ -84.4537, 9.57712 ], [ -84.45177, 9.57812 ], [ -84.44964, 9.57565 ], [ -84.44476, 9.57763 ], [ -84.44516, 9.57538 ], [ -84.44168, 9.57554 ], [ -84.44227, 9.57304 ], [ -84.43921, 9.57195 ], [ -84.4395, 9.56865 ], [ -84.43506, 9.56941 ], [ -84.43468, 9.56791 ], [ -84.43641, 9.56781 ], [ -84.43841, 9.5652 ], [ -84.43478, 9.56469 ], [ -84.43696, 9.5626 ], [ -84.43174, 9.55935 ], [ -84.43067, 9.55635 ], [ -84.42982, 9.56034 ], [ -84.42829, 9.55846 ], [ -84.4247, 9.5591 ], [ -84.42753, 9.56202 ], [ -84.428, 9.565 ], [ -84.42639, 9.5657 ], [ -84.42274, 9.56205 ], [ -84.42211, 9.56325 ], [ -84.42402, 9.5651 ], [ -84.42357, 9.56904 ], [ -84.41763, 9.56888 ], [ -84.41825, 9.57203 ], [ -84.41452, 9.57276 ], [ -84.41551, 9.57492 ], [ -84.41304, 9.57447 ], [ -84.41468, 9.57675 ], [ -84.41282, 9.57934 ], [ -84.41567, 9.57996 ], [ -84.41417, 9.58108 ], [ -84.4151, 9.58239 ], [ -84.41419, 9.5837 ], [ -84.412, 9.58256 ], [ -84.41005, 9.58341 ], [ -84.40832, 9.58127 ], [ -84.4052, 9.58155 ], [ -84.40484, 9.58337 ], [ -84.40179, 9.58235 ], [ -84.40216, 9.58841 ], [ -84.39878, 9.58951 ], [ -84.39928, 9.59224 ], [ -84.39733, 9.59689 ], [ -84.394, 9.59727 ], [ -84.39186, 9.60021 ], [ -84.39452, 9.60505 ], [ -84.39642, 9.60498 ], [ -84.39579, 9.60707 ], [ -84.39797, 9.60957 ], [ -84.39817, 9.61653 ], [ -84.39417, 9.62056 ], [ -84.39746, 9.62618 ], [ -84.39667, 9.63266 ], [ -84.39853, 9.63514 ], [ -84.39646, 9.63706 ], [ -84.39105, 9.63704 ], [ -84.38774, 9.63875 ], [ -84.38521, 9.63658 ], [ -84.38474, 9.63376 ], [ -84.38046, 9.63536 ], [ -84.37883, 9.63398 ], [ -84.37606, 9.63958 ], [ -84.37581, 9.63592 ], [ -84.37239, 9.63476 ], [ -84.37129, 9.6363 ], [ -84.37063, 9.63502 ], [ -84.36917, 9.63748 ], [ -84.3695, 9.63484 ], [ -84.36593, 9.6314 ], [ -84.36024, 9.63266 ], [ -84.36162, 9.63559 ], [ -84.36097, 9.63811 ], [ -84.3594, 9.63721 ], [ -84.35163, 9.63939 ], [ -84.35115, 9.63741 ], [ -84.35032, 9.63834 ], [ -84.34907, 9.63562 ], [ -84.34756, 9.63536 ], [ -84.34714, 9.63256 ], [ -84.34472, 9.63173 ], [ -84.34148, 9.6331 ], [ -84.34198, 9.6359 ], [ -84.33893, 9.63402 ], [ -84.33709, 9.6347 ], [ -84.33527, 9.64072 ], [ -84.32353, 9.63605 ], [ -84.31946, 9.63736 ], [ -84.31598, 9.64153 ], [ -84.31258, 9.64291 ], [ -84.30868, 9.64128 ], [ -84.3049, 9.64333 ], [ -84.30541, 9.64734 ], [ -84.30322, 9.64973 ], [ -84.30067, 9.64754 ], [ -84.29699, 9.6476 ], [ -84.29431, 9.6458 ], [ -84.29694, 9.63461 ], [ -84.29546, 9.63362 ], [ -84.29374, 9.6349 ], [ -84.29226, 9.63384 ], [ -84.28794, 9.63801 ], [ -84.28511, 9.63452 ], [ -84.28617, 9.63266 ], [ -84.28428, 9.62926 ], [ -84.27849, 9.62827 ], [ -84.27593, 9.63049 ], [ -84.27139, 9.63137 ], [ -84.26534, 9.63077 ], [ -84.25986, 9.62692 ], [ -84.24653, 9.62808 ], [ -84.243, 9.62324 ], [ -84.24136, 9.62414 ], [ -84.23645, 9.62316 ], [ -84.22766, 9.62893 ], [ -84.22264, 9.62721 ], [ -84.22109, 9.62364 ], [ -84.21773, 9.62079 ], [ -84.21048, 9.62157 ], [ -84.20817, 9.61986 ], [ -84.20418, 9.62049 ], [ -84.20015, 9.61837 ], [ -84.19092, 9.61746 ], [ -84.18816, 9.6209 ], [ -84.18178, 9.62428 ], [ -84.16976, 9.62439 ], [ -84.1601, 9.62598 ], [ -84.15748, 9.62848 ], [ -84.15, 9.62925 ], [ -84.14848, 9.62302 ], [ -84.13916, 9.62149 ], [ -84.12975, 9.60721 ], [ -84.13108, 9.60173 ], [ -84.13366, 9.59999 ], [ -84.13636, 9.59917 ], [ -84.14186, 9.60049 ], [ -84.13941, 9.58918 ], [ -84.14289, 9.58421 ], [ -84.14333, 9.58089 ], [ -84.14053, 9.57589 ], [ -84.13799, 9.57595 ], [ -84.13601, 9.57208 ], [ -84.13111, 9.57132 ], [ -84.12867, 9.56949 ], [ -84.12532, 9.56399 ], [ -84.1258, 9.56055 ], [ -84.12044, 9.55429 ], [ -84.11898, 9.56005 ], [ -84.10997, 9.56155 ], [ -84.10856, 9.56422 ], [ -84.10628, 9.56352 ], [ -84.09913, 9.56912 ], [ -84.09254, 9.56806 ], [ -84.0826, 9.56372 ], [ -84.07476, 9.56693 ], [ -84.07196, 9.57099 ], [ -84.0745, 9.55976 ], [ -84.0765, 9.55853 ], [ -84.0721, 9.55223 ], [ -84.072, 9.5346 ], [ -84.06907, 9.53055 ], [ -84.07123, 9.52925 ], [ -84.07166, 9.52512 ], [ -84.07403, 9.52375 ], [ -84.07362, 9.5187 ], [ -84.07848, 9.5172 ], [ -84.08103, 9.51475 ], [ -84.08374, 9.51515 ], [ -84.08789, 9.50995 ], [ -84.08317, 9.50987 ], [ -84.08265, 9.51176 ], [ -84.08, 9.51159 ], [ -84.07891, 9.51344 ], [ -84.07488, 9.50265 ], [ -84.0636, 9.49873 ], [ -84.05644, 9.49097 ], [ -84.05341, 9.48948 ], [ -84.05148, 9.48455 ], [ -84.04287, 9.47639 ], [ -84.03297, 9.47102 ], [ -84.02706, 9.4612 ], [ -84.01775, 9.45918 ], [ -84.0049, 9.45124 ], [ -83.99751, 9.45026 ], [ -83.99673, 9.44765 ], [ -83.9941, 9.44815 ], [ -83.99637, 9.45107 ], [ -83.99599, 9.45276 ], [ -83.99156, 9.45514 ], [ -83.99477, 9.46201 ], [ -83.98906, 9.46434 ], [ -83.9868, 9.46808 ], [ -83.98549, 9.46803 ], [ -83.984, 9.46457 ], [ -83.97548, 9.46057 ], [ -83.97368, 9.4542 ], [ -83.97082, 9.45077 ], [ -83.96543, 9.44973 ], [ -83.96734, 9.44652 ], [ -83.96441, 9.44325 ], [ -83.96679, 9.43902 ], [ -83.96551, 9.43613 ], [ -83.96045, 9.43191 ], [ -83.9536, 9.43049 ], [ -83.9492, 9.43594 ], [ -83.94751, 9.44189 ], [ -83.94443, 9.44279 ], [ -83.9457, 9.44931 ], [ -83.94193, 9.45198 ], [ -83.94522, 9.45488 ], [ -83.94358, 9.46366 ], [ -83.945, 9.46518 ], [ -83.94245, 9.46723 ], [ -83.9454, 9.46989 ], [ -83.94384, 9.47251 ], [ -83.94462, 9.47765 ], [ -83.94324, 9.48431 ], [ -83.94002, 9.49043 ], [ -83.93607, 9.49095 ], [ -83.93366, 9.4851 ], [ -83.92532, 9.48442 ], [ -83.91738, 9.48975 ], [ -83.91898, 9.4926 ], [ -83.91817, 9.49754 ], [ -83.91589, 9.49827 ], [ -83.91092, 9.49503 ], [ -83.90617, 9.49715 ], [ -83.90151, 9.49565 ], [ -83.89938, 9.4983 ], [ -83.89622, 9.4977 ], [ -83.8915, 9.50443 ], [ -83.88925, 9.50188 ], [ -83.88483, 9.50322 ], [ -83.88428, 9.50579 ], [ -83.87783, 9.51011 ], [ -83.87473, 9.51393 ], [ -83.87696, 9.51961 ], [ -83.87294, 9.5195 ], [ -83.86965, 9.52175 ], [ -83.86761, 9.52705 ], [ -83.86232, 9.52517 ], [ -83.85738, 9.53016 ], [ -83.85445, 9.52999 ], [ -83.84811, 9.5349 ], [ -83.84297, 9.53319 ], [ -83.83921, 9.53463 ], [ -83.83598, 9.53151 ], [ -83.82513, 9.53101 ], [ -83.82318, 9.53551 ], [ -83.81784, 9.53627 ], [ -83.81671, 9.54402 ], [ -83.81101, 9.54677 ], [ -83.80644, 9.55524 ], [ -83.80225, 9.55817 ], [ -83.80199, 9.56276 ], [ -83.79905, 9.56741 ], [ -83.80122, 9.57128 ], [ -83.80009, 9.57762 ], [ -83.79164, 9.58524 ], [ -83.79102, 9.588 ], [ -83.78176, 9.59299 ], [ -83.77644, 9.59837 ], [ -83.77216, 9.59826 ], [ -83.77176, 9.59669 ], [ -83.77088, 9.59752 ], [ -83.76771, 9.59457 ], [ -83.76667, 9.58838 ], [ -83.75709, 9.57466 ], [ -83.75697, 9.56505 ], [ -83.7526, 9.55975 ], [ -83.74273, 9.55828 ], [ -83.73309, 9.56126 ], [ -83.72757, 9.55963 ], [ -83.71852, 9.55113 ], [ -83.71054, 9.55555 ], [ -83.70888, 9.55822 ], [ -83.70288, 9.55372 ], [ -83.69806, 9.55223 ], [ -83.69053, 9.55327 ], [ -83.68256, 9.55189 ], [ -83.67045, 9.55969 ], [ -83.66408, 9.5692 ], [ -83.66436, 9.572 ], [ -83.66245, 9.57516 ], [ -83.65565, 9.58021 ], [ -83.65429, 9.58352 ], [ -83.65087, 9.58359 ], [ -83.62835, 9.59142 ], [ -83.62829, 9.61358 ], [ -83.49122, 9.61393 ], [ -83.49009, 9.61766 ], [ -83.48193, 9.62853 ], [ -83.47825, 9.62904 ], [ -83.47404, 9.6321 ], [ -83.46809, 9.6325 ], [ -83.46452, 9.63812 ], [ -83.46336, 9.64332 ], [ -83.45981, 9.64471 ], [ -83.45779, 9.64775 ], [ -83.45096, 9.64862 ], [ -83.45022, 9.65175 ], [ -83.44715, 9.65306 ], [ -83.44401, 9.65945 ], [ -83.44237, 9.66022 ], [ -83.44053, 9.66643 ], [ -83.43628, 9.66817 ], [ -83.43427, 9.67299 ], [ -83.4296, 9.677 ], [ -83.42749, 9.6866 ], [ -83.42775, 9.69515 ], [ -83.4298, 9.69854 ], [ -83.42924, 9.70617 ], [ -83.42294, 9.7115 ], [ -83.41546, 9.72284 ], [ -83.4112, 9.72595 ], [ -83.40738, 9.73106 ], [ -83.40659, 9.73533 ], [ -83.40183, 9.7404 ], [ -83.39529, 9.74393 ], [ -83.39339, 9.74948 ], [ -83.3856, 9.76142 ], [ -83.38403, 9.76732 ], [ -83.37887, 9.77376 ], [ -83.3688, 9.78022 ], [ -83.36774, 9.78624 ], [ -83.36442, 9.78806 ], [ -83.36275, 9.79159 ], [ -83.35851, 9.79407 ], [ -83.35819, 9.79637 ], [ -83.35589, 9.79794 ], [ -83.35651, 9.80252 ], [ -83.34584, 9.81088 ], [ -83.34049, 9.82175 ], [ -83.3358, 9.82325 ], [ -83.33708, 9.83029 ], [ -83.33914, 9.83373 ], [ -83.33502, 9.83665 ], [ -83.33193, 9.84377 ], [ -83.336, 9.84729 ], [ -83.33562, 9.84948 ], [ -83.33783, 9.85171 ], [ -83.33981, 9.85982 ], [ -83.33743, 9.86235 ], [ -83.33446, 9.87255 ], [ -83.33656, 9.87527 ], [ -83.33371, 9.87899 ], [ -83.3374, 9.88416 ], [ -83.33448, 9.88549 ], [ -83.34267, 9.88935 ], [ -83.34034, 9.89159 ], [ -83.34087, 9.89434 ], [ -83.3433, 9.89326 ], [ -83.34835, 9.89809 ], [ -83.34507, 9.89966 ], [ -83.34918, 9.90321 ], [ -83.34804, 9.91067 ], [ -83.349, 9.91437 ], [ -83.34535, 9.91506 ], [ -83.34491, 9.91729 ], [ -83.34955, 9.92155 ], [ -83.35082, 9.92576 ], [ -83.34885, 9.92923 ], [ -83.35169, 9.93165 ], [ -83.35295, 9.93635 ], [ -83.35156, 9.93783 ], [ -83.34801, 9.9359 ], [ -83.34578, 9.94011 ], [ -83.34125, 9.94009 ], [ -83.33698, 9.94235 ], [ -83.34115, 9.95188 ], [ -83.34175, 9.95667 ], [ -83.34015, 9.95972 ], [ -83.3331, 9.96473 ], [ -83.32776, 9.96507 ], [ -83.31652, 9.979 ], [ -83.3119, 9.98163 ], [ -83.3715, 9.9817 ], [ -83.37058, 9.97853 ], [ -83.37999, 9.97426 ], [ -83.38086, 9.97201 ], [ -83.3852, 9.97066 ], [ -83.39137, 9.96503 ], [ -83.37951, 9.95125 ], [ -83.38026, 9.94533 ], [ -83.38301, 9.93906 ], [ -83.37482, 9.93587 ], [ -83.36712, 9.9184 ], [ -83.36344, 9.8994 ], [ -83.36533, 9.89811 ], [ -83.37223, 9.90152 ], [ -83.37766, 9.90035 ], [ -83.37947, 9.89539 ], [ -83.38137, 9.89507 ], [ -83.38238, 9.89061 ], [ -83.38547, 9.88846 ], [ -83.3943, 9.88559 ], [ -83.39636, 9.88674 ], [ -83.39952, 9.88417 ], [ -83.40839, 9.88144 ], [ -83.41169, 9.8782 ], [ -83.41293, 9.87986 ], [ -83.4233, 9.88308 ], [ -83.42331, 9.88082 ], [ -83.42842, 9.8788 ], [ -83.44027, 9.87883 ], [ -83.44234, 9.88156 ], [ -83.44483, 9.88211 ], [ -83.44807, 9.88624 ], [ -83.44771, 9.88788 ], [ -83.45347, 9.89304 ], [ -83.45437, 9.8962 ], [ -83.45703, 9.89868 ], [ -83.45567, 9.9007 ], [ -83.45703, 9.90126 ], [ -83.457, 9.90319 ], [ -83.45824, 9.90292 ], [ -83.45213, 9.91428 ], [ -83.45511, 9.92058 ], [ -83.45387, 9.92363 ], [ -83.45524, 9.92576 ], [ -83.45499, 9.92825 ], [ -83.4517, 9.93118 ], [ -83.4613, 9.93551 ], [ -83.46513, 9.93886 ], [ -83.46814, 9.93854 ], [ -83.46996, 9.94183 ], [ -83.47283, 9.94125 ], [ -83.48262, 9.9454 ], [ -83.48171, 9.94791 ], [ -83.48529, 9.95034 ], [ -83.48628, 9.95281 ], [ -83.48567, 9.95727 ], [ -83.48341, 9.95881 ], [ -83.48326, 9.96243 ], [ -83.4813, 9.96478 ], [ -83.48397, 9.96704 ], [ -83.4836, 9.9743 ], [ -83.48652, 9.97494 ], [ -83.48825, 9.97344 ], [ -83.49013, 9.98195 ], [ -83.49233, 9.98292 ], [ -83.49989, 9.98178 ], [ -83.50428, 9.97893 ], [ -83.50745, 9.97407 ], [ -83.51127, 9.97212 ], [ -83.51664, 9.97947 ], [ -83.51688, 9.98205 ], [ -83.52749, 9.98821 ], [ -83.53693, 9.98762 ], [ -83.53792, 9.98356 ], [ -83.54239, 9.97989 ], [ -83.54257, 9.97475 ], [ -83.54892, 9.97543 ], [ -83.54944, 9.97914 ], [ -83.55201, 9.98056 ], [ -83.55128, 9.98184 ], [ -83.60509, 9.98186 ], [ -83.61767, 9.98782 ], [ -83.62474, 9.99953 ], [ -83.62904, 10.00092 ], [ -83.63058, 9.99982 ], [ -83.6344, 10.00612 ], [ -83.63712, 10.0045 ], [ -83.63773, 10.00866 ], [ -83.63949, 10.01044 ], [ -83.64187, 10.00969 ], [ -83.6454, 10.01106 ], [ -83.64949, 10.01501 ], [ -83.65176, 10.01468 ], [ -83.65663, 10.01835 ], [ -83.65808, 10.01629 ], [ -83.65938, 10.01661 ], [ -83.66481, 10.01947 ], [ -83.66676, 10.02384 ], [ -83.67148, 10.0257 ], [ -83.64952, 10.03396 ], [ -83.61898, 10.03073 ], [ -83.61344, 10.05603 ], [ -83.68508, 10.04488 ], [ -83.6631, 10.081 ], [ -83.73277, 10.11932 ], [ -83.78762, 10.0844 ], [ -83.83405, 10.15183 ], [ -83.89465, 10.20436 ], [ -83.91475, 10.2006 ], [ -83.91271, 10.20304 ], [ -83.92341, 10.19897 ], [ -83.95539, 10.23653 ], [ -84.05762, 10.27935 ], [ -84.05786, 10.28237 ], [ -84.04648, 10.29752 ], [ -84.04671, 10.30021 ], [ -84.04347, 10.30506 ], [ -84.04212, 10.31067 ], [ -84.02964, 10.31706 ], [ -84.02908, 10.32538 ], [ -84.03657, 10.32729 ], [ -84.03858, 10.32946 ], [ -84.03191, 10.3347 ], [ -84.03072, 10.33216 ], [ -84.02647, 10.33332 ], [ -84.02414, 10.33815 ], [ -84.02407, 10.34191 ], [ -84.0148, 10.34684 ], [ -84.01209, 10.3505 ], [ -84.01356, 10.35767 ], [ -84.01137, 10.36082 ], [ -84.0095, 10.3613 ], [ -84.00453, 10.36738 ], [ -84.0026, 10.36768 ], [ -84.0017, 10.37159 ], [ -83.99803, 10.37083 ], [ -83.99584, 10.37302 ], [ -83.99353, 10.37264 ], [ -83.99945, 10.37761 ], [ -84.00468, 10.39434 ], [ -83.99729, 10.39747 ], [ -83.9912, 10.41397 ], [ -83.99745, 10.42069 ], [ -83.99848, 10.42677 ], [ -84.0013, 10.42765 ], [ -84.0008, 10.42974 ], [ -84.00197, 10.43049 ], [ -84.00324, 10.42843 ], [ -84.0084, 10.43775 ], [ -84.01103, 10.43876 ] ] ] }, { "type": "MultiLineString", "coordinates": [ [ [ -84.08376, 10.29133 ], [ -84.08375, 10.29133 ] ], [ [ -84.08375, 10.29147 ], [ -84.08375, 10.29134 ] ] ] } ] } },
{ "type": "Feature", "properties": { "siglas_ac": "ACOPAC", "nombre_ac": "Pacifico Central", "area_km2": 2770.8 }, "geometry": { "type": "Polygon", "coordinates": [ [ [ -84.82622, 10.33726 ], [ -84.82919, 10.33646 ], [ -84.83844, 10.32895 ], [ -84.84531, 10.31149 ], [ -84.8433, 10.30391 ], [ -84.84505, 10.2967 ], [ -84.84377, 10.29395 ], [ -84.84719, 10.28742 ], [ -84.85581, 10.28387 ], [ -84.8584, 10.28445 ], [ -84.86199, 10.28093 ], [ -84.86363, 10.28141 ], [ -84.86269, 10.27867 ], [ -84.86588, 10.2698 ], [ -84.86807, 10.26645 ], [ -84.87165, 10.26434 ], [ -84.87258, 10.26129 ], [ -84.87057, 10.24786 ], [ -84.87264, 10.24334 ], [ -84.87196, 10.24165 ], [ -84.87672, 10.23795 ], [ -84.87632, 10.23498 ], [ -84.87812, 10.234 ], [ -84.87769, 10.22971 ], [ -84.87948, 10.22675 ], [ -84.88219, 10.22669 ], [ -84.88507, 10.22313 ], [ -84.8875, 10.22282 ], [ -84.88951, 10.21788 ], [ -84.88958, 10.21217 ], [ -84.8874, 10.21154 ], [ -84.88365, 10.20594 ], [ -84.87384, 10.19923 ], [ -84.87576, 10.19574 ], [ -84.87571, 10.18863 ], [ -84.88459, 10.18036 ], [ -84.89099, 10.18007 ], [ -84.89431, 10.1817 ], [ -84.89748, 10.17985 ], [ -84.89966, 10.18075 ], [ -84.90153, 10.17765 ], [ -84.90258, 10.1794 ], [ -84.90613, 10.1784 ], [ -84.90839, 10.17428 ], [ -84.91296, 10.17089 ], [ -84.91303, 10.16729 ], [ -84.91716, 10.16255 ], [ -84.92044, 10.1633 ], [ -84.92096, 10.16181 ], [ -84.92621, 10.15935 ], [ -84.92938, 10.15936 ], [ -84.93341, 10.1541 ], [ -84.93056, 10.15164 ], [ -84.93229, 10.15069 ], [ -84.93183, 10.1491 ], [ -84.92792, 10.14867 ], [ -84.92701, 10.14682 ], [ -84.93024, 10.13971 ], [ -84.92703, 10.13789 ], [ -84.92434, 10.13039 ], [ -84.92524, 10.12799 ], [ -84.92961, 10.12802 ], [ -84.92389, 10.11936 ], [ -84.92671, 10.11872 ], [ -84.92753, 10.11454 ], [ -84.92415, 10.11539 ], [ -84.92362, 10.11313 ], [ -84.92111, 10.11313 ], [ -84.92111, 10.11052 ], [ -84.92768, 10.11289 ], [ -84.92918, 10.11495 ], [ -84.939, 10.11443 ], [ -84.94914, 10.11896 ], [ -84.95885, 10.12901 ], [ -84.96577, 10.13278 ], [ -84.97245, 10.13902 ], [ -84.97669, 10.13933 ], [ -84.9798, 10.14126 ], [ -84.98198, 10.14918 ], [ -85.0034, 10.16005 ], [ -85.00423, 10.16344 ], [ -85.00236, 10.16882 ], [ -85.00304, 10.17172 ], [ -85.0096, 10.17949 ], [ -85.02545, 10.18649 ], [ -85.02911, 10.19293 ], [ -85.02669, 10.19709 ], [ -85.02746, 10.20044 ], [ -85.03073, 10.19861 ], [ -85.03057, 10.19732 ], [ -85.03296, 10.19803 ], [ -85.0324, 10.19679 ], [ -85.03644, 10.1946 ], [ -85.03514, 10.19257 ], [ -85.03779, 10.19298 ], [ -85.03736, 10.1912 ], [ -85.03952, 10.18958 ], [ -85.03638, 10.18795 ], [ -85.03838, 10.18224 ], [ -85.03639, 10.18317 ], [ -85.03443, 10.18193 ], [ -85.03696, 10.18135 ], [ -85.03482, 10.17918 ], [ -85.03612, 10.17798 ], [ -85.03447, 10.17591 ], [ -85.03614, 10.17496 ], [ -85.03469, 10.17201 ], [ -85.03098, 10.16983 ], [ -85.02762, 10.17001 ], [ -85.02796, 10.16505 ], [ -85.02988, 10.16257 ], [ -85.02774, 10.15918 ], [ -85.03631, 10.1602 ], [ -85.03849, 10.159 ], [ -85.04109, 10.16061 ], [ -85.04115, 10.16372 ], [ -85.04298, 10.16261 ], [ -85.04245, 10.16046 ], [ -85.04887, 10.15973 ], [ -85.05867, 10.16683 ], [ -85.0574, 10.16389 ], [ -85.06107, 10.16596 ], [ -85.06032, 10.16341 ], [ -85.06227, 10.16182 ], [ -85.06236, 10.16364 ], [ -85.06482, 10.16441 ], [ -85.06713, 10.16764 ], [ -85.06867, 10.16422 ], [ -85.06601, 10.15889 ], [ -85.06915, 10.15812 ], [ -85.07403, 10.16004 ], [ -85.07685, 10.15653 ], [ -85.06998, 10.15153 ], [ -85.0695, 10.14733 ], [ -85.07217, 10.14399 ], [ -85.07933, 10.14272 ], [ -85.07923, 10.13846 ], [ -85.0768, 10.1355 ], [ -85.06275, 10.13537 ], [ -85.06192, 10.13483 ], [ -85.06323, 10.13503 ], [ -85.06316, 10.13369 ], [ -85.06091, 10.1328 ], [ -85.05714, 10.13427 ], [ -85.0515, 10.14002 ], [ -85.0484, 10.14078 ], [ -85.03627, 10.13311 ], [ -85.02685, 10.13179 ], [ -85.02486, 10.12959 ], [ -85.02527, 10.12785 ], [ -85.01898, 10.12523 ], [ -85.01383, 10.11732 ], [ -85.00843, 10.11391 ], [ -85.00392, 10.10684 ], [ -85.00323, 10.10306 ], [ -84.99258, 10.09811 ], [ -84.98708, 10.09732 ], [ -84.98419, 10.09478 ], [ -84.98041, 10.09486 ], [ -84.97583, 10.09196 ], [ -84.97199, 10.09232 ], [ -84.96996, 10.09022 ], [ -84.9683, 10.09089 ], [ -84.96307, 10.08544 ], [ -84.9589, 10.07806 ], [ -84.95802, 10.06746 ], [ -84.96606, 10.06892 ], [ -84.967, 10.0666 ], [ -84.96823, 10.06714 ], [ -84.96874, 10.06436 ], [ -84.96544, 10.06445 ], [ -84.96261, 10.06261 ], [ -84.95792, 10.0634 ], [ -84.95306, 10.05901 ], [ -84.94557, 10.06316 ], [ -84.94562, 10.05911 ], [ -84.9431, 10.05588 ], [ -84.9415, 10.05616 ], [ -84.93563, 10.05112 ], [ -84.92765, 10.03826 ], [ -84.92, 10.0391 ], [ -84.91932, 10.03642 ], [ -84.92053, 10.03715 ], [ -84.92092, 10.03553 ], [ -84.90971, 10.03114 ], [ -84.91118, 10.03053 ], [ -84.91022, 10.02906 ], [ -84.89896, 10.02688 ], [ -84.89818, 10.02557 ], [ -84.89988, 10.02517 ], [ -84.89636, 10.01905 ], [ -84.89168, 10.0196 ], [ -84.88945, 10.01569 ], [ -84.88546, 10.01398 ], [ -84.887, 10.01425 ], [ -84.88402, 10.01092 ], [ -84.87719, 10.00743 ], [ -84.87587, 10.00786 ], [ -84.87554, 10.01041 ], [ -84.87072, 10.00531 ], [ -84.86919, 10.00614 ], [ -84.86873, 10.00418 ], [ -84.86598, 10.00286 ], [ -84.85846, 10.00466 ], [ -84.85766, 10.00062 ], [ -84.85461, 9.99971 ], [ -84.85319, 9.99645 ], [ -84.84495, 9.9953 ], [ -84.84143, 9.99067 ], [ -84.83825, 9.99045 ], [ -84.83368, 9.98628 ], [ -84.83125, 9.98881 ], [ -84.83024, 9.98787 ], [ -84.8268, 9.98902 ], [ -84.82447, 9.98804 ], [ -84.82706, 9.98811 ], [ -84.827, 9.98632 ], [ -84.82339, 9.9854 ], [ -84.80964, 9.98727 ], [ -84.795, 9.98255 ], [ -84.78871, 9.98184 ], [ -84.78761, 9.9828 ], [ -84.78496, 9.98107 ], [ -84.81468, 9.98283 ], [ -84.82487, 9.97878 ], [ -84.8308, 9.98061 ], [ -84.83765, 9.97985 ], [ -84.83981, 9.9781 ], [ -84.84081, 9.97901 ], [ -84.84339, 9.97706 ], [ -84.84886, 9.97812 ], [ -84.85137, 9.97663 ], [ -84.84994, 9.97499 ], [ -84.83289, 9.97451 ], [ -84.80859, 9.9804 ], [ -84.78294, 9.97992 ], [ -84.75336, 9.97344 ], [ -84.74241, 9.9696 ], [ -84.74214, 9.96792 ], [ -84.73922, 9.9663 ], [ -84.73807, 9.96361 ], [ -84.73959, 9.95702 ], [ -84.73855, 9.95517 ], [ -84.74108, 9.95196 ], [ -84.73994, 9.95092 ], [ -84.74073, 9.9491 ], [ -84.73579, 9.94618 ], [ -84.73655, 9.94183 ], [ -84.72099, 9.93155 ], [ -84.71326, 9.92197 ], [ -84.71517, 9.92108 ], [ -84.71334, 9.92011 ], [ -84.71448, 9.91414 ], [ -84.71703, 9.91202 ], [ -84.72269, 9.91163 ], [ -84.72493, 9.91395 ], [ -84.72768, 9.91413 ], [ -84.7276, 9.91346 ], [ -84.72474, 9.91314 ], [ -84.72288, 9.90709 ], [ -84.7261, 9.9 ], [ -84.72979, 9.89994 ], [ -84.72945, 9.895 ], [ -84.7312, 9.89302 ], [ -84.72352, 9.88823 ], [ -84.72323, 9.88411 ], [ -84.71001, 9.87792 ], [ -84.70359, 9.87239 ], [ -84.69814, 9.8649 ], [ -84.69559, 9.86391 ], [ -84.69851, 9.86335 ], [ -84.69909, 9.86199 ], [ -84.69757, 9.86006 ], [ -84.70109, 9.86088 ], [ -84.70148, 9.85794 ], [ -84.69229, 9.85342 ], [ -84.68125, 9.84439 ], [ -84.67589, 9.83702 ], [ -84.67503, 9.83351 ], [ -84.657, 9.81311 ], [ -84.65023, 9.80041 ], [ -84.64515, 9.79593 ], [ -84.64046, 9.78805 ], [ -84.64042, 9.78436 ], [ -84.6457, 9.79146 ], [ -84.64695, 9.7961 ], [ -84.64804, 9.79598 ], [ -84.64734, 9.79207 ], [ -84.63393, 9.77296 ], [ -84.62823, 9.76121 ], [ -84.62747, 9.75411 ], [ -84.63101, 9.75017 ], [ -84.63233, 9.74039 ], [ -84.64214, 9.73528 ], [ -84.64477, 9.73596 ], [ -84.64417, 9.73215 ], [ -84.6467, 9.73044 ], [ -84.64892, 9.73117 ], [ -84.65254, 9.72304 ], [ -84.6555, 9.72194 ], [ -84.65852, 9.71781 ], [ -84.66082, 9.70736 ], [ -84.6659, 9.70505 ], [ -84.66876, 9.70822 ], [ -84.66857, 9.70632 ], [ -84.66745, 9.70522 ], [ -84.66806, 9.70167 ], [ -84.67194, 9.69732 ], [ -84.67507, 9.69655 ], [ -84.67356, 9.69242 ], [ -84.67415, 9.68977 ], [ -84.67579, 9.68914 ], [ -84.67572, 9.68621 ], [ -84.67329, 9.68551 ], [ -84.67429, 9.68192 ], [ -84.66838, 9.67294 ], [ -84.66967, 9.67142 ], [ -84.6699, 9.66625 ], [ -84.67244, 9.6656 ], [ -84.67223, 9.65952 ], [ -84.67882, 9.6579 ], [ -84.67949, 9.65474 ], [ -84.67837, 9.65332 ], [ -84.68057, 9.6515 ], [ -84.67744, 9.64977 ], [ -84.67422, 9.65157 ], [ -84.66698, 9.65213 ], [ -84.66713, 9.65001 ], [ -84.66405, 9.64846 ], [ -84.66646, 9.65006 ], [ -84.66379, 9.65174 ], [ -84.66367, 9.64936 ], [ -84.66328, 9.65093 ], [ -84.6607, 9.65113 ], [ -84.65698, 9.64763 ], [ -84.6547, 9.64197 ], [ -84.65546, 9.6379 ], [ -84.6579, 9.63513 ], [ -84.66254, 9.63381 ], [ -84.66413, 9.6309 ], [ -84.66106, 9.63004 ], [ -84.6605, 9.62844 ], [ -84.6583, 9.6287 ], [ -84.65836, 9.6259 ], [ -84.65523, 9.62707 ], [ -84.65059, 9.62155 ], [ -84.64257, 9.62142 ], [ -84.63303, 9.61497 ], [ -84.62652, 9.60851 ], [ -84.62173, 9.60125 ], [ -84.62093, 9.5964 ], [ -84.62561, 9.59135 ], [ -84.62196, 9.58552 ], [ -84.61975, 9.58548 ], [ -84.61774, 9.58141 ], [ -84.61222, 9.57954 ], [ -84.60133, 9.5725 ], [ -84.5533, 9.53789 ], [ -84.54032, 9.52655 ], [ -84.53573, 9.51898 ], [ -84.53648, 9.51652 ], [ -84.53486, 9.51895 ], [ -84.53226, 9.51689 ], [ -84.52743, 9.51949 ], [ -84.52402, 9.51937 ], [ -84.51751, 9.52362 ], [ -84.50876, 9.52343 ], [ -84.49439, 9.52865 ], [ -84.47158, 9.52797 ], [ -84.46175, 9.52594 ], [ -84.41816, 9.51128 ], [ -84.36761, 9.50031 ], [ -84.34567, 9.49321 ], [ -84.34229, 9.49376 ], [ -84.34044, 9.49219 ], [ -84.2938, 9.48451 ], [ -84.25376, 9.47259 ], [ -84.24673, 9.47253 ], [ -84.23406, 9.46538 ], [ -84.23144, 9.46631 ], [ -84.23099, 9.46869 ], [ -84.22043, 9.46051 ], [ -84.20473, 9.46143 ], [ -84.19005, 9.45494 ], [ -84.18587, 9.45065 ], [ -84.18565, 9.44489 ], [ -84.17323, 9.43766 ], [ -84.16632, 9.43179 ], [ -84.16858, 9.43575 ], [ -84.1682, 9.43838 ], [ -84.16993, 9.43951 ], [ -84.16862, 9.4413 ], [ -84.16769, 9.43605 ], [ -84.16507, 9.43311 ], [ -84.16568, 9.4298 ], [ -84.16679, 9.4252 ], [ -84.17253, 9.42418 ], [ -84.1719, 9.42395 ], [ -84.16967, 9.42431 ], [ -84.16946, 9.42195 ], [ -84.16849, 9.42277 ], [ -84.16638, 9.42126 ], [ -84.16625, 9.41994 ], [ -84.16869, 9.41957 ], [ -84.16464, 9.41621 ], [ -84.16625, 9.41447 ], [ -84.16359, 9.41354 ], [ -84.16674, 9.41186 ], [ -84.16551, 9.40874 ], [ -84.1636, 9.40835 ], [ -84.16354, 9.40491 ], [ -84.16699, 9.40087 ], [ -84.1685, 9.401 ], [ -84.1687, 9.40252 ], [ -84.17286, 9.40258 ], [ -84.174, 9.40027 ], [ -84.17646, 9.39966 ], [ -84.17687, 9.39517 ], [ -84.17616, 9.39405 ], [ -84.17535, 9.39576 ], [ -84.17504, 9.39449 ], [ -84.1731, 9.39437 ], [ -84.16178, 9.39707 ], [ -84.15296, 9.3935 ], [ -84.1481, 9.38948 ], [ -84.14655, 9.38595 ], [ -84.14693, 9.3806 ], [ -84.14974, 9.3805 ], [ -84.1477, 9.37655 ], [ -84.14452, 9.37705 ], [ -84.14612, 9.3799 ], [ -84.14388, 9.38183 ], [ -84.13968, 9.37989 ], [ -84.13894, 9.3771 ], [ -84.13697, 9.37844 ], [ -84.13532, 9.37712 ], [ -84.13461, 9.37983 ], [ -84.13664, 9.38094 ], [ -84.13435, 9.38268 ], [ -84.13559, 9.38265 ], [ -84.13545, 9.38462 ], [ -84.13038, 9.38683 ], [ -84.12332, 9.36923 ], [ -84.12329, 9.37347 ], [ -84.12023, 9.37474 ], [ -84.11812, 9.37377 ], [ -84.11667, 9.37794 ], [ -84.11503, 9.37497 ], [ -84.09394, 9.37285 ], [ -84.0359, 9.34707 ], [ -84.03183, 9.34682 ], [ -84.02958, 9.34502 ], [ -83.9827, 9.32907 ], [ -83.95429, 9.31592 ], [ -83.93356, 9.30306 ], [ -83.92703, 9.30097 ], [ -83.92654, 9.29887 ], [ -83.92446, 9.29854 ], [ -83.92268, 9.29567 ], [ -83.90894, 9.28567 ], [ -83.90544, 9.28401 ], [ -83.90476, 9.28576 ], [ -83.90254, 9.28524 ], [ -83.90274, 9.28344 ], [ -83.90121, 9.28274 ], [ -83.90335, 9.2832 ], [ -83.90355, 9.28189 ], [ -83.87144, 9.2554 ], [ -83.86643, 9.25511 ], [ -83.86487, 9.25622 ], [ -83.85924, 9.26862 ], [ -83.85811, 9.2738 ], [ -83.85909, 9.27635 ], [ -83.85336, 9.28108 ], [ -83.85804, 9.29171 ], [ -83.85472, 9.29291 ], [ -83.85696, 9.29521 ], [ -83.85634, 9.30042 ], [ -83.85434, 9.30196 ], [ -83.85842, 9.30288 ], [ -83.8599, 9.3083 ], [ -83.8569, 9.30872 ], [ -83.85572, 9.31029 ], [ -83.8537, 9.32465 ], [ -83.85019, 9.32461 ], [ -83.84953, 9.32701 ], [ -83.84503, 9.33022 ], [ -83.84698, 9.33448 ], [ -83.84251, 9.33443 ], [ -83.83995, 9.33702 ], [ -83.84137, 9.34283 ], [ -83.84761, 9.34212 ], [ -83.85167, 9.33972 ], [ -83.85772, 9.34253 ], [ -83.86322, 9.34278 ], [ -83.86818, 9.34507 ], [ -83.87049, 9.3484 ], [ -83.86977, 9.35115 ], [ -83.87108, 9.35229 ], [ -83.86992, 9.35438 ], [ -83.87775, 9.36043 ], [ -83.89056, 9.36193 ], [ -83.89162, 9.36717 ], [ -83.88769, 9.37111 ], [ -83.887, 9.37413 ], [ -83.88818, 9.37756 ], [ -83.8941, 9.38563 ], [ -83.89768, 9.38647 ], [ -83.8991, 9.39373 ], [ -83.90204, 9.39969 ], [ -83.90926, 9.40486 ], [ -83.92452, 9.40364 ], [ -83.92819, 9.40029 ], [ -83.93439, 9.39914 ], [ -83.93654, 9.39612 ], [ -83.93319, 9.38948 ], [ -83.93607, 9.38708 ], [ -83.94246, 9.38821 ], [ -83.94539, 9.39491 ], [ -83.95014, 9.3956 ], [ -83.95489, 9.39446 ], [ -83.95845, 9.39717 ], [ -83.96178, 9.39592 ], [ -83.96538, 9.40219 ], [ -83.96153, 9.40977 ], [ -83.96865, 9.41602 ], [ -83.97596, 9.42008 ], [ -83.98015, 9.42063 ], [ -83.9809, 9.42786 ], [ -83.98312, 9.43308 ], [ -83.98947, 9.43367 ], [ -83.99823, 9.43817 ], [ -84.00257, 9.44429 ], [ -84.00187, 9.45036 ], [ -84.01127, 9.45587 ], [ -84.01531, 9.45666 ], [ -84.01775, 9.45918 ], [ -84.02706, 9.4612 ], [ -84.03297, 9.47102 ], [ -84.04287, 9.47639 ], [ -84.05148, 9.48455 ], [ -84.05341, 9.48948 ], [ -84.05644, 9.49097 ], [ -84.0636, 9.49873 ], [ -84.07488, 9.50265 ], [ -84.07891, 9.51344 ], [ -84.08, 9.51159 ], [ -84.08265, 9.51176 ], [ -84.08317, 9.50987 ], [ -84.08789, 9.50995 ], [ -84.08374, 9.51515 ], [ -84.08103, 9.51475 ], [ -84.07848, 9.5172 ], [ -84.07362, 9.5187 ], [ -84.07403, 9.52375 ], [ -84.07166, 9.52512 ], [ -84.07123, 9.52925 ], [ -84.06907, 9.53055 ], [ -84.072, 9.5346 ], [ -84.0721, 9.55223 ], [ -84.0765, 9.55853 ], [ -84.0745, 9.55976 ], [ -84.07196, 9.57099 ], [ -84.07476, 9.56693 ], [ -84.0826, 9.56372 ], [ -84.09254, 9.56806 ], [ -84.09913, 9.56912 ], [ -84.10628, 9.56352 ], [ -84.10856, 9.56422 ], [ -84.10997, 9.56155 ], [ -84.11898, 9.56005 ], [ -84.12044, 9.55429 ], [ -84.1258, 9.56055 ], [ -84.12532, 9.56399 ], [ -84.12867, 9.56949 ], [ -84.13111, 9.57132 ], [ -84.13601, 9.57208 ], [ -84.13799, 9.57595 ], [ -84.14053, 9.57589 ], [ -84.14333, 9.58089 ], [ -84.14289, 9.58421 ], [ -84.13941, 9.58918 ], [ -84.14186, 9.60049 ], [ -84.13636, 9.59917 ], [ -84.13366, 9.59999 ], [ -84.13108, 9.60173 ], [ -84.12975, 9.60721 ], [ -84.13916, 9.62149 ], [ -84.14848, 9.62302 ], [ -84.15, 9.62925 ], [ -84.15748, 9.62848 ], [ -84.1601, 9.62598 ], [ -84.16976, 9.62439 ], [ -84.18178, 9.62428 ], [ -84.18816, 9.6209 ], [ -84.19092, 9.61746 ], [ -84.20015, 9.61837 ], [ -84.20418, 9.62049 ], [ -84.20817, 9.61986 ], [ -84.21048, 9.62157 ], [ -84.21773, 9.62079 ], [ -84.22109, 9.62364 ], [ -84.22264, 9.62721 ], [ -84.22766, 9.62893 ], [ -84.23645, 9.62316 ], [ -84.24136, 9.62414 ], [ -84.243, 9.62324 ], [ -84.24653, 9.62808 ], [ -84.25986, 9.62692 ], [ -84.26534, 9.63077 ], [ -84.27139, 9.63137 ], [ -84.27593, 9.63049 ], [ -84.27849, 9.62827 ], [ -84.28428, 9.62926 ], [ -84.28617, 9.63266 ], [ -84.28511, 9.63452 ], [ -84.28794, 9.63801 ], [ -84.29226, 9.63384 ], [ -84.29374, 9.6349 ], [ -84.29546, 9.63362 ], [ -84.29694, 9.63461 ], [ -84.29431, 9.6458 ], [ -84.29699, 9.6476 ], [ -84.30067, 9.64754 ], [ -84.30322, 9.64973 ], [ -84.30541, 9.64734 ], [ -84.3049, 9.64333 ], [ -84.30868, 9.64128 ], [ -84.31258, 9.64291 ], [ -84.31598, 9.64153 ], [ -84.31946, 9.63736 ], [ -84.32353, 9.63605 ], [ -84.33527, 9.64072 ], [ -84.33709, 9.6347 ], [ -84.33893, 9.63402 ], [ -84.34198, 9.6359 ], [ -84.34148, 9.6331 ], [ -84.34472, 9.63173 ], [ -84.34714, 9.63256 ], [ -84.34756, 9.63536 ], [ -84.34907, 9.63562 ], [ -84.35032, 9.63834 ], [ -84.35115, 9.63741 ], [ -84.35163, 9.63939 ], [ -84.3594, 9.63721 ], [ -84.36097, 9.63811 ], [ -84.36162, 9.63559 ], [ -84.36024, 9.63266 ], [ -84.36593, 9.6314 ], [ -84.3695, 9.63484 ], [ -84.36917, 9.63748 ], [ -84.37063, 9.63502 ], [ -84.37129, 9.6363 ], [ -84.37239, 9.63476 ], [ -84.37581, 9.63592 ], [ -84.37606, 9.63958 ], [ -84.37883, 9.63398 ], [ -84.38046, 9.63536 ], [ -84.38474, 9.63376 ], [ -84.38521, 9.63658 ], [ -84.38774, 9.63875 ], [ -84.39105, 9.63704 ], [ -84.39646, 9.63706 ], [ -84.39853, 9.63514 ], [ -84.39667, 9.63266 ], [ -84.39746, 9.62618 ], [ -84.39417, 9.62056 ], [ -84.39817, 9.61653 ], [ -84.39797, 9.60957 ], [ -84.39579, 9.60707 ], [ -84.39642, 9.60498 ], [ -84.39452, 9.60505 ], [ -84.39186, 9.60021 ], [ -84.394, 9.59727 ], [ -84.39733, 9.59689 ], [ -84.39928, 9.59224 ], [ -84.39878, 9.58951 ], [ -84.40216, 9.58841 ], [ -84.40179, 9.58235 ], [ -84.40484, 9.58337 ], [ -84.4052, 9.58155 ], [ -84.40832, 9.58127 ], [ -84.41005, 9.58341 ], [ -84.412, 9.58256 ], [ -84.41419, 9.5837 ], [ -84.4151, 9.58239 ], [ -84.41417, 9.58108 ], [ -84.41567, 9.57996 ], [ -84.41282, 9.57934 ], [ -84.41468, 9.57675 ], [ -84.41304, 9.57447 ], [ -84.41551, 9.57492 ], [ -84.41452, 9.57276 ], [ -84.41825, 9.57203 ], [ -84.41763, 9.56888 ], [ -84.42357, 9.56904 ], [ -84.42402, 9.5651 ], [ -84.42211, 9.56325 ], [ -84.42274, 9.56205 ], [ -84.42639, 9.5657 ], [ -84.428, 9.565 ], [ -84.42753, 9.56202 ], [ -84.4247, 9.5591 ], [ -84.42829, 9.55846 ], [ -84.42982, 9.56034 ], [ -84.43067, 9.55635 ], [ -84.43174, 9.55935 ], [ -84.43696, 9.5626 ], [ -84.43478, 9.56469 ], [ -84.43841, 9.5652 ], [ -84.43641, 9.56781 ], [ -84.43468, 9.56791 ], [ -84.43506, 9.56941 ], [ -84.4395, 9.56865 ], [ -84.43921, 9.57195 ], [ -84.44227, 9.57304 ], [ -84.44168, 9.57554 ], [ -84.44516, 9.57538 ], [ -84.44476, 9.57763 ], [ -84.44964, 9.57565 ], [ -84.45177, 9.57812 ], [ -84.4537, 9.57712 ], [ -84.45766, 9.58224 ], [ -84.46293, 9.57523 ], [ -84.46247, 9.57147 ], [ -84.46418, 9.57006 ], [ -84.46512, 9.57333 ], [ -84.47013, 9.576 ], [ -84.47341, 9.57264 ], [ -84.47474, 9.57467 ], [ -84.47843, 9.57324 ], [ -84.48195, 9.57693 ], [ -84.48383, 9.57554 ], [ -84.48418, 9.56979 ], [ -84.49001, 9.57249 ], [ -84.49453, 9.57 ], [ -84.50311, 9.57333 ], [ -84.50658, 9.571 ], [ -84.51255, 9.5732 ], [ -84.5196, 9.57229 ], [ -84.52333, 9.57415 ], [ -84.5255, 9.57302 ], [ -84.5272, 9.57596 ], [ -84.52895, 9.57564 ], [ -84.53025, 9.57914 ], [ -84.53262, 9.57932 ], [ -84.53438, 9.58312 ], [ -84.53536, 9.58114 ], [ -84.53691, 9.58273 ], [ -84.53765, 9.58369 ], [ -84.53601, 9.58519 ], [ -84.53819, 9.58488 ], [ -84.53936, 9.5862 ], [ -84.54177, 9.58469 ], [ -84.54162, 9.5867 ], [ -84.54355, 9.5847 ], [ -84.54395, 9.5863 ], [ -84.54536, 9.58544 ], [ -84.54705, 9.58785 ], [ -84.54674, 9.59033 ], [ -84.5488, 9.59155 ], [ -84.54889, 9.59405 ], [ -84.55048, 9.59437 ], [ -84.5492, 9.5967 ], [ -84.5518, 9.60332 ], [ -84.54955, 9.61021 ], [ -84.55065, 9.61893 ], [ -84.55617, 9.62589 ], [ -84.56131, 9.62504 ], [ -84.56429, 9.62801 ], [ -84.56376, 9.63139 ], [ -84.56544, 9.63593 ], [ -84.57202, 9.64444 ], [ -84.5737, 9.65116 ], [ -84.57249, 9.65472 ], [ -84.58086, 9.66661 ], [ -84.58044, 9.67373 ], [ -84.58536, 9.68391 ], [ -84.5833, 9.68543 ], [ -84.58254, 9.68928 ], [ -84.58468, 9.69152 ], [ -84.5849, 9.69399 ], [ -84.58328, 9.70845 ], [ -84.58669, 9.71801 ], [ -84.58936, 9.72133 ], [ -84.59272, 9.74283 ], [ -84.59085, 9.7441 ], [ -84.58625, 9.74304 ], [ -84.58521, 9.74117 ], [ -84.57824, 9.74184 ], [ -84.57742, 9.73982 ], [ -84.57356, 9.73799 ], [ -84.56728, 9.7459 ], [ -84.56727, 9.74473 ], [ -84.54514, 9.74303 ], [ -84.54284, 9.74184 ], [ -84.54178, 9.74301 ], [ -84.52678, 9.74494 ], [ -84.52271, 9.74417 ], [ -84.52396, 9.74457 ], [ -84.52272, 9.74842 ], [ -84.52351, 9.75376 ], [ -84.52527, 9.75531 ], [ -84.52403, 9.75828 ], [ -84.52579, 9.75921 ], [ -84.52547, 9.7628 ], [ -84.52929, 9.76534 ], [ -84.52801, 9.76699 ], [ -84.53161, 9.76957 ], [ -84.5276, 9.77495 ], [ -84.52917, 9.77784 ], [ -84.53265, 9.77596 ], [ -84.53099, 9.77966 ], [ -84.53175, 9.7884 ], [ -84.53647, 9.79186 ], [ -84.53784, 9.78924 ], [ -84.54223, 9.7929 ], [ -84.54738, 9.79318 ], [ -84.55133, 9.79519 ], [ -84.55507, 9.80568 ], [ -84.559, 9.81169 ], [ -84.54816, 9.81798 ], [ -84.54415, 9.82892 ], [ -84.54105, 9.82883 ], [ -84.54106, 9.83851 ], [ -84.54432, 9.83841 ], [ -84.54863, 9.83429 ], [ -84.55095, 9.83546 ], [ -84.55496, 9.83378 ], [ -84.56348, 9.83875 ], [ -84.56309, 9.8426 ], [ -84.55812, 9.84455 ], [ -84.55571, 9.84987 ], [ -84.549, 9.84754 ], [ -84.54728, 9.84853 ], [ -84.54648, 9.85866 ], [ -84.54908, 9.86286 ], [ -84.54518, 9.8632 ], [ -84.5394, 9.86118 ], [ -84.53791, 9.86214 ], [ -84.53755, 9.86357 ], [ -84.53976, 9.86491 ], [ -84.54313, 9.87111 ], [ -84.54236, 9.87555 ], [ -84.54081, 9.87619 ], [ -84.53712, 9.87272 ], [ -84.53409, 9.87266 ], [ -84.53524, 9.87662 ], [ -84.53438, 9.87802 ], [ -84.52888, 9.87708 ], [ -84.52648, 9.88088 ], [ -84.52614, 9.88465 ], [ -84.51894, 9.88625 ], [ -84.5137, 9.89285 ], [ -84.50984, 9.89256 ], [ -84.50845, 9.88827 ], [ -84.50648, 9.8898 ], [ -84.50148, 9.90045 ], [ -84.49886, 9.91095 ], [ -84.49675, 9.91058 ], [ -84.49654, 9.90798 ], [ -84.49404, 9.9072 ], [ -84.48266, 9.91057 ], [ -84.47575, 9.9157 ], [ -84.46848, 9.91608 ], [ -84.46524, 9.92249 ], [ -84.46238, 9.92401 ], [ -84.46258, 9.92865 ], [ -84.46468, 9.93 ], [ -84.46588, 9.93519 ], [ -84.46803, 9.93567 ], [ -84.46882, 9.93861 ], [ -84.46683, 9.9481 ], [ -84.46849, 9.95164 ], [ -84.46221, 9.95844 ], [ -84.45679, 9.96034 ], [ -84.45649, 9.96258 ], [ -84.45383, 9.96506 ], [ -84.45266, 9.96896 ], [ -84.45464, 9.97477 ], [ -84.45345, 9.98156 ], [ -84.45547, 9.98782 ], [ -84.45241, 9.99296 ], [ -84.4536, 9.99584 ], [ -84.45242, 9.99746 ], [ -84.45596, 9.99746 ], [ -84.45867, 9.99279 ], [ -84.46495, 9.9892 ], [ -84.49441, 9.97947 ], [ -84.49791, 9.98384 ], [ -84.49436, 9.99235 ], [ -84.49673, 10.00553 ], [ -84.49493, 10.01041 ], [ -84.49758, 10.01471 ], [ -84.49925, 10.01221 ], [ -84.50253, 10.01132 ], [ -84.50862, 10.01494 ], [ -84.51739, 10.0109 ], [ -84.52142, 10.01372 ], [ -84.53846, 10.00787 ], [ -84.54661, 10.0 ], [ -84.54895, 9.99985 ], [ -84.55198, 9.99628 ], [ -84.5517, 9.99334 ], [ -84.55405, 9.99314 ], [ -84.55675, 9.99606 ], [ -84.55558, 10.00038 ], [ -84.55636, 10.005 ], [ -84.5596, 10.00655 ], [ -84.55948, 10.00817 ], [ -84.56138, 10.00939 ], [ -84.56078, 10.01287 ], [ -84.56407, 10.01606 ], [ -84.56244, 10.02211 ], [ -84.56333, 10.0292 ], [ -84.56623, 10.02873 ], [ -84.5652, 10.024 ], [ -84.56642, 10.02168 ], [ -84.5722, 10.01913 ], [ -84.5774, 10.02458 ], [ -84.584, 10.0279 ], [ -84.59335, 10.03564 ], [ -84.60021, 10.03745 ], [ -84.60263, 10.04437 ], [ -84.60932, 10.04613 ], [ -84.61499, 10.04548 ], [ -84.61658, 10.04682 ], [ -84.61763, 10.04449 ], [ -84.62587, 10.04834 ], [ -84.62668, 10.05631 ], [ -84.62873, 10.05945 ], [ -84.62807, 10.06324 ], [ -84.6314, 10.06847 ], [ -84.63054, 10.07063 ], [ -84.63611, 10.07469 ], [ -84.63715, 10.07732 ], [ -84.64383, 10.08091 ], [ -84.64482, 10.08545 ], [ -84.64762, 10.08662 ], [ -84.64924, 10.09158 ], [ -84.64795, 10.09493 ], [ -84.65055, 10.09645 ], [ -84.65069, 10.09932 ], [ -84.65389, 10.10144 ], [ -84.65499, 10.10503 ], [ -84.65073, 10.10504 ], [ -84.65074, 10.12312 ], [ -84.64162, 10.12313 ], [ -84.6421, 10.14641 ], [ -84.64505, 10.14608 ], [ -84.64841, 10.14896 ], [ -84.65078, 10.1538 ], [ -84.65078, 10.15928 ], [ -84.66708, 10.15927 ], [ -84.66655, 10.1622 ], [ -84.66461, 10.16349 ], [ -84.66572, 10.16423 ], [ -84.66341, 10.16524 ], [ -84.6648, 10.16545 ], [ -84.66355, 10.16701 ], [ -84.66524, 10.16839 ], [ -84.66365, 10.16966 ], [ -84.66648, 10.17201 ], [ -84.66804, 10.17584 ], [ -84.67052, 10.17643 ], [ -84.67784, 10.17399 ], [ -84.6825, 10.1751 ], [ -84.68332, 10.17662 ], [ -84.67392, 10.18549 ], [ -84.6709, 10.19091 ], [ -84.66394, 10.19558 ], [ -84.66124, 10.19981 ], [ -84.66463, 10.20651 ], [ -84.66015, 10.21107 ], [ -84.66204, 10.21383 ], [ -84.66017, 10.21679 ], [ -84.66081, 10.22148 ], [ -84.66912, 10.24063 ], [ -84.66913, 10.24993 ], [ -84.67811, 10.24247 ], [ -84.68223, 10.2463 ], [ -84.68229, 10.25025 ], [ -84.68809, 10.25702 ], [ -84.69199, 10.25727 ], [ -84.69372, 10.25591 ], [ -84.6952, 10.2574 ], [ -84.70565, 10.25852 ], [ -84.70565, 10.25596 ], [ -84.7125, 10.25596 ], [ -84.71296, 10.25867 ], [ -84.71696, 10.24963 ], [ -84.72116, 10.24962 ], [ -84.72435, 10.24464 ], [ -84.72846, 10.2478 ], [ -84.73074, 10.24644 ], [ -84.73073, 10.2383 ], [ -84.73451, 10.23655 ], [ -84.7367, 10.23819 ], [ -84.73701, 10.24219 ], [ -84.74123, 10.24055 ], [ -84.74488, 10.2419 ], [ -84.74899, 10.24054 ], [ -84.75127, 10.2428 ], [ -84.75037, 10.25003 ], [ -84.75357, 10.25184 ], [ -84.75767, 10.24731 ], [ -84.75264, 10.2446 ], [ -84.75492, 10.24144 ], [ -84.75812, 10.24279 ], [ -84.7636, 10.24233 ], [ -84.76405, 10.24052 ], [ -84.76861, 10.24051 ], [ -84.76953, 10.24277 ], [ -84.77684, 10.24683 ], [ -84.77684, 10.24954 ], [ -84.78004, 10.25044 ], [ -84.78368, 10.24727 ], [ -84.78323, 10.2527 ], [ -84.78507, 10.25767 ], [ -84.78644, 10.25631 ], [ -84.78963, 10.25676 ], [ -84.79145, 10.25495 ], [ -84.79146, 10.25676 ], [ -84.79602, 10.25811 ], [ -84.7983, 10.25223 ], [ -84.80241, 10.25448 ], [ -84.79922, 10.25946 ], [ -84.80287, 10.26081 ], [ -84.80517, 10.27165 ], [ -84.80017, 10.26878 ], [ -84.79874, 10.26605 ], [ -84.79468, 10.26714 ], [ -84.79352, 10.26626 ], [ -84.79293, 10.26162 ], [ -84.79067, 10.25888 ], [ -84.78855, 10.26372 ], [ -84.79192, 10.26489 ], [ -84.78554, 10.27033 ], [ -84.78692, 10.27756 ], [ -84.79103, 10.2771 ], [ -84.7924, 10.28027 ], [ -84.79058, 10.28298 ], [ -84.79372, 10.28479 ], [ -84.79493, 10.29109 ], [ -84.79699, 10.29157 ], [ -84.797, 10.3006 ], [ -84.79495, 10.30196 ], [ -84.79518, 10.30602 ], [ -84.7929, 10.30738 ], [ -84.7929, 10.30964 ], [ -84.80615, 10.31281 ], [ -84.80616, 10.32183 ], [ -84.80071, 10.32544 ], [ -84.80348, 10.32596 ], [ -84.80466, 10.33043 ], [ -84.80984, 10.33185 ], [ -84.81484, 10.33036 ], [ -84.82622, 10.33726 ] ] ] } },
{ "type": "Feature", "properties": { "siglas_ac": "ACAHN", "nombre_ac": "Huetar Norte", "area_km2": 8923.5 }, "geometry": { "type": "GeometryCollection", "geometries": [ { "type": "GeometryCollection", "geometries": [ { "type": "MultiPolygon", "coordinates": [ [ [ [ -84.35875, 10.99578 ], [ -84.37648, 10.97768 ], [ -84.39982, 10.97523 ], [ -84.42031, 10.95542 ], [ -84.4506, 10.96098 ], [ -84.48611, 11.00102 ], [ -84.56454, 11.03303 ], [ -84.57471, 11.05118 ], [ -84.60604, 11.03843 ], [ -84.66639, 11.07246 ], [ -84.68045, 11.0843 ], [ -84.91067, 10.94402 ], [ -85.22911, 11.06331 ], [ -85.2332, 11.06216 ], [ -85.23526, 11.06554 ], [ -85.2393, 11.06362 ], [ -85.2428, 11.06558 ], [ -85.24322, 11.06226 ], [ -85.24502, 11.06109 ], [ -85.24805, 11.06237 ], [ -85.24967, 11.06117 ], [ -85.24919, 11.05713 ], [ -85.25166, 11.04938 ], [ -85.25431, 11.04925 ], [ -85.2567, 11.04409 ], [ -85.25872, 11.04511 ], [ -85.26351, 11.04236 ], [ -85.26085, 11.03904 ], [ -85.26132, 11.03546 ], [ -85.2589, 11.03392 ], [ -85.2582, 11.02087 ], [ -85.26286, 11.01257 ], [ -85.26503, 11.01407 ], [ -85.26876, 11.01168 ], [ -85.26849, 11.01604 ], [ -85.27198, 11.01603 ], [ -85.27318, 11.01408 ], [ -85.27724, 11.01482 ], [ -85.2762, 11.01657 ], [ -85.27888, 11.01712 ], [ -85.27872, 11.01907 ], [ -85.28492, 11.02472 ], [ -85.28624, 11.02273 ], [ -85.28809, 11.02416 ], [ -85.2901, 11.02256 ], [ -85.29151, 11.02498 ], [ -85.29666, 11.02766 ], [ -85.29966, 11.03138 ], [ -85.29761, 11.03107 ], [ -85.29838, 11.03222 ], [ -85.30502, 11.03561 ], [ -85.30418, 11.03728 ], [ -85.30696, 11.03815 ], [ -85.30588, 11.03958 ], [ -85.30929, 11.04024 ], [ -85.31123, 11.04289 ], [ -85.32164, 11.04044 ], [ -85.32306, 11.04214 ], [ -85.32554, 11.0419 ], [ -85.32859, 11.03955 ], [ -85.33119, 11.04109 ], [ -85.33378, 11.03604 ], [ -85.33583, 11.03659 ], [ -85.33908, 11.03432 ], [ -85.34061, 11.03606 ], [ -85.34647, 11.03564 ], [ -85.34844, 11.03425 ], [ -85.35085, 11.0348 ], [ -85.35168, 11.03265 ], [ -85.35397, 11.0328 ], [ -85.35337, 11.03106 ], [ -85.35573, 11.0303 ], [ -85.35625, 11.02744 ], [ -85.35447, 11.02542 ], [ -85.35656, 11.0243 ], [ -85.35714, 11.01882 ], [ -85.36243, 11.01436 ], [ -85.36233, 11.01008 ], [ -85.36378, 11.01043 ], [ -85.36493, 11.00737 ], [ -85.36611, 11.00943 ], [ -85.3689, 11.00482 ], [ -85.36749, 11.00332 ], [ -85.36873, 11.00073 ], [ -85.36639, 10.99911 ], [ -85.37013, 10.99702 ], [ -85.37442, 10.998 ], [ -85.37757, 10.99571 ], [ -85.37679, 10.99483 ], [ -85.37841, 10.99357 ], [ -85.37669, 10.98956 ], [ -85.37927, 10.98858 ], [ -85.38062, 10.98428 ], [ -85.37893, 10.9812 ], [ -85.38017, 10.97971 ], [ -85.3775, 10.97765 ], [ -85.37951, 10.97722 ], [ -85.38133, 10.97452 ], [ -85.38008, 10.97324 ], [ -85.38212, 10.97111 ], [ -85.38903, 10.96813 ], [ -85.39143, 10.96511 ], [ -85.39666, 10.96636 ], [ -85.4042, 10.96189 ], [ -85.40844, 10.96325 ], [ -85.41209, 10.96181 ], [ -85.42008, 10.96452 ], [ -85.42006, 10.95449 ], [ -85.42154, 10.95465 ], [ -85.42131, 10.95264 ], [ -85.41717, 10.94897 ], [ -85.4202, 10.94863 ], [ -85.41988, 10.94777 ], [ -85.41692, 10.94425 ], [ -85.41087, 10.94344 ], [ -85.41066, 10.88095 ], [ -85.41502, 10.88072 ], [ -85.41338, 10.87914 ], [ -85.40791, 10.87869 ], [ -85.40545, 10.87179 ], [ -85.39795, 10.86793 ], [ -85.39032, 10.86001 ], [ -85.38311, 10.84644 ], [ -85.38314, 10.85391 ], [ -85.26424, 10.85428 ], [ -85.26404, 10.79781 ], [ -85.262, 10.79886 ], [ -85.25865, 10.79639 ], [ -85.25605, 10.80077 ], [ -85.24601, 10.79377 ], [ -85.25208, 10.78761 ], [ -85.25064, 10.78569 ], [ -85.25378, 10.78271 ], [ -85.26432, 10.78988 ], [ -85.26455, 10.77804 ], [ -85.25938, 10.77458 ], [ -85.26019, 10.77023 ], [ -85.25552, 10.76809 ], [ -85.25683, 10.75752 ], [ -85.24945, 10.76307 ], [ -85.24491, 10.76452 ], [ -85.24244, 10.76387 ], [ -85.23543, 10.76667 ], [ -85.224, 10.76097 ], [ -85.20322, 10.75462 ], [ -85.1957, 10.74964 ], [ -85.18165, 10.74583 ], [ -85.1817, 10.76406 ], [ -85.16437, 10.77902 ], [ -85.15933, 10.77677 ], [ -85.13288, 10.80035 ], [ -85.09671, 10.78235 ], [ -85.09685, 10.74619 ], [ -85.07828, 10.71911 ], [ -85.08122, 10.7126 ], [ -85.07202, 10.71288 ], [ -85.06754, 10.7082 ], [ -85.06166, 10.70845 ], [ -85.06078, 10.70386 ], [ -85.05577, 10.69707 ], [ -85.04644, 10.69705 ], [ -85.04441, 10.7011 ], [ -85.04443, 10.71014 ], [ -85.02617, 10.71922 ], [ -85.02159, 10.71606 ], [ -85.01428, 10.71834 ], [ -85.00604, 10.71022 ], [ -84.98958, 10.71025 ], [ -84.97126, 10.69221 ], [ -84.96213, 10.69923 ], [ -84.95436, 10.69993 ], [ -84.95503, 10.69043 ], [ -84.9621, 10.68319 ], [ -84.93466, 10.6742 ], [ -84.91638, 10.67423 ], [ -84.90722, 10.66521 ], [ -84.90719, 10.64939 ], [ -84.90536, 10.6485 ], [ -84.90718, 10.64148 ], [ -84.90428, 10.64273 ], [ -84.90033, 10.64126 ], [ -84.9004, 10.63619 ], [ -84.90735, 10.6304 ], [ -84.90487, 10.62725 ], [ -84.90763, 10.62682 ], [ -84.9021, 10.61099 ], [ -84.90211, 10.61822 ], [ -84.898, 10.61913 ], [ -84.89799, 10.61506 ], [ -84.88883, 10.60197 ], [ -84.88197, 10.59972 ], [ -84.88054, 10.59283 ], [ -84.8868, 10.59334 ], [ -84.88514, 10.57982 ], [ -84.89245, 10.58072 ], [ -84.88649, 10.56807 ], [ -84.89025, 10.56106 ], [ -84.89343, 10.5622 ], [ -84.902, 10.57031 ], [ -84.90677, 10.57968 ], [ -84.90546, 10.57571 ], [ -84.90667, 10.57266 ], [ -84.91079, 10.5723 ], [ -84.9144, 10.57488 ], [ -84.91781, 10.58151 ], [ -84.9223, 10.58403 ], [ -84.9236, 10.58893 ], [ -84.9359, 10.58439 ], [ -84.92976, 10.58346 ], [ -84.93009, 10.57924 ], [ -84.92267, 10.57256 ], [ -84.91997, 10.57474 ], [ -84.90984, 10.56975 ], [ -84.90336, 10.57082 ], [ -84.90165, 10.56835 ], [ -84.90067, 10.56836 ], [ -84.89282, 10.56142 ], [ -84.88987, 10.55991 ], [ -84.88338, 10.564 ], [ -84.87972, 10.56187 ], [ -84.87594, 10.56364 ], [ -84.87195, 10.56332 ], [ -84.87014, 10.55962 ], [ -84.85763, 10.55393 ], [ -84.85184, 10.54622 ], [ -84.84491, 10.54658 ], [ -84.84566, 10.5317 ], [ -84.83872, 10.52991 ], [ -84.83825, 10.52522 ], [ -84.83616, 10.52371 ], [ -84.83074, 10.52298 ], [ -84.82167, 10.52596 ], [ -84.82168, 10.52326 ], [ -84.82034, 10.52227 ], [ -84.82206, 10.52001 ], [ -84.82026, 10.51802 ], [ -84.82056, 10.51433 ], [ -84.81274, 10.51115 ], [ -84.811, 10.50844 ], [ -84.80818, 10.5083 ], [ -84.80194, 10.50227 ], [ -84.79605, 10.49988 ], [ -84.79231, 10.49054 ], [ -84.79032, 10.4905 ], [ -84.78236, 10.49614 ], [ -84.77886, 10.49544 ], [ -84.77639, 10.49769 ], [ -84.77344, 10.49695 ], [ -84.77341, 10.46453 ], [ -84.76613, 10.42436 ], [ -84.76714, 10.41211 ], [ -84.76886, 10.41048 ], [ -84.76977, 10.41184 ], [ -84.77387, 10.41093 ], [ -84.77616, 10.41319 ], [ -84.78301, 10.41227 ], [ -84.78415, 10.41363 ], [ -84.78895, 10.41362 ], [ -84.79374, 10.41113 ], [ -84.79579, 10.40593 ], [ -84.79807, 10.40502 ], [ -84.8063, 10.41134 ], [ -84.81543, 10.41132 ], [ -84.82706, 10.40543 ], [ -84.8273, 10.40995 ], [ -84.8289, 10.41175 ], [ -84.83597, 10.40858 ], [ -84.83368, 10.40316 ], [ -84.83366, 10.38779 ], [ -84.82863, 10.38508 ], [ -84.81904, 10.38645 ], [ -84.81698, 10.37787 ], [ -84.80898, 10.372 ], [ -84.80214, 10.38241 ], [ -84.79003, 10.3709 ], [ -84.77885, 10.37905 ], [ -84.77382, 10.37612 ], [ -84.76675, 10.37839 ], [ -84.76789, 10.37952 ], [ -84.75305, 10.37615 ], [ -84.75304, 10.37253 ], [ -84.75601, 10.37072 ], [ -84.75601, 10.36711 ], [ -84.74231, 10.36532 ], [ -84.73317, 10.36126 ], [ -84.7318, 10.36533 ], [ -84.72404, 10.36579 ], [ -84.71948, 10.37167 ], [ -84.72177, 10.37529 ], [ -84.71905, 10.37979 ], [ -84.72407, 10.38342 ], [ -84.72562, 10.38834 ], [ -84.71494, 10.38614 ], [ -84.71197, 10.38796 ], [ -84.71197, 10.39044 ], [ -84.70215, 10.38887 ], [ -84.7017, 10.39068 ], [ -84.69759, 10.38933 ], [ -84.69667, 10.38594 ], [ -84.68846, 10.38979 ], [ -84.68663, 10.39296 ], [ -84.68482, 10.40336 ], [ -84.67844, 10.4124 ], [ -84.67959, 10.42393 ], [ -84.67206, 10.43049 ], [ -84.66819, 10.43769 ], [ -84.66704, 10.43457 ], [ -84.66841, 10.4305 ], [ -84.64832, 10.43052 ], [ -84.65105, 10.4269 ], [ -84.64191, 10.42058 ], [ -84.63893, 10.42211 ], [ -84.63521, 10.42031 ], [ -84.63329, 10.42246 ], [ -84.6303, 10.42294 ], [ -84.63661, 10.41681 ], [ -84.63782, 10.41296 ], [ -84.6419, 10.40854 ], [ -84.64189, 10.39843 ], [ -84.63731, 10.39384 ], [ -84.63595, 10.38849 ], [ -84.64188, 10.38396 ], [ -84.64415, 10.37628 ], [ -84.65101, 10.38034 ], [ -84.66207, 10.37646 ], [ -84.6642, 10.37102 ], [ -84.66272, 10.37018 ], [ -84.66167, 10.36551 ], [ -84.66239, 10.3523 ], [ -84.65804, 10.34499 ], [ -84.65015, 10.34879 ], [ -84.64792, 10.34728 ], [ -84.64791, 10.34499 ], [ -84.64509, 10.34512 ], [ -84.641, 10.34101 ], [ -84.63271, 10.34555 ], [ -84.62358, 10.34601 ], [ -84.62357, 10.34327 ], [ -84.62147, 10.34321 ], [ -84.61431, 10.34685 ], [ -84.61429, 10.33806 ], [ -84.61812, 10.33669 ], [ -84.61749, 10.33108 ], [ -84.61519, 10.32775 ], [ -84.61793, 10.32855 ], [ -84.62723, 10.32692 ], [ -84.62642, 10.31353 ], [ -84.62297, 10.31096 ], [ -84.60691, 10.31134 ], [ -84.60245, 10.30914 ], [ -84.59615, 10.31078 ], [ -84.58823, 10.31811 ], [ -84.58773, 10.32065 ], [ -84.58301, 10.32295 ], [ -84.58008, 10.33102 ], [ -84.55772, 10.34424 ], [ -84.54679, 10.35408 ], [ -84.5345, 10.35747 ], [ -84.53143, 10.36328 ], [ -84.53295, 10.36611 ], [ -84.53165, 10.36921 ], [ -84.53249, 10.37306 ], [ -84.52877, 10.37396 ], [ -84.52654, 10.3662 ], [ -84.52282, 10.36556 ], [ -84.52095, 10.36001 ], [ -84.51823, 10.35705 ], [ -84.52039, 10.34876 ], [ -84.51995, 10.3333 ], [ -84.52326, 10.32385 ], [ -84.523, 10.31909 ], [ -84.52471, 10.31404 ], [ -84.52372, 10.30948 ], [ -84.52557, 10.30128 ], [ -84.52446, 10.29956 ], [ -84.52484, 10.29457 ], [ -84.52221, 10.28817 ], [ -84.52177, 10.27795 ], [ -84.51784, 10.27222 ], [ -84.51697, 10.26482 ], [ -84.51926, 10.26113 ], [ -84.5174, 10.24942 ], [ -84.43301, 10.27057 ], [ -84.43086, 10.26853 ], [ -84.42772, 10.26842 ], [ -84.42704, 10.2659 ], [ -84.42318, 10.26573 ], [ -84.42155, 10.264 ], [ -84.41599, 10.26435 ], [ -84.41262, 10.2624 ], [ -84.40958, 10.26324 ], [ -84.40289, 10.26192 ], [ -84.40145, 10.26316 ], [ -84.3997, 10.25936 ], [ -84.39798, 10.26103 ], [ -84.39417, 10.2591 ], [ -84.39183, 10.26047 ], [ -84.39059, 10.25877 ], [ -84.38686, 10.25974 ], [ -84.38627, 10.25796 ], [ -84.38313, 10.2576 ], [ -84.38212, 10.25411 ], [ -84.37969, 10.25194 ], [ -84.37595, 10.25356 ], [ -84.37621, 10.25308 ], [ -84.37782, 10.25221 ], [ -84.37866, 10.25198 ], [ -84.37968, 10.2519 ], [ -84.38696, 10.25334 ], [ -84.38631, 10.25061 ], [ -84.38258, 10.24694 ], [ -84.38253, 10.24806 ], [ -84.37202, 10.24646 ], [ -84.37116, 10.2434 ], [ -84.36705, 10.24112 ], [ -84.3641, 10.24089 ], [ -84.36368, 10.23954 ], [ -84.35946, 10.24126 ], [ -84.35806, 10.23956 ], [ -84.36016, 10.23688 ], [ -84.37291, 10.23366 ], [ -84.37649, 10.23019 ], [ -84.37957, 10.22566 ], [ -84.37819, 10.22381 ], [ -84.37906, 10.21812 ], [ -84.38185, 10.21558 ], [ -84.38523, 10.21502 ], [ -84.3847, 10.20817 ], [ -84.38593, 10.20636 ], [ -84.38224, 10.20419 ], [ -84.37601, 10.20603 ], [ -84.37437, 10.2027 ], [ -84.37184, 10.20218 ], [ -84.36394, 10.19537 ], [ -84.35731, 10.19651 ], [ -84.35094, 10.19459 ], [ -84.3478, 10.19804 ], [ -84.34312, 10.19639 ], [ -84.34038, 10.20049 ], [ -84.34077, 10.20467 ], [ -84.34405, 10.21146 ], [ -84.34374, 10.21397 ], [ -84.33983, 10.21793 ], [ -84.33563, 10.21224 ], [ -84.33641, 10.20903 ], [ -84.33513, 10.20519 ], [ -84.33347, 10.20502 ], [ -84.3333, 10.20051 ], [ -84.32662, 10.19949 ], [ -84.32478, 10.2017 ], [ -84.32323, 10.20109 ], [ -84.323, 10.20209 ], [ -84.32359, 10.20254 ], [ -84.32145, 10.20281 ], [ -84.32304, 10.20333 ], [ -84.3192, 10.20446 ], [ -84.3192, 10.2014 ], [ -84.31748, 10.20487 ], [ -84.31953, 10.20555 ], [ -84.31861, 10.2069 ], [ -84.31634, 10.20509 ], [ -84.31388, 10.20681 ], [ -84.31175, 10.20631 ], [ -84.30816, 10.21077 ], [ -84.30607, 10.20553 ], [ -84.30658, 10.20107 ], [ -84.30445, 10.20073 ], [ -84.30228, 10.21067 ], [ -84.29591, 10.20403 ], [ -84.29241, 10.20322 ], [ -84.28917, 10.2053 ], [ -84.28684, 10.20329 ], [ -84.28917, 10.20743 ], [ -84.29282, 10.20802 ], [ -84.2914, 10.21127 ], [ -84.28756, 10.21193 ], [ -84.28684, 10.21044 ], [ -84.285, 10.21381 ], [ -84.28149, 10.21022 ], [ -84.28214, 10.21266 ], [ -84.27906, 10.21273 ], [ -84.2818, 10.21447 ], [ -84.28038, 10.21574 ], [ -84.2814, 10.21752 ], [ -84.28601, 10.22048 ], [ -84.28462, 10.22111 ], [ -84.27923, 10.21714 ], [ -84.27822, 10.22094 ], [ -84.27553, 10.2207 ], [ -84.27681, 10.2231 ], [ -84.269, 10.22161 ], [ -84.26728, 10.21952 ], [ -84.26653, 10.22256 ], [ -84.26307, 10.22193 ], [ -84.26878, 10.22984 ], [ -84.26529, 10.22913 ], [ -84.26532, 10.23187 ], [ -84.25923, 10.23527 ], [ -84.25467, 10.23348 ], [ -84.25516, 10.23121 ], [ -84.25393, 10.23104 ], [ -84.25242, 10.23493 ], [ -84.24962, 10.23496 ], [ -84.2486, 10.24156 ], [ -84.24456, 10.24245 ], [ -84.24788, 10.24352 ], [ -84.2466, 10.26022 ], [ -84.24472, 10.26172 ], [ -84.24368, 10.26631 ], [ -84.24236, 10.26572 ], [ -84.23302, 10.27542 ], [ -84.23043, 10.27628 ], [ -84.22729, 10.27508 ], [ -84.22261, 10.27656 ], [ -84.21422, 10.27169 ], [ -84.21429, 10.26929 ], [ -84.21317, 10.26924 ], [ -84.21353, 10.26736 ], [ -84.21192, 10.26694 ], [ -84.21157, 10.26485 ], [ -84.21286, 10.26358 ], [ -84.21133, 10.26181 ], [ -84.21507, 10.25164 ], [ -84.21665, 10.25073 ], [ -84.21187, 10.24006 ], [ -84.21751, 10.23794 ], [ -84.21706, 10.23493 ], [ -84.2201, 10.23176 ], [ -84.19448, 10.23174 ], [ -84.1945, 10.18166 ], [ -84.19119, 10.17952 ], [ -84.17514, 10.18393 ], [ -84.17373, 10.18816 ], [ -84.16608, 10.19217 ], [ -84.16432, 10.1956 ], [ -84.16309, 10.1935 ], [ -84.16127, 10.19695 ], [ -84.16126, 10.2404 ], [ -84.16748, 10.2489 ], [ -84.16747, 10.25242 ], [ -84.17296, 10.26312 ], [ -84.17269, 10.26616 ], [ -84.17456, 10.26697 ], [ -84.17795, 10.2729 ], [ -84.17753, 10.2806 ], [ -84.1808, 10.28873 ], [ -84.17858, 10.29995 ], [ -84.17987, 10.30407 ], [ -84.13246, 10.31256 ], [ -84.08717, 10.29257 ], [ -84.08657, 10.30611 ], [ -84.08473, 10.3097 ], [ -84.08155, 10.31182 ], [ -84.08177, 10.31634 ], [ -84.07898, 10.3207 ], [ -84.08056, 10.326 ], [ -84.07745, 10.33012 ], [ -84.0788, 10.33822 ], [ -84.06861, 10.34624 ], [ -84.06879, 10.35278 ], [ -84.0568, 10.36936 ], [ -84.05721, 10.37614 ], [ -84.05358, 10.38439 ], [ -84.05324, 10.39334 ], [ -84.05161, 10.39545 ], [ -84.05181, 10.40314 ], [ -84.04814, 10.40841 ], [ -84.05055, 10.41173 ], [ -84.05113, 10.42907 ], [ -84.04173, 10.4377 ], [ -84.03512, 10.43981 ], [ -84.03402, 10.43926 ], [ -84.03448, 10.4366 ], [ -84.03007, 10.436 ], [ -84.02771, 10.43211 ], [ -84.02473, 10.43235 ], [ -84.02516, 10.43693 ], [ -84.02371, 10.43917 ], [ -84.01909, 10.43749 ], [ -84.0188, 10.44019 ], [ -84.01349, 10.44015 ], [ -84.01456, 10.4437 ], [ -84.01143, 10.44435 ], [ -84.01014, 10.44036 ], [ -84.01103, 10.43876 ], [ -84.0084, 10.43775 ], [ -84.00324, 10.42843 ], [ -84.00197, 10.43049 ], [ -84.0008, 10.42974 ], [ -84.0013, 10.42765 ], [ -83.99848, 10.42677 ], [ -83.99745, 10.42069 ], [ -83.9912, 10.41397 ], [ -83.99729, 10.39747 ], [ -84.00468, 10.39434 ], [ -83.99945, 10.37761 ], [ -83.99353, 10.37264 ], [ -83.99584, 10.37302 ], [ -83.99803, 10.37083 ], [ -84.0017, 10.37159 ], [ -84.0026, 10.36768 ], [ -84.00453, 10.36738 ], [ -84.0095, 10.3613 ], [ -84.01137, 10.36082 ], [ -84.01356, 10.35767 ], [ -84.01209, 10.3505 ], [ -84.0148, 10.34684 ], [ -84.02407, 10.34191 ], [ -84.02414, 10.33815 ], [ -84.02647, 10.33332 ], [ -84.03072, 10.33216 ], [ -84.03191, 10.3347 ], [ -84.03858, 10.32946 ], [ -84.03657, 10.32729 ], [ -84.02908, 10.32538 ], [ -84.02964, 10.31706 ], [ -84.04212, 10.31067 ], [ -84.04347, 10.30506 ], [ -84.04671, 10.30021 ], [ -84.04648, 10.29752 ], [ -84.05072, 10.29313 ], [ -84.05819, 10.28059 ], [ -84.05762, 10.27935 ], [ -83.95539, 10.23653 ], [ -83.92341, 10.19897 ], [ -83.91846, 10.1999 ], [ -83.90707, 10.20646 ], [ -83.89617, 10.21913 ], [ -83.89322, 10.22084 ], [ -83.8862, 10.23045 ], [ -83.8783, 10.23599 ], [ -83.8734, 10.24248 ], [ -83.86576, 10.24518 ], [ -83.86148, 10.25104 ], [ -83.85876, 10.25211 ], [ -83.85371, 10.26389 ], [ -83.85321, 10.2708 ], [ -83.84975, 10.27862 ], [ -83.84906, 10.28473 ], [ -83.84912, 10.28897 ], [ -83.85134, 10.29379 ], [ -83.85153, 10.30223 ], [ -83.85349, 10.30751 ], [ -83.85237, 10.32948 ], [ -83.85, 10.33846 ], [ -83.85109, 10.34942 ], [ -83.85686, 10.36509 ], [ -83.86909, 10.37954 ], [ -83.87499, 10.38918 ], [ -83.88023, 10.40057 ], [ -83.88036, 10.40504 ], [ -83.87531, 10.41636 ], [ -83.87402, 10.42901 ], [ -83.86648, 10.43537 ], [ -83.85973, 10.43782 ], [ -83.85936, 10.44461 ], [ -83.85602, 10.44659 ], [ -83.84469, 10.44507 ], [ -83.83932, 10.4551 ], [ -83.83099, 10.46221 ], [ -83.83194, 10.46748 ], [ -83.83804, 10.47214 ], [ -83.83861, 10.47448 ], [ -83.83646, 10.47873 ], [ -83.83096, 10.48195 ], [ -83.83037, 10.48885 ], [ -83.82803, 10.49318 ], [ -83.82812, 10.49442 ], [ -83.83219, 10.49624 ], [ -83.83112, 10.50339 ], [ -83.83916, 10.51154 ], [ -83.83756, 10.51574 ], [ -83.83758, 10.53096 ], [ -83.84001, 10.53851 ], [ -83.86052, 10.54609 ], [ -83.86128, 10.55148 ], [ -83.85817, 10.55606 ], [ -83.86208, 10.56243 ], [ -83.86211, 10.56772 ], [ -83.86695, 10.57238 ], [ -83.86873, 10.57239 ], [ -83.86839, 10.57522 ], [ -83.87034, 10.57804 ], [ -83.87234, 10.5785 ], [ -83.87419, 10.57682 ], [ -83.87735, 10.57929 ], [ -83.90988, 10.58484 ], [ -83.91315, 10.59354 ], [ -83.91348, 10.59659 ], [ -83.91148, 10.59902 ], [ -83.91269, 10.5996 ], [ -83.91339, 10.60566 ], [ -83.91028, 10.6123 ], [ -83.91192, 10.61892 ], [ -83.90945, 10.62268 ], [ -83.90929, 10.62717 ], [ -83.91074, 10.63024 ], [ -83.90942, 10.63597 ], [ -83.91117, 10.64001 ], [ -83.90943, 10.64083 ], [ -83.90933, 10.6431 ], [ -83.91076, 10.64258 ], [ -83.9119, 10.64427 ], [ -83.90933, 10.64639 ], [ -83.91094, 10.64727 ], [ -83.91209, 10.65114 ], [ -83.91045, 10.65374 ], [ -83.91078, 10.65927 ], [ -83.90734, 10.66316 ], [ -83.90861, 10.6659 ], [ -83.90591, 10.67254 ], [ -83.91095, 10.67368 ], [ -83.91204, 10.67579 ], [ -83.912, 10.68802 ], [ -83.90762, 10.69067 ], [ -83.90822, 10.69236 ], [ -83.90262, 10.69275 ], [ -83.89757, 10.69615 ], [ -83.894, 10.69493 ], [ -83.89144, 10.70092 ], [ -83.88872, 10.70249 ], [ -83.89019, 10.70348 ], [ -83.88888, 10.70644 ], [ -83.89098, 10.70652 ], [ -83.89046, 10.70887 ], [ -83.88545, 10.71382 ], [ -83.88369, 10.71338 ], [ -83.8807, 10.71729 ], [ -83.87701, 10.71633 ], [ -83.87438, 10.71757 ], [ -83.89095, 10.72168 ], [ -83.91393, 10.71121 ], [ -83.93205, 10.70765 ], [ -83.93576, 10.71247 ], [ -83.93635, 10.72065 ], [ -83.9526, 10.72359 ], [ -83.96549, 10.7279 ], [ -83.96895, 10.73237 ], [ -83.97169, 10.74489 ], [ -83.98104, 10.7481 ], [ -83.99033, 10.75437 ], [ -83.99349, 10.7593 ], [ -83.9983, 10.76011 ], [ -84.00516, 10.7643 ], [ -84.00937, 10.77275 ], [ -84.0143, 10.77829 ], [ -84.01766, 10.78857 ], [ -84.02375, 10.79232 ], [ -84.02805, 10.79163 ], [ -84.03128, 10.78767 ], [ -84.03334, 10.7739 ], [ -84.03573, 10.77133 ], [ -84.0415, 10.77096 ], [ -84.04771, 10.778 ], [ -84.05522, 10.77836 ], [ -84.06122, 10.77412 ], [ -84.06247, 10.76742 ], [ -84.06125, 10.76557 ], [ -84.06241, 10.76352 ], [ -84.07037, 10.75975 ], [ -84.08054, 10.75862 ], [ -84.08536, 10.76051 ], [ -84.10217, 10.77436 ], [ -84.10589, 10.77435 ], [ -84.11008, 10.76901 ], [ -84.11626, 10.7651 ], [ -84.12097, 10.7637 ], [ -84.1262, 10.76482 ], [ -84.13211, 10.77194 ], [ -84.13302, 10.78488 ], [ -84.13623, 10.787 ], [ -84.14646, 10.78734 ], [ -84.16504, 10.78513 ], [ -84.17595, 10.78606 ], [ -84.19026, 10.78989 ], [ -84.19991, 10.7822 ], [ -84.20287, 10.78195 ], [ -84.20596, 10.78515 ], [ -84.20826, 10.79141 ], [ -84.20753, 10.79326 ], [ -84.20461, 10.7945 ], [ -84.20641, 10.79789 ], [ -84.21315, 10.80102 ], [ -84.2231, 10.80096 ], [ -84.22665, 10.80509 ], [ -84.22911, 10.81171 ], [ -84.23645, 10.81368 ], [ -84.2376, 10.81559 ], [ -84.2373, 10.81956 ], [ -84.22046, 10.82494 ], [ -84.21486, 10.83929 ], [ -84.21965, 10.85555 ], [ -84.21921, 10.86301 ], [ -84.22513, 10.87291 ], [ -84.2286, 10.87533 ], [ -84.23725, 10.87618 ], [ -84.24408, 10.885 ], [ -84.25832, 10.89146 ], [ -84.26393, 10.89085 ], [ -84.28272, 10.89372 ], [ -84.28571, 10.8966 ], [ -84.29167, 10.91105 ], [ -84.29993, 10.91665 ], [ -84.30623, 10.91595 ], [ -84.3103, 10.92176 ], [ -84.31695, 10.91616 ], [ -84.32353, 10.91873 ], [ -84.32617, 10.92483 ], [ -84.33138, 10.93028 ], [ -84.3338, 10.93516 ], [ -84.33644, 10.9462 ], [ -84.35087, 10.95106 ], [ -84.35114, 10.95468 ], [ -84.34862, 10.95972 ], [ -84.34712, 10.96783 ], [ -84.34204, 10.97112 ], [ -84.34168, 10.97382 ], [ -84.35102, 10.98799 ], [ -84.35645, 10.99216 ], [ -84.35875, 10.99578 ] ], [ [ -84.37455, 10.25195 ], [ -84.37471, 10.25197 ], [ -84.37483, 10.25206 ], [ -84.37552, 10.25359 ], [ -84.37594, 10.25356 ], [ -84.37578, 10.25363 ], [ -84.37551, 10.25363 ], [ -84.375, 10.25349 ], [ -84.37477, 10.25326 ], [ -84.37466, 10.25198 ], [ -84.3737, 10.25205 ], [ -84.37349, 10.25289 ], [ -84.37329, 10.2531 ], [ -84.37304, 10.25319 ], [ -84.37064, 10.25252 ], [ -84.36462, 10.25648 ], [ -84.36357, 10.2546 ], [ -84.37063, 10.2525 ], [ -84.3731, 10.25316 ], [ -84.37363, 10.25209 ], [ -84.37377, 10.25199 ], [ -84.374, 10.25192 ], [ -84.37455, 10.25195 ] ] ], [ [ [ -83.83259, 10.7462 ], [ -83.82792, 10.7482 ], [ -83.82255, 10.74838 ], [ -83.81368, 10.74574 ], [ -83.81259, 10.7459 ], [ -83.81044, 10.74692 ], [ -83.80922, 10.74794 ], [ -83.81321, 10.74586 ], [ -83.82303, 10.74867 ], [ -83.82857, 10.74818 ], [ -83.84028, 10.74397 ], [ -83.84594, 10.73847 ], [ -83.84031, 10.74377 ], [ -83.83259, 10.7462 ] ] ], [ [ [ -83.80663, 10.75129 ], [ -83.80155, 10.75408 ], [ -83.80598, 10.75189 ], [ -83.80727, 10.75091 ], [ -83.80915, 10.74804 ], [ -83.80663, 10.75129 ] ] ], [ [ [ -83.76714, 10.76915 ], [ -83.77808, 10.77158 ], [ -83.77012, 10.76955 ], [ -83.76714, 10.76915 ] ] ], [ [ [ -83.78594, 10.7704 ], [ -83.79269, 10.76937 ], [ -83.78433, 10.77016 ], [ -83.7787, 10.77172 ], [ -83.78394, 10.77194 ], [ -83.78594, 10.7704 ] ] ], [ [ [ -83.76187, 10.77166 ], [ -83.76288, 10.77183 ], [ -83.76304, 10.76984 ], [ -83.76187, 10.77166 ] ] ] ] }, { "type": "LineString", "coordinates": [ [ -84.37594, 10.25356 ], [ -84.37595, 10.25356 ] ] } ] }, { "type": "MultiLineString", "coordinates": [ [ [ -84.08375, 10.29133 ], [ -84.08376, 10.29133 ] ], [ [ -84.08375, 10.29134 ], [ -84.08375, 10.29147 ] ] ] } ] } },
{ "type": "Feature", "properties": { "siglas_ac": "ACAT", "nombre_ac": "Arenal Tempisque", "area_km2": 3690.3 }, "geometry": { "type": "Polygon", "coordinates": [ [ [ -85.09671, 10.78235 ], [ -85.13288, 10.80035 ], [ -85.15933, 10.77677 ], [ -85.16437, 10.77902 ], [ -85.1817, 10.76406 ], [ -85.18165, 10.74583 ], [ -85.1957, 10.74964 ], [ -85.20322, 10.75462 ], [ -85.224, 10.76097 ], [ -85.23543, 10.76667 ], [ -85.25, 10.7628 ], [ -85.25456, 10.75812 ], [ -85.25683, 10.75752 ], [ -85.25808, 10.75124 ], [ -85.26142, 10.75154 ], [ -85.26474, 10.74493 ], [ -85.27578, 10.74698 ], [ -85.28172, 10.74347 ], [ -85.28502, 10.74402 ], [ -85.2835, 10.74562 ], [ -85.28812, 10.74783 ], [ -85.29149, 10.75329 ], [ -85.29458, 10.75172 ], [ -85.29633, 10.74529 ], [ -85.30956, 10.74303 ], [ -85.31114, 10.73964 ], [ -85.3098, 10.73476 ], [ -85.313, 10.7323 ], [ -85.31293, 10.72976 ], [ -85.32351, 10.71537 ], [ -85.33223, 10.70985 ], [ -85.33399, 10.70444 ], [ -85.33224, 10.70277 ], [ -85.33368, 10.69819 ], [ -85.34035, 10.69397 ], [ -85.34128, 10.69102 ], [ -85.3444, 10.68923 ], [ -85.34406, 10.68528 ], [ -85.34612, 10.68373 ], [ -85.35123, 10.67292 ], [ -85.34956, 10.66269 ], [ -85.34538, 10.6566 ], [ -85.34506, 10.65181 ], [ -85.34364, 10.65003 ], [ -85.34504, 10.64777 ], [ -85.3434, 10.64697 ], [ -85.34418, 10.64173 ], [ -85.34288, 10.63774 ], [ -85.34537, 10.6342 ], [ -85.34494, 10.63179 ], [ -85.34833, 10.62947 ], [ -85.34728, 10.62728 ], [ -85.34863, 10.62479 ], [ -85.34625, 10.62357 ], [ -85.35042, 10.61932 ], [ -85.35326, 10.61243 ], [ -85.35467, 10.61273 ], [ -85.35945, 10.60649 ], [ -85.36328, 10.60672 ], [ -85.36563, 10.59901 ], [ -85.37138, 10.59689 ], [ -85.37989, 10.58985 ], [ -85.38105, 10.58639 ], [ -85.37896, 10.58393 ], [ -85.37957, 10.58148 ], [ -85.38151, 10.581 ], [ -85.38172, 10.57601 ], [ -85.3885, 10.57012 ], [ -85.38752, 10.56627 ], [ -85.38934, 10.56346 ], [ -85.39292, 10.56305 ], [ -85.39591, 10.55994 ], [ -85.39433, 10.55513 ], [ -85.40057, 10.54273 ], [ -85.39847, 10.54109 ], [ -85.40011, 10.53713 ], [ -85.39848, 10.53309 ], [ -85.40398, 10.52402 ], [ -85.40642, 10.52486 ], [ -85.41021, 10.51577 ], [ -85.40627, 10.50965 ], [ -85.40372, 10.50807 ], [ -85.40818, 10.50122 ], [ -85.40892, 10.49532 ], [ -85.40789, 10.49149 ], [ -85.40987, 10.49005 ], [ -85.41036, 10.4841 ], [ -85.41419, 10.4797 ], [ -85.41789, 10.47659 ], [ -85.42383, 10.47566 ], [ -85.42085, 10.47021 ], [ -85.41817, 10.46018 ], [ -85.43245, 10.44889 ], [ -85.43358, 10.44469 ], [ -85.43188, 10.44283 ], [ -85.43351, 10.44009 ], [ -85.42796, 10.43374 ], [ -85.41668, 10.43158 ], [ -85.41262, 10.42909 ], [ -85.4093, 10.4302 ], [ -85.40568, 10.42945 ], [ -85.40084, 10.4215 ], [ -85.39253, 10.42167 ], [ -85.38851, 10.42487 ], [ -85.38563, 10.42223 ], [ -85.38158, 10.42415 ], [ -85.37844, 10.42342 ], [ -85.37765, 10.41921 ], [ -85.37279, 10.41704 ], [ -85.37732, 10.41342 ], [ -85.37752, 10.41145 ], [ -85.37102, 10.40958 ], [ -85.37, 10.41204 ], [ -85.36888, 10.41027 ], [ -85.36968, 10.40782 ], [ -85.37304, 10.40675 ], [ -85.37286, 10.40306 ], [ -85.37657, 10.40441 ], [ -85.37477, 10.40021 ], [ -85.37713, 10.39687 ], [ -85.38093, 10.39339 ], [ -85.38399, 10.39286 ], [ -85.37814, 10.3896 ], [ -85.38077, 10.38929 ], [ -85.38662, 10.39339 ], [ -85.3906, 10.39252 ], [ -85.39117, 10.39686 ], [ -85.3929, 10.39394 ], [ -85.39172, 10.39115 ], [ -85.39448, 10.39442 ], [ -85.39612, 10.39249 ], [ -85.39325, 10.38763 ], [ -85.39657, 10.38711 ], [ -85.39874, 10.3894 ], [ -85.39976, 10.38876 ], [ -85.39789, 10.38624 ], [ -85.4026, 10.38038 ], [ -85.39823, 10.38084 ], [ -85.39773, 10.37903 ], [ -85.40382, 10.3776 ], [ -85.40295, 10.37425 ], [ -85.40599, 10.37296 ], [ -85.40491, 10.37041 ], [ -85.40899, 10.36945 ], [ -85.41079, 10.36308 ], [ -85.40592, 10.35815 ], [ -85.4071, 10.34429 ], [ -85.40176, 10.33871 ], [ -85.39717, 10.33702 ], [ -85.39244, 10.33803 ], [ -85.38465, 10.33717 ], [ -85.373, 10.34399 ], [ -85.36706, 10.34241 ], [ -85.36661, 10.34075 ], [ -85.37153, 10.33677 ], [ -85.3689, 10.33015 ], [ -85.36985, 10.32663 ], [ -85.37287, 10.32664 ], [ -85.37613, 10.33194 ], [ -85.3784, 10.33199 ], [ -85.37963, 10.33008 ], [ -85.37113, 10.32435 ], [ -85.35887, 10.32448 ], [ -85.35734, 10.31529 ], [ -85.35419, 10.31586 ], [ -85.34697, 10.32247 ], [ -85.34243, 10.32416 ], [ -85.31127, 10.32131 ], [ -85.30823, 10.31777 ], [ -85.30576, 10.30669 ], [ -85.28784, 10.29738 ], [ -85.28205, 10.29098 ], [ -85.28214, 10.28333 ], [ -85.28773, 10.27308 ], [ -85.28783, 10.2709 ], [ -85.2856, 10.26787 ], [ -85.26922, 10.26233 ], [ -85.24566, 10.24747 ], [ -85.24299, 10.24871 ], [ -85.23043, 10.23573 ], [ -85.22821, 10.22992 ], [ -85.22831, 10.2251 ], [ -85.2304, 10.21593 ], [ -85.23434, 10.21431 ], [ -85.23459, 10.21192 ], [ -85.23034, 10.20861 ], [ -85.22727, 10.20366 ], [ -85.22633, 10.19431 ], [ -85.21671, 10.18605 ], [ -85.21716, 10.18373 ], [ -85.21558, 10.18235 ], [ -85.1909, 10.17344 ], [ -85.18284, 10.17318 ], [ -85.18079, 10.17186 ], [ -85.17983, 10.17354 ], [ -85.17572, 10.17373 ], [ -85.17009, 10.17002 ], [ -85.17015, 10.1679 ], [ -85.16866, 10.16685 ], [ -85.16277, 10.16779 ], [ -85.15885, 10.17006 ], [ -85.16015, 10.16807 ], [ -85.15923, 10.16681 ], [ -85.15192, 10.16323 ], [ -85.14842, 10.16535 ], [ -85.14745, 10.16458 ], [ -85.14919, 10.16305 ], [ -85.14363, 10.16005 ], [ -85.13997, 10.16255 ], [ -85.13455, 10.1612 ], [ -85.13388, 10.16656 ], [ -85.13023, 10.17149 ], [ -85.11977, 10.176 ], [ -85.1094, 10.17625 ], [ -85.1075, 10.17559 ], [ -85.10762, 10.1739 ], [ -85.10725, 10.17494 ], [ -85.10393, 10.17479 ], [ -85.09985, 10.1727 ], [ -85.09876, 10.17374 ], [ -85.09386, 10.17029 ], [ -85.09124, 10.17103 ], [ -85.09162, 10.17014 ], [ -85.0897, 10.17 ], [ -85.09148, 10.16552 ], [ -85.09205, 10.16663 ], [ -85.09403, 10.16615 ], [ -85.09638, 10.16369 ], [ -85.09446, 10.15712 ], [ -85.07761, 10.14469 ], [ -85.07325, 10.14357 ], [ -85.07013, 10.14612 ], [ -85.06945, 10.1507 ], [ -85.07685, 10.15653 ], [ -85.07403, 10.16004 ], [ -85.06915, 10.15812 ], [ -85.06601, 10.15889 ], [ -85.06867, 10.16422 ], [ -85.06713, 10.16764 ], [ -85.06482, 10.16441 ], [ -85.06236, 10.16364 ], [ -85.06227, 10.16182 ], [ -85.06032, 10.16341 ], [ -85.06107, 10.16596 ], [ -85.0574, 10.16389 ], [ -85.05867, 10.16683 ], [ -85.04887, 10.15973 ], [ -85.04245, 10.16046 ], [ -85.04298, 10.16261 ], [ -85.04115, 10.16372 ], [ -85.04109, 10.16061 ], [ -85.03849, 10.159 ], [ -85.03631, 10.1602 ], [ -85.02774, 10.15918 ], [ -85.02988, 10.16257 ], [ -85.02796, 10.16505 ], [ -85.02762, 10.17001 ], [ -85.03098, 10.16983 ], [ -85.03469, 10.17201 ], [ -85.03614, 10.17496 ], [ -85.03447, 10.17591 ], [ -85.03612, 10.17798 ], [ -85.03482, 10.17918 ], [ -85.03696, 10.18135 ], [ -85.03443, 10.18193 ], [ -85.03639, 10.18317 ], [ -85.03838, 10.18224 ], [ -85.03638, 10.18795 ], [ -85.03952, 10.18958 ], [ -85.03736, 10.1912 ], [ -85.03779, 10.19298 ], [ -85.03514, 10.19257 ], [ -85.03644, 10.1946 ], [ -85.0324, 10.19679 ], [ -85.03296, 10.19803 ], [ -85.03057, 10.19732 ], [ -85.03073, 10.19861 ], [ -85.02739, 10.20043 ], [ -85.02669, 10.19709 ], [ -85.02911, 10.19293 ], [ -85.02545, 10.18649 ], [ -85.0096, 10.17949 ], [ -85.00304, 10.17172 ], [ -85.00236, 10.16882 ], [ -85.00423, 10.16344 ], [ -85.0034, 10.16005 ], [ -84.98198, 10.14918 ], [ -84.9798, 10.14126 ], [ -84.97669, 10.13933 ], [ -84.97245, 10.13902 ], [ -84.96577, 10.13278 ], [ -84.95885, 10.12901 ], [ -84.94914, 10.11896 ], [ -84.939, 10.11443 ], [ -84.92918, 10.11495 ], [ -84.92768, 10.11289 ], [ -84.92111, 10.11052 ], [ -84.92111, 10.11313 ], [ -84.92362, 10.11313 ], [ -84.92415, 10.11539 ], [ -84.92753, 10.11454 ], [ -84.92671, 10.11872 ], [ -84.92389, 10.11936 ], [ -84.92961, 10.12802 ], [ -84.92524, 10.12799 ], [ -84.92434, 10.13039 ], [ -84.92703, 10.13789 ], [ -84.93024, 10.13971 ], [ -84.92701, 10.14682 ], [ -84.92792, 10.14867 ], [ -84.93183, 10.1491 ], [ -84.93229, 10.15069 ], [ -84.93056, 10.15164 ], [ -84.93341, 10.1541 ], [ -84.92938, 10.15936 ], [ -84.92621, 10.15935 ], [ -84.92096, 10.16181 ], [ -84.92044, 10.1633 ], [ -84.91716, 10.16255 ], [ -84.91303, 10.16729 ], [ -84.91296, 10.17089 ], [ -84.90839, 10.17428 ], [ -84.90613, 10.1784 ], [ -84.90258, 10.1794 ], [ -84.90153, 10.17765 ], [ -84.89966, 10.18075 ], [ -84.89748, 10.17985 ], [ -84.89431, 10.1817 ], [ -84.89099, 10.18007 ], [ -84.88459, 10.18036 ], [ -84.87571, 10.18863 ], [ -84.87576, 10.19574 ], [ -84.87384, 10.19923 ], [ -84.88365, 10.20594 ], [ -84.8874, 10.21154 ], [ -84.88958, 10.21217 ], [ -84.88951, 10.21788 ], [ -84.8875, 10.22282 ], [ -84.88507, 10.22313 ], [ -84.88219, 10.22669 ], [ -84.87948, 10.22675 ], [ -84.87769, 10.22971 ], [ -84.87812, 10.234 ], [ -84.87632, 10.23498 ], [ -84.87672, 10.23795 ], [ -84.87196, 10.24165 ], [ -84.87264, 10.24334 ], [ -84.87057, 10.24786 ], [ -84.87258, 10.26129 ], [ -84.87165, 10.26434 ], [ -84.86807, 10.26645 ], [ -84.86588, 10.2698 ], [ -84.86269, 10.27867 ], [ -84.86363, 10.28141 ], [ -84.86199, 10.28093 ], [ -84.85879, 10.28431 ], [ -84.85581, 10.28387 ], [ -84.84652, 10.28831 ], [ -84.84377, 10.29398 ], [ -84.84505, 10.2967 ], [ -84.8433, 10.30391 ], [ -84.84531, 10.31122 ], [ -84.84314, 10.31471 ], [ -84.84352, 10.31762 ], [ -84.84148, 10.31943 ], [ -84.83816, 10.32943 ], [ -84.82836, 10.33694 ], [ -84.82408, 10.33658 ], [ -84.81484, 10.33036 ], [ -84.80984, 10.33185 ], [ -84.80466, 10.33043 ], [ -84.80348, 10.32596 ], [ -84.80071, 10.32544 ], [ -84.80616, 10.32183 ], [ -84.80615, 10.31281 ], [ -84.7929, 10.30964 ], [ -84.7929, 10.30738 ], [ -84.79518, 10.30602 ], [ -84.79495, 10.30196 ], [ -84.797, 10.3006 ], [ -84.79699, 10.29157 ], [ -84.79493, 10.29109 ], [ -84.79372, 10.28479 ], [ -84.79058, 10.28298 ], [ -84.7924, 10.28027 ], [ -84.79103, 10.2771 ], [ -84.78692, 10.27756 ], [ -84.78554, 10.27033 ], [ -84.79192, 10.26489 ], [ -84.78855, 10.26372 ], [ -84.79067, 10.25888 ], [ -84.79293, 10.26162 ], [ -84.79352, 10.26626 ], [ -84.79468, 10.26714 ], [ -84.79874, 10.26605 ], [ -84.80017, 10.26878 ], [ -84.80517, 10.27165 ], [ -84.80287, 10.26081 ], [ -84.79922, 10.25946 ], [ -84.80241, 10.25448 ], [ -84.7983, 10.25223 ], [ -84.79602, 10.25811 ], [ -84.79146, 10.25676 ], [ -84.79145, 10.25495 ], [ -84.78963, 10.25676 ], [ -84.78644, 10.25631 ], [ -84.78507, 10.25767 ], [ -84.78323, 10.2527 ], [ -84.78368, 10.24727 ], [ -84.78004, 10.25044 ], [ -84.77684, 10.24954 ], [ -84.77684, 10.24683 ], [ -84.76953, 10.24277 ], [ -84.76861, 10.24051 ], [ -84.76405, 10.24052 ], [ -84.7636, 10.24233 ], [ -84.75812, 10.24279 ], [ -84.75492, 10.24144 ], [ -84.75264, 10.2446 ], [ -84.75767, 10.24731 ], [ -84.75357, 10.25184 ], [ -84.75037, 10.25003 ], [ -84.75127, 10.2428 ], [ -84.74899, 10.24054 ], [ -84.74488, 10.2419 ], [ -84.74123, 10.24055 ], [ -84.73701, 10.24219 ], [ -84.7367, 10.23819 ], [ -84.73451, 10.23655 ], [ -84.73073, 10.2383 ], [ -84.73074, 10.24644 ], [ -84.72846, 10.2478 ], [ -84.72435, 10.24464 ], [ -84.72116, 10.24962 ], [ -84.71696, 10.24963 ], [ -84.71296, 10.25867 ], [ -84.7125, 10.25596 ], [ -84.70565, 10.25596 ], [ -84.70565, 10.25852 ], [ -84.6952, 10.2574 ], [ -84.69372, 10.25591 ], [ -84.69199, 10.25727 ], [ -84.68809, 10.25702 ], [ -84.68229, 10.25025 ], [ -84.68223, 10.2463 ], [ -84.67775, 10.24253 ], [ -84.66913, 10.24993 ], [ -84.66917, 10.28584 ], [ -84.61439, 10.28589 ], [ -84.61428, 10.31182 ], [ -84.61869, 10.31025 ], [ -84.62297, 10.31096 ], [ -84.62642, 10.31353 ], [ -84.62723, 10.32692 ], [ -84.61793, 10.32855 ], [ -84.61519, 10.32775 ], [ -84.61749, 10.33108 ], [ -84.61812, 10.33669 ], [ -84.61429, 10.33806 ], [ -84.61431, 10.34685 ], [ -84.62147, 10.34321 ], [ -84.62357, 10.34327 ], [ -84.62358, 10.34601 ], [ -84.63271, 10.34555 ], [ -84.641, 10.34101 ], [ -84.64509, 10.34512 ], [ -84.64791, 10.34499 ], [ -84.64792, 10.34728 ], [ -84.65015, 10.34879 ], [ -84.65804, 10.34499 ], [ -84.66239, 10.3523 ], [ -84.66167, 10.36551 ], [ -84.66272, 10.37018 ], [ -84.6642, 10.37102 ], [ -84.66319, 10.37504 ], [ -84.66013, 10.37762 ], [ -84.65101, 10.38034 ], [ -84.64415, 10.37628 ], [ -84.64188, 10.38396 ], [ -84.63595, 10.38849 ], [ -84.63731, 10.39384 ], [ -84.64189, 10.39843 ], [ -84.6419, 10.40854 ], [ -84.63782, 10.41296 ], [ -84.63661, 10.41681 ], [ -84.6303, 10.42294 ], [ -84.63329, 10.42246 ], [ -84.63521, 10.42031 ], [ -84.63893, 10.42211 ], [ -84.64191, 10.42058 ], [ -84.65105, 10.4269 ], [ -84.64832, 10.43052 ], [ -84.66841, 10.4305 ], [ -84.66704, 10.43457 ], [ -84.66819, 10.43769 ], [ -84.67206, 10.43049 ], [ -84.67959, 10.42393 ], [ -84.67844, 10.4124 ], [ -84.68482, 10.40336 ], [ -84.68663, 10.39296 ], [ -84.68846, 10.38979 ], [ -84.69667, 10.38594 ], [ -84.69759, 10.38933 ], [ -84.7017, 10.39068 ], [ -84.70215, 10.38887 ], [ -84.71197, 10.39044 ], [ -84.71197, 10.38796 ], [ -84.71494, 10.38614 ], [ -84.72562, 10.38834 ], [ -84.72407, 10.38342 ], [ -84.71905, 10.37979 ], [ -84.72177, 10.37529 ], [ -84.71948, 10.37167 ], [ -84.72404, 10.36579 ], [ -84.7318, 10.36533 ], [ -84.73317, 10.36126 ], [ -84.74231, 10.36532 ], [ -84.75601, 10.36711 ], [ -84.75601, 10.37072 ], [ -84.75304, 10.37253 ], [ -84.75305, 10.37615 ], [ -84.76789, 10.37952 ], [ -84.76675, 10.37839 ], [ -84.77382, 10.37612 ], [ -84.77885, 10.37905 ], [ -84.79003, 10.3709 ], [ -84.80214, 10.38241 ], [ -84.80898, 10.372 ], [ -84.81698, 10.37787 ], [ -84.81904, 10.38645 ], [ -84.82863, 10.38508 ], [ -84.83366, 10.38779 ], [ -84.83368, 10.40316 ], [ -84.83597, 10.40858 ], [ -84.8289, 10.41175 ], [ -84.8273, 10.40995 ], [ -84.82706, 10.40543 ], [ -84.81543, 10.41132 ], [ -84.8063, 10.41134 ], [ -84.79807, 10.40502 ], [ -84.79579, 10.40593 ], [ -84.79374, 10.41113 ], [ -84.78895, 10.41362 ], [ -84.78415, 10.41363 ], [ -84.78301, 10.41227 ], [ -84.77616, 10.41319 ], [ -84.77387, 10.41093 ], [ -84.76977, 10.41184 ], [ -84.76886, 10.41048 ], [ -84.76714, 10.41211 ], [ -84.76613, 10.42436 ], [ -84.77341, 10.46453 ], [ -84.77344, 10.49695 ], [ -84.77639, 10.49769 ], [ -84.77886, 10.49544 ], [ -84.78236, 10.49614 ], [ -84.79032, 10.4905 ], [ -84.79231, 10.49054 ], [ -84.79605, 10.49988 ], [ -84.80194, 10.50227 ], [ -84.80818, 10.5083 ], [ -84.811, 10.50844 ], [ -84.81274, 10.51115 ], [ -84.82056, 10.51433 ], [ -84.82026, 10.51802 ], [ -84.82206, 10.52001 ], [ -84.82034, 10.52227 ], [ -84.82168, 10.52326 ], [ -84.82167, 10.52596 ], [ -84.83074, 10.52298 ], [ -84.83792, 10.52471 ], [ -84.83872, 10.52991 ], [ -84.84299, 10.53035 ], [ -84.84598, 10.53242 ], [ -84.84604, 10.5369 ], [ -84.84437, 10.53956 ], [ -84.84491, 10.54658 ], [ -84.85184, 10.54622 ], [ -84.85763, 10.55393 ], [ -84.87014, 10.55962 ], [ -84.87195, 10.56332 ], [ -84.87594, 10.56364 ], [ -84.87972, 10.56187 ], [ -84.88338, 10.564 ], [ -84.88987, 10.55991 ], [ -84.89282, 10.56142 ], [ -84.90067, 10.56836 ], [ -84.90165, 10.56835 ], [ -84.90336, 10.57082 ], [ -84.90919, 10.56963 ], [ -84.91954, 10.57465 ], [ -84.92249, 10.5726 ], [ -84.92428, 10.57348 ], [ -84.93009, 10.57924 ], [ -84.92976, 10.58346 ], [ -84.9359, 10.58439 ], [ -84.9236, 10.58893 ], [ -84.9223, 10.58403 ], [ -84.91781, 10.58151 ], [ -84.9144, 10.57488 ], [ -84.91079, 10.5723 ], [ -84.90667, 10.57266 ], [ -84.90546, 10.57571 ], [ -84.90677, 10.57968 ], [ -84.902, 10.57031 ], [ -84.9, 10.56959 ], [ -84.89343, 10.5622 ], [ -84.89199, 10.5622 ], [ -84.89025, 10.56106 ], [ -84.88649, 10.56807 ], [ -84.89245, 10.58072 ], [ -84.88514, 10.57982 ], [ -84.8868, 10.59334 ], [ -84.88054, 10.59283 ], [ -84.88197, 10.59972 ], [ -84.88883, 10.60197 ], [ -84.89799, 10.61506 ], [ -84.898, 10.61913 ], [ -84.90211, 10.61822 ], [ -84.9021, 10.61099 ], [ -84.90763, 10.62682 ], [ -84.90487, 10.62725 ], [ -84.90735, 10.6304 ], [ -84.9004, 10.63619 ], [ -84.89973, 10.63854 ], [ -84.90165, 10.64212 ], [ -84.90477, 10.64271 ], [ -84.90718, 10.64148 ], [ -84.90536, 10.6485 ], [ -84.90719, 10.64939 ], [ -84.90722, 10.66521 ], [ -84.91638, 10.67423 ], [ -84.93466, 10.6742 ], [ -84.9621, 10.68319 ], [ -84.95503, 10.69043 ], [ -84.95436, 10.69993 ], [ -84.96213, 10.69923 ], [ -84.97126, 10.69221 ], [ -84.98958, 10.71025 ], [ -85.00604, 10.71022 ], [ -85.01428, 10.71834 ], [ -85.02159, 10.71606 ], [ -85.02617, 10.71922 ], [ -85.04443, 10.71014 ], [ -85.04441, 10.7011 ], [ -85.04644, 10.69705 ], [ -85.05184, 10.69618 ], [ -85.05577, 10.69707 ], [ -85.05961, 10.70167 ], [ -85.06166, 10.70845 ], [ -85.06754, 10.7082 ], [ -85.07202, 10.71288 ], [ -85.08122, 10.7126 ], [ -85.07828, 10.71911 ], [ -85.09685, 10.74619 ], [ -85.09671, 10.78235 ] ] ] } },
{ "type": "Feature", "properties": { "siglas_ac": "ACT", "nombre_ac": "Tempisque", "area_km2": 5149.0 }, "geometry": { "type": "Polygon", "coordinates": [ [ [ -85.43844, 10.44398 ], [ -85.44447, 10.44298 ], [ -85.44598, 10.4463 ], [ -85.45113, 10.44889 ], [ -85.45288, 10.45478 ], [ -85.46582, 10.45671 ], [ -85.47323, 10.45172 ], [ -85.47175, 10.4429 ], [ -85.47624, 10.43431 ], [ -85.47172, 10.43002 ], [ -85.47095, 10.426 ], [ -85.47693, 10.42047 ], [ -85.4853, 10.41839 ], [ -85.48809, 10.42338 ], [ -85.49767, 10.42034 ], [ -85.51413, 10.42433 ], [ -85.52145, 10.42155 ], [ -85.52854, 10.42247 ], [ -85.52699, 10.43173 ], [ -85.53241, 10.43542 ], [ -85.53725, 10.44181 ], [ -85.54381, 10.44209 ], [ -85.54731, 10.44441 ], [ -85.55834, 10.46462 ], [ -85.55929, 10.47729 ], [ -85.5632, 10.48615 ], [ -85.56859, 10.49292 ], [ -85.57057, 10.49905 ], [ -85.56934, 10.5036 ], [ -85.57095, 10.50929 ], [ -85.56837, 10.51449 ], [ -85.56947, 10.51899 ], [ -85.57359, 10.52408 ], [ -85.58253, 10.52638 ], [ -85.58188, 10.53033 ], [ -85.57678, 10.53516 ], [ -85.57646, 10.53747 ], [ -85.58084, 10.54131 ], [ -85.58363, 10.55 ], [ -85.5878, 10.55449 ], [ -85.58914, 10.56053 ], [ -85.59386, 10.56227 ], [ -85.59346, 10.56487 ], [ -85.59173, 10.56475 ], [ -85.59054, 10.5669 ], [ -85.5895, 10.5725 ], [ -85.59098, 10.57498 ], [ -85.58645, 10.5816 ], [ -85.591, 10.58869 ], [ -85.5887, 10.59557 ], [ -85.59034, 10.60373 ], [ -85.5815, 10.61499 ], [ -85.61038, 10.61626 ], [ -85.61301, 10.61929 ], [ -85.61418, 10.62628 ], [ -85.60929, 10.63654 ], [ -85.61859, 10.63676 ], [ -85.62173, 10.63148 ], [ -85.62682, 10.63036 ], [ -85.62782, 10.62818 ], [ -85.62643, 10.62478 ], [ -85.62898, 10.62314 ], [ -85.6302, 10.61968 ], [ -85.64051, 10.61371 ], [ -85.64165, 10.6073 ], [ -85.64476, 10.6036 ], [ -85.64696, 10.60286 ], [ -85.64912, 10.60429 ], [ -85.65057, 10.59975 ], [ -85.64954, 10.59441 ], [ -85.65254, 10.58926 ], [ -85.66209, 10.58752 ], [ -85.66383, 10.58861 ], [ -85.66277, 10.58997 ], [ -85.66394, 10.59268 ], [ -85.67173, 10.5902 ], [ -85.67592, 10.59246 ], [ -85.67647, 10.59052 ], [ -85.68041, 10.59015 ], [ -85.67637, 10.5806 ], [ -85.67883, 10.57509 ], [ -85.68277, 10.57103 ], [ -85.68453, 10.57021 ], [ -85.68801, 10.57239 ], [ -85.69845, 10.57429 ], [ -85.6997, 10.57005 ], [ -85.69314, 10.56796 ], [ -85.69066, 10.56538 ], [ -85.69223, 10.55787 ], [ -85.69671, 10.55283 ], [ -85.70531, 10.55004 ], [ -85.70947, 10.55504 ], [ -85.71394, 10.55629 ], [ -85.71531, 10.55212 ], [ -85.71835, 10.55141 ], [ -85.71803, 10.54892 ], [ -85.72084, 10.54647 ], [ -85.72488, 10.54618 ], [ -85.7258, 10.54907 ], [ -85.72831, 10.54401 ], [ -85.73073, 10.54476 ], [ -85.73236, 10.543 ], [ -85.73519, 10.54405 ], [ -85.7385, 10.53872 ], [ -85.74259, 10.5377 ], [ -85.743, 10.53519 ], [ -85.75279, 10.52992 ], [ -85.75841, 10.53042 ], [ -85.76526, 10.53478 ], [ -85.76904, 10.54215 ], [ -85.77006, 10.54033 ], [ -85.77395, 10.54006 ], [ -85.7762, 10.54158 ], [ -85.77589, 10.54341 ], [ -85.77852, 10.54393 ], [ -85.7786, 10.53821 ], [ -85.78288, 10.53686 ], [ -85.78086, 10.53402 ], [ -85.78209, 10.533 ], [ -85.78145, 10.53075 ], [ -85.78618, 10.52901 ], [ -85.78452, 10.52774 ], [ -85.78686, 10.52352 ], [ -85.79004, 10.5247 ], [ -85.79188, 10.52367 ], [ -85.78909, 10.52249 ], [ -85.79084, 10.51792 ], [ -85.79427, 10.51716 ], [ -85.80047, 10.51992 ], [ -85.80044, 10.5173 ], [ -85.80297, 10.51809 ], [ -85.80719, 10.51477 ], [ -85.80976, 10.51472 ], [ -85.81046, 10.51724 ], [ -85.81172, 10.51577 ], [ -85.80976, 10.51304 ], [ -85.80756, 10.51336 ], [ -85.8065, 10.51158 ], [ -85.80302, 10.50951 ], [ -85.79959, 10.50945 ], [ -85.79845, 10.50769 ], [ -85.79845, 10.5029 ], [ -85.80365, 10.49847 ], [ -85.79951, 10.49752 ], [ -85.79868, 10.49541 ], [ -85.79695, 10.49644 ], [ -85.79451, 10.49504 ], [ -85.79356, 10.4904 ], [ -85.79646, 10.4869 ], [ -85.7967, 10.48427 ], [ -85.79848, 10.48375 ], [ -85.79799, 10.48264 ], [ -85.79648, 10.48152 ], [ -85.79408, 10.4831 ], [ -85.78871, 10.48254 ], [ -85.78593, 10.47945 ], [ -85.78758, 10.47747 ], [ -85.78238, 10.47753 ], [ -85.77969, 10.47457 ], [ -85.77781, 10.46854 ], [ -85.77917, 10.46552 ], [ -85.77732, 10.46468 ], [ -85.77608, 10.46151 ], [ -85.77711, 10.45757 ], [ -85.77377, 10.45851 ], [ -85.77169, 10.4556 ], [ -85.77399, 10.44531 ], [ -85.77859, 10.43921 ], [ -85.78552, 10.43681 ], [ -85.78747, 10.43752 ], [ -85.78721, 10.4391 ], [ -85.78762, 10.43768 ], [ -85.7898, 10.43844 ], [ -85.78702, 10.43943 ], [ -85.78897, 10.43967 ], [ -85.78849, 10.44149 ], [ -85.78731, 10.44074 ], [ -85.78775, 10.44142 ], [ -85.78881, 10.44215 ], [ -85.79337, 10.44302 ], [ -85.79499, 10.44522 ], [ -85.79999, 10.4459 ], [ -85.79919, 10.44306 ], [ -85.79589, 10.44276 ], [ -85.79382, 10.44066 ], [ -85.79263, 10.43319 ], [ -85.7938, 10.43005 ], [ -85.79581, 10.4302 ], [ -85.79587, 10.4292 ], [ -85.79373, 10.42841 ], [ -85.79042, 10.42313 ], [ -85.79381, 10.41843 ], [ -85.79467, 10.41387 ], [ -85.79843, 10.40709 ], [ -85.80674, 10.4009 ], [ -85.81494, 10.3997 ], [ -85.81999, 10.40196 ], [ -85.82114, 10.4096 ], [ -85.82312, 10.40915 ], [ -85.82398, 10.41054 ], [ -85.82503, 10.40926 ], [ -85.82645, 10.41106 ], [ -85.82602, 10.40687 ], [ -85.8273, 10.40557 ], [ -85.82659, 10.4034 ], [ -85.828, 10.39878 ], [ -85.83273, 10.39663 ], [ -85.83433, 10.39921 ], [ -85.83676, 10.39992 ], [ -85.8348, 10.3962 ], [ -85.83745, 10.38905 ], [ -85.84227, 10.38396 ], [ -85.84536, 10.38488 ], [ -85.84484, 10.3817 ], [ -85.84759, 10.37684 ], [ -85.84705, 10.37228 ], [ -85.84884, 10.3729 ], [ -85.85025, 10.3705 ], [ -85.85364, 10.37112 ], [ -85.85412, 10.36861 ], [ -85.85703, 10.3666 ], [ -85.85936, 10.36849 ], [ -85.86407, 10.36609 ], [ -85.86719, 10.3689 ], [ -85.86557, 10.36663 ], [ -85.86706, 10.36574 ], [ -85.86657, 10.36381 ], [ -85.87564, 10.35622 ], [ -85.87328, 10.35381 ], [ -85.87409, 10.35152 ], [ -85.87272, 10.34891 ], [ -85.87103, 10.34788 ], [ -85.86943, 10.34881 ], [ -85.86643, 10.34656 ], [ -85.86521, 10.34837 ], [ -85.86264, 10.3479 ], [ -85.86144, 10.3439 ], [ -85.85911, 10.34517 ], [ -85.85657, 10.34392 ], [ -85.8548, 10.33857 ], [ -85.84569, 10.32896 ], [ -85.84113, 10.32024 ], [ -85.84026, 10.30765 ], [ -85.84088, 10.30403 ], [ -85.84239, 10.30331 ], [ -85.84158, 10.30245 ], [ -85.84513, 10.29761 ], [ -85.85091, 10.2953 ], [ -85.85272, 10.29662 ], [ -85.85297, 10.29429 ], [ -85.85559, 10.29247 ], [ -85.8534, 10.29128 ], [ -85.85303, 10.28707 ], [ -85.84898, 10.27731 ], [ -85.85123, 10.27229 ], [ -85.85067, 10.26977 ], [ -85.8521, 10.26994 ], [ -85.85146, 10.26856 ], [ -85.85398, 10.26338 ], [ -85.85622, 10.26328 ], [ -85.8548, 10.26081 ], [ -85.85605, 10.25886 ], [ -85.85287, 10.25537 ], [ -85.85416, 10.25442 ], [ -85.85309, 10.25031 ], [ -85.84847, 10.24489 ], [ -85.84826, 10.24182 ], [ -85.84177, 10.23641 ], [ -85.83838, 10.22899 ], [ -85.83876, 10.22001 ], [ -85.83641, 10.21556 ], [ -85.83844, 10.2124 ], [ -85.83703, 10.21191 ], [ -85.83745, 10.20857 ], [ -85.83633, 10.20964 ], [ -85.83566, 10.20844 ], [ -85.83749, 10.2043 ], [ -85.83776, 10.20744 ], [ -85.84054, 10.20843 ], [ -85.84097, 10.20342 ], [ -85.8289, 10.19343 ], [ -85.82243, 10.18154 ], [ -85.818, 10.17807 ], [ -85.81824, 10.17324 ], [ -85.81001, 10.16247 ], [ -85.80867, 10.15675 ], [ -85.81006, 10.15573 ], [ -85.80797, 10.15229 ], [ -85.80947, 10.14881 ], [ -85.80552, 10.14737 ], [ -85.8003, 10.14065 ], [ -85.80125, 10.13437 ], [ -85.79919, 10.13242 ], [ -85.79689, 10.1259 ], [ -85.79798, 10.1263 ], [ -85.79762, 10.12448 ], [ -85.79685, 10.1256 ], [ -85.79554, 10.12374 ], [ -85.79573, 10.12021 ], [ -85.79326, 10.1179 ], [ -85.79456, 10.11635 ], [ -85.79331, 10.11574 ], [ -85.79367, 10.11316 ], [ -85.79567, 10.1123 ], [ -85.79528, 10.10973 ], [ -85.78866, 10.10297 ], [ -85.7872, 10.09863 ], [ -85.78746, 10.09711 ], [ -85.78919, 10.09712 ], [ -85.78899, 10.09364 ], [ -85.78435, 10.09221 ], [ -85.78189, 10.08975 ], [ -85.78083, 10.08628 ], [ -85.77876, 10.08478 ], [ -85.77941, 10.08261 ], [ -85.77772, 10.07946 ], [ -85.77003, 10.07317 ], [ -85.76911, 10.07028 ], [ -85.77114, 10.0678 ], [ -85.76983, 10.06824 ], [ -85.77008, 10.06672 ], [ -85.76837, 10.06806 ], [ -85.76667, 10.06729 ], [ -85.76511, 10.06477 ], [ -85.76663, 10.06205 ], [ -85.76354, 10.06193 ], [ -85.76292, 10.05887 ], [ -85.75535, 10.05416 ], [ -85.7501, 10.04819 ], [ -85.74927, 10.04499 ], [ -85.74776, 10.04462 ], [ -85.74847, 10.04297 ], [ -85.74316, 10.03593 ], [ -85.74408, 10.03418 ], [ -85.74208, 10.03163 ], [ -85.74446, 10.03032 ], [ -85.74237, 10.02915 ], [ -85.74202, 10.03095 ], [ -85.73986, 10.03109 ], [ -85.73776, 10.02843 ], [ -85.7401, 10.02742 ], [ -85.73979, 10.02614 ], [ -85.73785, 10.02509 ], [ -85.7372, 10.02652 ], [ -85.73475, 10.02614 ], [ -85.73151, 10.02406 ], [ -85.72771, 10.01951 ], [ -85.72875, 10.01701 ], [ -85.72631, 10.01574 ], [ -85.72575, 10.01369 ], [ -85.72162, 10.01286 ], [ -85.70851, 10.00106 ], [ -85.68273, 9.97046 ], [ -85.67947, 9.96386 ], [ -85.6814, 9.96247 ], [ -85.67865, 9.96041 ], [ -85.67917, 9.95916 ], [ -85.67722, 9.95902 ], [ -85.67521, 9.95504 ], [ -85.67637, 9.95394 ], [ -85.67487, 9.95074 ], [ -85.67833, 9.94957 ], [ -85.67146, 9.94523 ], [ -85.66281, 9.92923 ], [ -85.66177, 9.91325 ], [ -85.66447, 9.90853 ], [ -85.67012, 9.90734 ], [ -85.66754, 9.90264 ], [ -85.65715, 9.90356 ], [ -85.65242, 9.8995 ], [ -85.65155, 9.90052 ], [ -85.65331, 9.90421 ], [ -85.65167, 9.90675 ], [ -85.64498, 9.90955 ], [ -85.64081, 9.90935 ], [ -85.63397, 9.90501 ], [ -85.63304, 9.90213 ], [ -85.62944, 9.9013 ], [ -85.63062, 9.89728 ], [ -85.62822, 9.89721 ], [ -85.62778, 9.89552 ], [ -85.63009, 9.894 ], [ -85.62799, 9.89392 ], [ -85.62472, 9.89101 ], [ -85.62366, 9.89313 ], [ -85.60986, 9.89097 ], [ -85.60613, 9.88693 ], [ -85.60232, 9.88936 ], [ -85.60076, 9.88871 ], [ -85.59897, 9.89043 ], [ -85.59474, 9.89098 ], [ -85.5921, 9.88811 ], [ -85.59295, 9.88557 ], [ -85.59062, 9.88568 ], [ -85.58925, 9.88351 ], [ -85.58311, 9.88167 ], [ -85.57571, 9.88233 ], [ -85.56931, 9.87668 ], [ -85.56652, 9.87972 ], [ -85.5592, 9.88016 ], [ -85.55165, 9.87776 ], [ -85.54743, 9.87378 ], [ -85.54132, 9.87311 ], [ -85.54001, 9.87465 ], [ -85.53424, 9.87375 ], [ -85.52731, 9.87994 ], [ -85.51992, 9.88025 ], [ -85.50821, 9.87039 ], [ -85.50785, 9.86671 ], [ -85.51033, 9.8637 ], [ -85.50881, 9.86012 ], [ -85.50709, 9.85973 ], [ -85.50529, 9.86261 ], [ -85.50208, 9.86394 ], [ -85.49878, 9.8619 ], [ -85.50034, 9.8649 ], [ -85.49853, 9.86869 ], [ -85.49423, 9.87091 ], [ -85.48948, 9.87109 ], [ -85.48537, 9.86944 ], [ -85.48337, 9.86697 ], [ -85.48402, 9.86509 ], [ -85.48278, 9.86298 ], [ -85.48574, 9.86193 ], [ -85.48603, 9.859 ], [ -85.48171, 9.85696 ], [ -85.47964, 9.85745 ], [ -85.47727, 9.85538 ], [ -85.47763, 9.85405 ], [ -85.47693, 9.85509 ], [ -85.4746, 9.85435 ], [ -85.47439, 9.85224 ], [ -85.47003, 9.8523 ], [ -85.46806, 9.84966 ], [ -85.4664, 9.85078 ], [ -85.46302, 9.85019 ], [ -85.46, 9.85937 ], [ -85.45667, 9.86087 ], [ -85.45313, 9.85956 ], [ -85.45322, 9.8622 ], [ -85.4489, 9.86243 ], [ -85.42926, 9.85878 ], [ -85.42622, 9.85686 ], [ -85.42664, 9.85346 ], [ -85.42532, 9.85216 ], [ -85.41326, 9.85185 ], [ -85.41186, 9.8498 ], [ -85.40922, 9.85013 ], [ -85.40738, 9.84788 ], [ -85.4065, 9.84879 ], [ -85.40239, 9.84766 ], [ -85.40418, 9.8504 ], [ -85.4029, 9.85324 ], [ -85.40204, 9.852 ], [ -85.39665, 9.85266 ], [ -85.3844, 9.84767 ], [ -85.38156, 9.84905 ], [ -85.37521, 9.84646 ], [ -85.37515, 9.84504 ], [ -85.37316, 9.8446 ], [ -85.37164, 9.84177 ], [ -85.36987, 9.84238 ], [ -85.36873, 9.84016 ], [ -85.36556, 9.84151 ], [ -85.36023, 9.83962 ], [ -85.33821, 9.82756 ], [ -85.33192, 9.82164 ], [ -85.33318, 9.81856 ], [ -85.33608, 9.81737 ], [ -85.33484, 9.81518 ], [ -85.33136, 9.81644 ], [ -85.32827, 9.81506 ], [ -85.32401, 9.81728 ], [ -85.3152, 9.81386 ], [ -85.30201, 9.80599 ], [ -85.29885, 9.80501 ], [ -85.29819, 9.80672 ], [ -85.29581, 9.80231 ], [ -85.28118, 9.79225 ], [ -85.27054, 9.78189 ], [ -85.26734, 9.77467 ], [ -85.26726, 9.76895 ], [ -85.27174, 9.76535 ], [ -85.275, 9.76015 ], [ -85.26634, 9.75821 ], [ -85.24742, 9.74705 ], [ -85.23722, 9.73916 ], [ -85.2307, 9.73129 ], [ -85.22349, 9.72552 ], [ -85.21622, 9.713 ], [ -85.21503, 9.70575 ], [ -85.20294, 9.68994 ], [ -85.20349, 9.68223 ], [ -85.19668, 9.66919 ], [ -85.1897, 9.66392 ], [ -85.17787, 9.64981 ], [ -85.15132, 9.62574 ], [ -85.14686, 9.62008 ], [ -85.14418, 9.6152 ], [ -85.14593, 9.60799 ], [ -85.14356, 9.6076 ], [ -85.14282, 9.60604 ], [ -85.14409, 9.60366 ], [ -85.14226, 9.599 ], [ -85.14368, 9.59714 ], [ -85.14373, 9.59304 ], [ -85.14187, 9.58518 ], [ -85.14296, 9.58376 ], [ -85.14107, 9.58315 ], [ -85.14139, 9.58046 ], [ -85.13922, 9.58154 ], [ -85.13559, 9.57709 ], [ -85.13353, 9.57707 ], [ -85.13288, 9.57324 ], [ -85.13112, 9.57228 ], [ -85.12591, 9.57562 ], [ -85.12172, 9.57405 ], [ -85.11438, 9.56543 ], [ -85.11683, 9.56087 ], [ -85.11081, 9.55878 ], [ -85.11184, 9.56176 ], [ -85.10758, 9.56735 ], [ -85.10272, 9.5697 ], [ -85.10118, 9.56868 ], [ -85.09866, 9.56964 ], [ -85.09612, 9.56774 ], [ -85.09144, 9.57091 ], [ -85.09225, 9.58621 ], [ -85.08601, 9.59481 ], [ -85.08452, 9.60002 ], [ -85.08509, 9.60396 ], [ -85.07767, 9.61574 ], [ -85.0779, 9.62835 ], [ -85.07321, 9.63373 ], [ -85.07337, 9.64137 ], [ -85.07144, 9.6472 ], [ -85.06735, 9.65176 ], [ -85.06786, 9.65374 ], [ -85.05875, 9.6598 ], [ -85.05718, 9.66457 ], [ -85.05486, 9.66653 ], [ -85.05338, 9.66596 ], [ -85.05218, 9.66853 ], [ -85.04605, 9.67113 ], [ -85.04034, 9.67121 ], [ -85.04028, 9.67469 ], [ -85.03694, 9.67534 ], [ -85.03725, 9.67581 ], [ -85.03948, 9.67592 ], [ -85.03997, 9.67763 ], [ -85.0366, 9.68198 ], [ -85.02659, 9.68565 ], [ -85.00709, 9.68953 ], [ -85.00391, 9.69236 ], [ -85.00398, 9.69522 ], [ -85.00177, 9.69522 ], [ -85.00031, 9.69793 ], [ -84.99857, 9.69817 ], [ -84.99732, 9.70034 ], [ -84.99835, 9.70162 ], [ -84.99373, 9.70431 ], [ -84.99748, 9.70757 ], [ -84.99845, 9.71198 ], [ -85.00924, 9.71383 ], [ -85.0151, 9.71309 ], [ -85.01642, 9.71465 ], [ -85.01817, 9.72254 ], [ -85.01456, 9.7344 ], [ -85.01008, 9.74021 ], [ -85.00133, 9.74672 ], [ -84.99515, 9.74891 ], [ -84.9908, 9.74764 ], [ -84.98861, 9.74852 ], [ -84.99236, 9.74554 ], [ -84.9883, 9.74524 ], [ -84.98569, 9.74324 ], [ -84.98569, 9.74134 ], [ -84.98751, 9.74022 ], [ -84.97847, 9.74006 ], [ -84.97712, 9.73835 ], [ -84.97793, 9.7368 ], [ -84.97682, 9.73739 ], [ -84.97614, 9.73574 ], [ -84.97691, 9.73363 ], [ -84.9742, 9.73151 ], [ -84.9683, 9.73136 ], [ -84.96502, 9.72892 ], [ -84.96124, 9.73003 ], [ -84.95854, 9.72663 ], [ -84.95757, 9.72818 ], [ -84.95497, 9.72801 ], [ -84.95382, 9.73166 ], [ -84.95014, 9.73326 ], [ -84.95349, 9.73557 ], [ -84.95106, 9.73842 ], [ -84.95188, 9.74228 ], [ -84.9559, 9.74744 ], [ -84.95307, 9.7533 ], [ -84.95428, 9.75658 ], [ -84.95083, 9.75923 ], [ -84.94696, 9.75829 ], [ -84.94708, 9.76029 ], [ -84.94222, 9.76132 ], [ -84.93585, 9.75694 ], [ -84.93339, 9.75696 ], [ -84.9341, 9.75908 ], [ -84.93239, 9.76235 ], [ -84.92872, 9.76402 ], [ -84.93081, 9.7731 ], [ -84.91817, 9.78509 ], [ -84.92364, 9.78429 ], [ -84.92467, 9.78901 ], [ -84.92367, 9.79234 ], [ -84.91806, 9.79498 ], [ -84.90073, 9.79802 ], [ -84.90349, 9.80194 ], [ -84.90045, 9.80978 ], [ -84.8966, 9.81445 ], [ -84.89495, 9.81528 ], [ -84.88588, 9.81245 ], [ -84.87972, 9.8123 ], [ -84.87717, 9.81627 ], [ -84.87936, 9.81606 ], [ -84.88022, 9.81809 ], [ -84.87725, 9.82218 ], [ -84.87506, 9.82366 ], [ -84.87197, 9.82272 ], [ -84.8682, 9.8237 ], [ -84.86479, 9.82651 ], [ -84.86387, 9.8292 ], [ -84.8655, 9.83014 ], [ -84.86918, 9.82803 ], [ -84.87158, 9.83071 ], [ -84.88845, 9.83355 ], [ -84.8922, 9.83271 ], [ -84.89504, 9.83424 ], [ -84.89915, 9.8307 ], [ -84.90201, 9.82948 ], [ -84.90389, 9.83024 ], [ -84.90441, 9.82872 ], [ -84.91084, 9.82717 ], [ -84.91435, 9.82466 ], [ -84.91784, 9.82718 ], [ -84.91967, 9.82534 ], [ -84.92088, 9.82554 ], [ -84.91999, 9.82635 ], [ -84.91946, 9.82611 ], [ -84.91995, 9.8273 ], [ -84.92623, 9.83124 ], [ -84.92781, 9.83625 ], [ -84.93034, 9.83728 ], [ -84.93333, 9.83609 ], [ -84.92772, 9.84111 ], [ -84.92058, 9.84276 ], [ -84.924, 9.84824 ], [ -84.92289, 9.85169 ], [ -84.91856, 9.8533 ], [ -84.91653, 9.85195 ], [ -84.91589, 9.85422 ], [ -84.91195, 9.85535 ], [ -84.91021, 9.8532 ], [ -84.90584, 9.85297 ], [ -84.90878, 9.8549 ], [ -84.90904, 9.85904 ], [ -84.91425, 9.85874 ], [ -84.91594, 9.86149 ], [ -84.92001, 9.86077 ], [ -84.9217, 9.86482 ], [ -84.91969, 9.86702 ], [ -84.92276, 9.8722 ], [ -84.92373, 9.87134 ], [ -84.9313, 9.87547 ], [ -84.93355, 9.87516 ], [ -84.93405, 9.87849 ], [ -84.93542, 9.87801 ], [ -84.93845, 9.88139 ], [ -84.93495, 9.88991 ], [ -84.93317, 9.89126 ], [ -84.93284, 9.89776 ], [ -84.93259, 9.89783 ], [ -84.93218, 9.8976 ], [ -84.93191, 9.89707 ], [ -84.92773, 9.90159 ], [ -84.92289, 9.90117 ], [ -84.91407, 9.9041 ], [ -84.91632, 9.90839 ], [ -84.91849, 9.90931 ], [ -84.91934, 9.9146 ], [ -84.92089, 9.91538 ], [ -84.91958, 9.92124 ], [ -84.92158, 9.92552 ], [ -84.93171, 9.92475 ], [ -84.93623, 9.92854 ], [ -84.93331, 9.93212 ], [ -84.93481, 9.93108 ], [ -84.94254, 9.93525 ], [ -84.95051, 9.93563 ], [ -84.95703, 9.93876 ], [ -84.95865, 9.94158 ], [ -84.96407, 9.9375 ], [ -84.97104, 9.94246 ], [ -84.97432, 9.93821 ], [ -84.97784, 9.93924 ], [ -84.98103, 9.9363 ], [ -84.98568, 9.9396 ], [ -84.98777, 9.93859 ], [ -84.98645, 9.93784 ], [ -84.98941, 9.93715 ], [ -84.9949, 9.93833 ], [ -84.99868, 9.94012 ], [ -84.99835, 9.94153 ], [ -85.00054, 9.93757 ], [ -85.00936, 9.93857 ], [ -85.02149, 9.95003 ], [ -85.02307, 9.95833 ], [ -85.02455, 9.9589 ], [ -85.02436, 9.95918 ], [ -85.0235, 9.95945 ], [ -85.02927, 9.95955 ], [ -85.03473, 9.96269 ], [ -85.03538, 9.96163 ], [ -85.03625, 9.96366 ], [ -85.03893, 9.96371 ], [ -85.0468, 9.96958 ], [ -85.04859, 9.97323 ], [ -85.05233, 9.97557 ], [ -85.05957, 9.97471 ], [ -85.06164, 9.97085 ], [ -85.06253, 9.97272 ], [ -85.06335, 9.97152 ], [ -85.06367, 9.97261 ], [ -85.06517, 9.97256 ], [ -85.06486, 9.97137 ], [ -85.06584, 9.97226 ], [ -85.06675, 9.97055 ], [ -85.06482, 9.97009 ], [ -85.06496, 9.96886 ], [ -85.06422, 9.96958 ], [ -85.06464, 9.96779 ], [ -85.06621, 9.96794 ], [ -85.06656, 9.9666 ], [ -85.07031, 9.96753 ], [ -85.0722, 9.9659 ], [ -85.07487, 9.9668 ], [ -85.07397, 9.96831 ], [ -85.07248, 9.9675 ], [ -85.07273, 9.96882 ], [ -85.07154, 9.96794 ], [ -85.07345, 9.97199 ], [ -85.07495, 9.97178 ], [ -85.07463, 9.9699 ], [ -85.0756, 9.97132 ], [ -85.07839, 9.9674 ], [ -85.08287, 9.96717 ], [ -85.08171, 9.97152 ], [ -85.08404, 9.97192 ], [ -85.08292, 9.97244 ], [ -85.08193, 9.97212 ], [ -85.08239, 9.97355 ], [ -85.0785, 9.97226 ], [ -85.07861, 9.9747 ], [ -85.08023, 9.97387 ], [ -85.08034, 9.97588 ], [ -85.08178, 9.97514 ], [ -85.08113, 9.976 ], [ -85.07965, 9.97612 ], [ -85.07898, 9.97725 ], [ -85.07606, 9.97704 ], [ -85.07724, 9.97882 ], [ -85.08683, 9.9746 ], [ -85.08887, 9.97198 ], [ -85.09155, 9.97197 ], [ -85.09156, 9.97041 ], [ -85.10275, 9.97535 ], [ -85.10502, 9.97403 ], [ -85.10939, 9.97791 ], [ -85.11423, 9.9796 ], [ -85.11666, 9.97756 ], [ -85.11515, 9.97504 ], [ -85.11669, 9.97558 ], [ -85.11767, 9.97407 ], [ -85.11757, 9.97727 ], [ -85.12217, 9.97914 ], [ -85.12115, 9.98049 ], [ -85.11758, 9.97816 ], [ -85.11595, 9.9822 ], [ -85.11905, 9.99143 ], [ -85.1228, 9.99249 ], [ -85.12525, 9.99022 ], [ -85.12692, 9.9917 ], [ -85.12977, 9.9895 ], [ -85.13202, 9.99035 ], [ -85.14768, 10.00395 ], [ -85.15343, 10.01105 ], [ -85.15667, 10.0122 ], [ -85.16119, 10.01666 ], [ -85.16442, 10.01664 ], [ -85.16514, 10.01782 ], [ -85.16369, 10.0203 ], [ -85.16562, 10.02168 ], [ -85.16876, 10.02105 ], [ -85.16838, 10.02442 ], [ -85.17038, 10.0268 ], [ -85.16868, 10.02891 ], [ -85.1687, 10.03332 ], [ -85.17142, 10.03403 ], [ -85.17172, 10.03731 ], [ -85.16757, 10.03795 ], [ -85.16354, 10.03671 ], [ -85.16025, 10.03162 ], [ -85.15779, 10.03025 ], [ -85.15184, 10.03097 ], [ -85.14992, 10.04076 ], [ -85.15223, 10.04923 ], [ -85.15437, 10.04976 ], [ -85.15901, 10.04728 ], [ -85.16925, 10.04597 ], [ -85.17458, 10.04836 ], [ -85.17878, 10.05244 ], [ -85.18343, 10.06477 ], [ -85.18629, 10.06635 ], [ -85.1885, 10.06379 ], [ -85.19038, 10.06426 ], [ -85.19481, 10.08294 ], [ -85.21339, 10.08564 ], [ -85.2204, 10.09156 ], [ -85.22527, 10.09121 ], [ -85.2258, 10.09314 ], [ -85.2298, 10.09461 ], [ -85.23569, 10.10291 ], [ -85.23619, 10.10709 ], [ -85.23909, 10.10554 ], [ -85.24085, 10.10673 ], [ -85.24048, 10.11123 ], [ -85.23815, 10.11203 ], [ -85.23769, 10.11395 ], [ -85.23919, 10.11889 ], [ -85.24103, 10.12032 ], [ -85.24116, 10.12243 ], [ -85.23893, 10.12306 ], [ -85.24016, 10.12767 ], [ -85.23929, 10.12896 ], [ -85.24339, 10.13387 ], [ -85.24336, 10.13619 ], [ -85.24083, 10.13665 ], [ -85.2405, 10.13919 ], [ -85.24586, 10.14445 ], [ -85.24432, 10.14589 ], [ -85.24387, 10.15263 ], [ -85.24754, 10.1763 ], [ -85.2461, 10.18171 ], [ -85.24677, 10.18693 ], [ -85.24495, 10.19004 ], [ -85.243, 10.20076 ], [ -85.24679, 10.20504 ], [ -85.24749, 10.21043 ], [ -85.24128, 10.22834 ], [ -85.24872, 10.24592 ], [ -85.24566, 10.24747 ], [ -85.26922, 10.26233 ], [ -85.2856, 10.26787 ], [ -85.28783, 10.2709 ], [ -85.28773, 10.27308 ], [ -85.28214, 10.28333 ], [ -85.28205, 10.29098 ], [ -85.28784, 10.29738 ], [ -85.30576, 10.30669 ], [ -85.30823, 10.31777 ], [ -85.31127, 10.32131 ], [ -85.34243, 10.32416 ], [ -85.34697, 10.32247 ], [ -85.35419, 10.31586 ], [ -85.35676, 10.31517 ], [ -85.35843, 10.31667 ], [ -85.3575, 10.3212 ], [ -85.35887, 10.32448 ], [ -85.37113, 10.32435 ], [ -85.37963, 10.33008 ], [ -85.3784, 10.33199 ], [ -85.37613, 10.33194 ], [ -85.37287, 10.32664 ], [ -85.36985, 10.32663 ], [ -85.3689, 10.33015 ], [ -85.37159, 10.33633 ], [ -85.36661, 10.34075 ], [ -85.36799, 10.34291 ], [ -85.37387, 10.34381 ], [ -85.38581, 10.33688 ], [ -85.39244, 10.33803 ], [ -85.39802, 10.33709 ], [ -85.40243, 10.33932 ], [ -85.40757, 10.34541 ], [ -85.40582, 10.35734 ], [ -85.40703, 10.36026 ], [ -85.41073, 10.36221 ], [ -85.40899, 10.36945 ], [ -85.40476, 10.37058 ], [ -85.40604, 10.37271 ], [ -85.40295, 10.37425 ], [ -85.40345, 10.378 ], [ -85.39791, 10.37869 ], [ -85.39823, 10.38084 ], [ -85.4026, 10.38038 ], [ -85.39789, 10.38624 ], [ -85.39993, 10.38837 ], [ -85.39905, 10.38948 ], [ -85.39707, 10.38723 ], [ -85.39325, 10.38763 ], [ -85.39612, 10.39249 ], [ -85.39448, 10.39442 ], [ -85.39172, 10.39115 ], [ -85.3929, 10.39394 ], [ -85.39117, 10.39686 ], [ -85.3906, 10.39252 ], [ -85.38662, 10.39339 ], [ -85.38077, 10.38929 ], [ -85.37814, 10.3896 ], [ -85.38399, 10.39286 ], [ -85.38093, 10.39339 ], [ -85.37713, 10.39687 ], [ -85.37477, 10.40021 ], [ -85.37657, 10.40441 ], [ -85.37286, 10.40306 ], [ -85.37304, 10.40675 ], [ -85.36968, 10.40782 ], [ -85.36888, 10.41027 ], [ -85.37, 10.41204 ], [ -85.37102, 10.40958 ], [ -85.37752, 10.41145 ], [ -85.37732, 10.41342 ], [ -85.37279, 10.41704 ], [ -85.37765, 10.41921 ], [ -85.37844, 10.42342 ], [ -85.38158, 10.42415 ], [ -85.38563, 10.42223 ], [ -85.38851, 10.42487 ], [ -85.39253, 10.42167 ], [ -85.40084, 10.4215 ], [ -85.40568, 10.42945 ], [ -85.4093, 10.4302 ], [ -85.41262, 10.42909 ], [ -85.41668, 10.43158 ], [ -85.42796, 10.43374 ], [ -85.43844, 10.44398 ] ] ] } },
{ "type": "Feature", "properties": { "siglas_ac": "ACG", "nombre_ac": "Guanacaste", "area_km2": 2935.7 }, "geometry": { "type": "Polygon", "coordinates": [ [ [ -85.35777, 11.12637 ], [ -85.42405, 11.12913 ], [ -85.52228, 11.16765 ], [ -85.56038, 11.21014 ], [ -85.60989, 11.21964 ], [ -85.69271, 11.07951 ], [ -85.68556, 11.07485 ], [ -85.68163, 11.06821 ], [ -85.67803, 11.06879 ], [ -85.6722, 11.06542 ], [ -85.66737, 11.05178 ], [ -85.66759, 11.04373 ], [ -85.67034, 11.03798 ], [ -85.67543, 11.03235 ], [ -85.68002, 11.03162 ], [ -85.68847, 11.02665 ], [ -85.69734, 11.02857 ], [ -85.69852, 11.02737 ], [ -85.70256, 11.02805 ], [ -85.70754, 11.03001 ], [ -85.71323, 11.02686 ], [ -85.71801, 11.0321 ], [ -85.71764, 11.03612 ], [ -85.72362, 11.04493 ], [ -85.723, 11.04608 ], [ -85.72742, 11.04911 ], [ -85.73149, 11.04755 ], [ -85.73195, 11.04599 ], [ -85.73364, 11.04795 ], [ -85.73529, 11.04782 ], [ -85.7364, 11.04443 ], [ -85.74068, 11.04373 ], [ -85.73881, 11.04072 ], [ -85.74002, 11.03957 ], [ -85.73458, 11.03735 ], [ -85.73552, 11.03238 ], [ -85.7456, 11.03407 ], [ -85.74509, 11.03284 ], [ -85.74659, 11.03265 ], [ -85.74511, 11.03041 ], [ -85.7464, 11.02782 ], [ -85.74864, 11.02666 ], [ -85.75061, 11.02756 ], [ -85.75397, 11.02374 ], [ -85.75433, 11.02216 ], [ -85.75188, 11.01967 ], [ -85.7526, 11.01847 ], [ -85.74706, 11.01604 ], [ -85.74553, 11.01327 ], [ -85.74413, 11.01421 ], [ -85.74133, 11.01245 ], [ -85.74227, 11.01143 ], [ -85.74136, 11.01238 ], [ -85.73882, 11.00961 ], [ -85.73089, 11.00626 ], [ -85.72523, 11.00657 ], [ -85.7171, 10.99929 ], [ -85.71045, 10.99677 ], [ -85.70904, 10.99349 ], [ -85.71075, 10.99217 ], [ -85.70981, 10.98947 ], [ -85.70475, 10.98783 ], [ -85.70259, 10.98538 ], [ -85.69975, 10.98548 ], [ -85.69768, 10.98197 ], [ -85.69497, 10.98226 ], [ -85.68896, 10.97635 ], [ -85.68872, 10.96794 ], [ -85.69167, 10.9635 ], [ -85.69634, 10.96553 ], [ -85.69848, 10.96268 ], [ -85.7023, 10.96507 ], [ -85.70194, 10.96247 ], [ -85.70332, 10.96 ], [ -85.70564, 10.95932 ], [ -85.7048, 10.95739 ], [ -85.70721, 10.95469 ], [ -85.71344, 10.95666 ], [ -85.71475, 10.95359 ], [ -85.71887, 10.95642 ], [ -85.72009, 10.95543 ], [ -85.71273, 10.95129 ], [ -85.70922, 10.95202 ], [ -85.70468, 10.94856 ], [ -85.70091, 10.94996 ], [ -85.70101, 10.94292 ], [ -85.70413, 10.93557 ], [ -85.70548, 10.93467 ], [ -85.71151, 10.93642 ], [ -85.71166, 10.93299 ], [ -85.71421, 10.93149 ], [ -85.71154, 10.92674 ], [ -85.71226, 10.92572 ], [ -85.71779, 10.92368 ], [ -85.71702, 10.92249 ], [ -85.72225, 10.92448 ], [ -85.72192, 10.92626 ], [ -85.72311, 10.92609 ], [ -85.72195, 10.92992 ], [ -85.7188, 10.93101 ], [ -85.72035, 10.93276 ], [ -85.71994, 10.93452 ], [ -85.72643, 10.9364 ], [ -85.72818, 10.93843 ], [ -85.72787, 10.93631 ], [ -85.73005, 10.9341 ], [ -85.73333, 10.93536 ], [ -85.7342, 10.93787 ], [ -85.73273, 10.93898 ], [ -85.73373, 10.93936 ], [ -85.73636, 10.93799 ], [ -85.74545, 10.93895 ], [ -85.74712, 10.93661 ], [ -85.74877, 10.93881 ], [ -85.75049, 10.93689 ], [ -85.75342, 10.93917 ], [ -85.75914, 10.93927 ], [ -85.76212, 10.93782 ], [ -85.76506, 10.93835 ], [ -85.7649, 10.93654 ], [ -85.76652, 10.93557 ], [ -85.76844, 10.93627 ], [ -85.7695, 10.93929 ], [ -85.77155, 10.93743 ], [ -85.77285, 10.93952 ], [ -85.7774, 10.94012 ], [ -85.77913, 10.93942 ], [ -85.77882, 10.93482 ], [ -85.78052, 10.93413 ], [ -85.78189, 10.93467 ], [ -85.78187, 10.93665 ], [ -85.78314, 10.93565 ], [ -85.78474, 10.93661 ], [ -85.78488, 10.93947 ], [ -85.78505, 10.93781 ], [ -85.78649, 10.93855 ], [ -85.78666, 10.93733 ], [ -85.78929, 10.93687 ], [ -85.78801, 10.93329 ], [ -85.7895, 10.93198 ], [ -85.79383, 10.93139 ], [ -85.79609, 10.93461 ], [ -85.80079, 10.93239 ], [ -85.79828, 10.92748 ], [ -85.79108, 10.92404 ], [ -85.78966, 10.91957 ], [ -85.78469, 10.91531 ], [ -85.79017, 10.90985 ], [ -85.79337, 10.90907 ], [ -85.80575, 10.91522 ], [ -85.80685, 10.91903 ], [ -85.81478, 10.91955 ], [ -85.81722, 10.92141 ], [ -85.81976, 10.92979 ], [ -85.81053, 10.93564 ], [ -85.81531, 10.93941 ], [ -85.81508, 10.94214 ], [ -85.8169, 10.94525 ], [ -85.8188, 10.94375 ], [ -85.82062, 10.94599 ], [ -85.82316, 10.94592 ], [ -85.82477, 10.94276 ], [ -85.82632, 10.94347 ], [ -85.82623, 10.94565 ], [ -85.82913, 10.9444 ], [ -85.83088, 10.94564 ], [ -85.83259, 10.94333 ], [ -85.83655, 10.9467 ], [ -85.83816, 10.94427 ], [ -85.84463, 10.9454 ], [ -85.84659, 10.94433 ], [ -85.85446, 10.94504 ], [ -85.85819, 10.94835 ], [ -85.85917, 10.94706 ], [ -85.86254, 10.94752 ], [ -85.86389, 10.95101 ], [ -85.86587, 10.94844 ], [ -85.86877, 10.94892 ], [ -85.86849, 10.95094 ], [ -85.87693, 10.94894 ], [ -85.8815, 10.95054 ], [ -85.88511, 10.94885 ], [ -85.87176, 10.94238 ], [ -85.86345, 10.94031 ], [ -85.86131, 10.93354 ], [ -85.86466, 10.92682 ], [ -85.86856, 10.92683 ], [ -85.87123, 10.9233 ], [ -85.87519, 10.92195 ], [ -85.88124, 10.923 ], [ -85.88021, 10.92119 ], [ -85.88148, 10.9197 ], [ -85.8875, 10.9173 ], [ -85.88835, 10.9181 ], [ -85.88862, 10.91683 ], [ -85.89707, 10.91361 ], [ -85.90091, 10.91024 ], [ -85.90678, 10.9091 ], [ -85.91344, 10.91034 ], [ -85.91335, 10.90798 ], [ -85.91789, 10.90479 ], [ -85.92456, 10.90286 ], [ -85.92594, 10.90363 ], [ -85.92663, 10.90143 ], [ -85.92892, 10.90037 ], [ -85.93324, 10.9004 ], [ -85.93878, 10.89567 ], [ -85.94478, 10.89365 ], [ -85.94599, 10.89436 ], [ -85.94991, 10.89033 ], [ -85.94477, 10.89075 ], [ -85.93505, 10.89472 ], [ -85.93204, 10.89362 ], [ -85.92907, 10.89527 ], [ -85.92562, 10.89506 ], [ -85.91672, 10.89919 ], [ -85.91413, 10.89727 ], [ -85.90711, 10.89582 ], [ -85.9039, 10.88914 ], [ -85.90048, 10.88952 ], [ -85.89048, 10.88655 ], [ -85.87853, 10.88074 ], [ -85.8771, 10.8814 ], [ -85.87459, 10.87809 ], [ -85.8701, 10.87861 ], [ -85.86695, 10.87693 ], [ -85.86512, 10.87282 ], [ -85.85757, 10.8647 ], [ -85.8542, 10.85273 ], [ -85.85206, 10.85529 ], [ -85.84511, 10.8566 ], [ -85.83792, 10.85517 ], [ -85.83402, 10.85253 ], [ -85.82813, 10.85423 ], [ -85.82372, 10.85204 ], [ -85.8215, 10.85332 ], [ -85.8166, 10.85097 ], [ -85.80803, 10.84948 ], [ -85.8034, 10.84963 ], [ -85.79862, 10.85351 ], [ -85.79473, 10.85264 ], [ -85.78867, 10.84652 ], [ -85.78837, 10.83944 ], [ -85.7917, 10.83595 ], [ -85.79413, 10.83704 ], [ -85.80129, 10.83424 ], [ -85.80252, 10.83093 ], [ -85.80175, 10.8258 ], [ -85.79526, 10.82188 ], [ -85.79215, 10.81511 ], [ -85.77804, 10.81394 ], [ -85.76347, 10.8032 ], [ -85.76162, 10.80383 ], [ -85.76128, 10.80649 ], [ -85.75794, 10.81038 ], [ -85.74425, 10.81862 ], [ -85.7418, 10.81883 ], [ -85.73374, 10.81554 ], [ -85.73062, 10.81245 ], [ -85.72949, 10.8135 ], [ -85.72737, 10.8127 ], [ -85.72295, 10.80891 ], [ -85.72147, 10.81125 ], [ -85.71842, 10.81192 ], [ -85.71309, 10.8096 ], [ -85.70913, 10.80594 ], [ -85.70408, 10.80706 ], [ -85.69649, 10.79981 ], [ -85.68689, 10.80248 ], [ -85.68051, 10.79618 ], [ -85.67763, 10.79545 ], [ -85.68026, 10.79537 ], [ -85.66253, 10.77304 ], [ -85.65773, 10.76254 ], [ -85.6574, 10.75894 ], [ -85.66278, 10.74707 ], [ -85.6634, 10.73732 ], [ -85.66084, 10.73278 ], [ -85.66226, 10.72136 ], [ -85.65549, 10.69916 ], [ -85.65706, 10.69465 ], [ -85.65413, 10.68714 ], [ -85.65322, 10.67505 ], [ -85.65824, 10.66415 ], [ -85.66124, 10.66465 ], [ -85.66815, 10.66253 ], [ -85.67101, 10.66322 ], [ -85.67205, 10.66148 ], [ -85.67578, 10.66176 ], [ -85.67548, 10.6598 ], [ -85.671, 10.65947 ], [ -85.67039, 10.65614 ], [ -85.67417, 10.65107 ], [ -85.67911, 10.65239 ], [ -85.67968, 10.64888 ], [ -85.68296, 10.64731 ], [ -85.68304, 10.64516 ], [ -85.68461, 10.64464 ], [ -85.68299, 10.64248 ], [ -85.67987, 10.64202 ], [ -85.67451, 10.64303 ], [ -85.67206, 10.64543 ], [ -85.67023, 10.64205 ], [ -85.67547, 10.63558 ], [ -85.68002, 10.63356 ], [ -85.68131, 10.6352 ], [ -85.68387, 10.63528 ], [ -85.68482, 10.63103 ], [ -85.68727, 10.63035 ], [ -85.68835, 10.63184 ], [ -85.68762, 10.62949 ], [ -85.69107, 10.62538 ], [ -85.68627, 10.62388 ], [ -85.68513, 10.62074 ], [ -85.68679, 10.61921 ], [ -85.68701, 10.61605 ], [ -85.68886, 10.61552 ], [ -85.68833, 10.61301 ], [ -85.69644, 10.61229 ], [ -85.69921, 10.61066 ], [ -85.69608, 10.60993 ], [ -85.69087, 10.60587 ], [ -85.68961, 10.61032 ], [ -85.68521, 10.61176 ], [ -85.67973, 10.61147 ], [ -85.67696, 10.62031 ], [ -85.67401, 10.62282 ], [ -85.67533, 10.6268 ], [ -85.67408, 10.63166 ], [ -85.66895, 10.63266 ], [ -85.66218, 10.63651 ], [ -85.65684, 10.64223 ], [ -85.65231, 10.64316 ], [ -85.64967, 10.64316 ], [ -85.63292, 10.63397 ], [ -85.62911, 10.62853 ], [ -85.62783, 10.62369 ], [ -85.62643, 10.62478 ], [ -85.62782, 10.62818 ], [ -85.62682, 10.63036 ], [ -85.62173, 10.63148 ], [ -85.61859, 10.63676 ], [ -85.60929, 10.63654 ], [ -85.61418, 10.62628 ], [ -85.61301, 10.61929 ], [ -85.61038, 10.61626 ], [ -85.5815, 10.61499 ], [ -85.59034, 10.60373 ], [ -85.5887, 10.59557 ], [ -85.591, 10.58869 ], [ -85.58645, 10.5816 ], [ -85.59098, 10.57498 ], [ -85.5895, 10.5725 ], [ -85.59054, 10.5669 ], [ -85.59173, 10.56475 ], [ -85.59346, 10.56487 ], [ -85.59386, 10.56227 ], [ -85.58914, 10.56053 ], [ -85.5878, 10.55449 ], [ -85.58363, 10.55 ], [ -85.58084, 10.54131 ], [ -85.57646, 10.53747 ], [ -85.57678, 10.53516 ], [ -85.58188, 10.53033 ], [ -85.58253, 10.52638 ], [ -85.57359, 10.52408 ], [ -85.56947, 10.51899 ], [ -85.56837, 10.51449 ], [ -85.57095, 10.50929 ], [ -85.56934, 10.5036 ], [ -85.57057, 10.49905 ], [ -85.56859, 10.49292 ], [ -85.5632, 10.48615 ], [ -85.55929, 10.47729 ], [ -85.55834, 10.46462 ], [ -85.54731, 10.44441 ], [ -85.54381, 10.44209 ], [ -85.53725, 10.44181 ], [ -85.53241, 10.43542 ], [ -85.52699, 10.43173 ], [ -85.52871, 10.42344 ], [ -85.52739, 10.42166 ], [ -85.52082, 10.42164 ], [ -85.51413, 10.42433 ], [ -85.49767, 10.42034 ], [ -85.48809, 10.42338 ], [ -85.48556, 10.41847 ], [ -85.48054, 10.41897 ], [ -85.47591, 10.42116 ], [ -85.47095, 10.426 ], [ -85.47172, 10.43002 ], [ -85.47626, 10.43462 ], [ -85.47175, 10.4429 ], [ -85.47335, 10.45097 ], [ -85.47219, 10.45334 ], [ -85.46508, 10.45681 ], [ -85.45616, 10.45441 ], [ -85.45325, 10.45494 ], [ -85.45113, 10.44889 ], [ -85.44598, 10.4463 ], [ -85.44447, 10.44298 ], [ -85.43844, 10.44398 ], [ -85.43351, 10.44009 ], [ -85.43188, 10.44283 ], [ -85.43358, 10.44469 ], [ -85.43245, 10.44889 ], [ -85.41875, 10.45927 ], [ -85.42085, 10.47021 ], [ -85.42385, 10.47557 ], [ -85.41699, 10.47701 ], [ -85.41009, 10.48479 ], [ -85.40987, 10.49005 ], [ -85.40779, 10.49196 ], [ -85.40892, 10.49532 ], [ -85.40818, 10.50122 ], [ -85.40369, 10.5077 ], [ -85.40627, 10.50965 ], [ -85.40779, 10.51338 ], [ -85.4097, 10.51392 ], [ -85.40965, 10.51884 ], [ -85.40763, 10.52029 ], [ -85.40601, 10.52532 ], [ -85.40421, 10.52387 ], [ -85.40319, 10.52691 ], [ -85.40109, 10.5273 ], [ -85.39848, 10.53309 ], [ -85.40011, 10.53713 ], [ -85.39847, 10.54109 ], [ -85.40057, 10.54273 ], [ -85.39433, 10.55513 ], [ -85.39593, 10.55989 ], [ -85.39292, 10.56305 ], [ -85.38934, 10.56346 ], [ -85.38752, 10.56627 ], [ -85.3885, 10.57012 ], [ -85.38172, 10.57601 ], [ -85.38151, 10.581 ], [ -85.37957, 10.58148 ], [ -85.37896, 10.58393 ], [ -85.38105, 10.58639 ], [ -85.37989, 10.58985 ], [ -85.37138, 10.59689 ], [ -85.36563, 10.59901 ], [ -85.36328, 10.60672 ], [ -85.35945, 10.60649 ], [ -85.35467, 10.61273 ], [ -85.35326, 10.61243 ], [ -85.35042, 10.61932 ], [ -85.34625, 10.62357 ], [ -85.34863, 10.62479 ], [ -85.34728, 10.62728 ], [ -85.34833, 10.62947 ], [ -85.34494, 10.63179 ], [ -85.34537, 10.6342 ], [ -85.34288, 10.63774 ], [ -85.34418, 10.64173 ], [ -85.3434, 10.64697 ], [ -85.34504, 10.64777 ], [ -85.34364, 10.65003 ], [ -85.34506, 10.65181 ], [ -85.34538, 10.6566 ], [ -85.34956, 10.66269 ], [ -85.35131, 10.67263 ], [ -85.34614, 10.68368 ], [ -85.34406, 10.68528 ], [ -85.34445, 10.68914 ], [ -85.34128, 10.69102 ], [ -85.34035, 10.69397 ], [ -85.3337, 10.69815 ], [ -85.33224, 10.70277 ], [ -85.33399, 10.70444 ], [ -85.33223, 10.70985 ], [ -85.32351, 10.71537 ], [ -85.31498, 10.72652 ], [ -85.313, 10.7323 ], [ -85.3098, 10.73476 ], [ -85.31114, 10.73964 ], [ -85.30956, 10.74303 ], [ -85.29633, 10.74529 ], [ -85.29458, 10.75172 ], [ -85.29149, 10.75329 ], [ -85.28812, 10.74783 ], [ -85.2835, 10.74562 ], [ -85.28502, 10.74402 ], [ -85.28261, 10.74345 ], [ -85.27578, 10.74698 ], [ -85.26474, 10.74493 ], [ -85.26142, 10.75154 ], [ -85.25808, 10.75124 ], [ -85.25552, 10.76809 ], [ -85.26019, 10.77023 ], [ -85.25938, 10.77458 ], [ -85.26455, 10.77804 ], [ -85.26432, 10.78988 ], [ -85.25378, 10.78271 ], [ -85.25064, 10.78569 ], [ -85.25208, 10.78761 ], [ -85.24601, 10.79377 ], [ -85.25605, 10.80077 ], [ -85.25865, 10.79639 ], [ -85.262, 10.79886 ], [ -85.26404, 10.79781 ], [ -85.26424, 10.85428 ], [ -85.38314, 10.85391 ], [ -85.38311, 10.84644 ], [ -85.39032, 10.86001 ], [ -85.39795, 10.86793 ], [ -85.40545, 10.87179 ], [ -85.40791, 10.87869 ], [ -85.41338, 10.87914 ], [ -85.41502, 10.88072 ], [ -85.41066, 10.88095 ], [ -85.41087, 10.94344 ], [ -85.41692, 10.94425 ], [ -85.41988, 10.94777 ], [ -85.4202, 10.94863 ], [ -85.41717, 10.94897 ], [ -85.42131, 10.95264 ], [ -85.42154, 10.95465 ], [ -85.42006, 10.95449 ], [ -85.42008, 10.96452 ], [ -85.41209, 10.96181 ], [ -85.40844, 10.96325 ], [ -85.4042, 10.96189 ], [ -85.39666, 10.96636 ], [ -85.39143, 10.96511 ], [ -85.38903, 10.96813 ], [ -85.38212, 10.97111 ], [ -85.38008, 10.97324 ], [ -85.38133, 10.97452 ], [ -85.37951, 10.97722 ], [ -85.3775, 10.97765 ], [ -85.38017, 10.97971 ], [ -85.37893, 10.9812 ], [ -85.38062, 10.98428 ], [ -85.37927, 10.98858 ], [ -85.37669, 10.98956 ], [ -85.37841, 10.99357 ], [ -85.37679, 10.99483 ], [ -85.37757, 10.99571 ], [ -85.37442, 10.998 ], [ -85.37013, 10.99702 ], [ -85.36639, 10.99911 ], [ -85.36873, 11.00073 ], [ -85.36749, 11.00332 ], [ -85.3689, 11.00482 ], [ -85.36611, 11.00943 ], [ -85.36493, 11.00737 ], [ -85.36378, 11.01043 ], [ -85.36233, 11.01008 ], [ -85.36243, 11.01436 ], [ -85.35714, 11.01882 ], [ -85.35656, 11.0243 ], [ -85.35447, 11.02542 ], [ -85.35625, 11.02744 ], [ -85.35573, 11.0303 ], [ -85.35337, 11.03106 ], [ -85.35381, 11.03296 ], [ -85.35168, 11.03265 ], [ -85.35085, 11.0348 ], [ -85.34844, 11.03425 ], [ -85.34647, 11.03564 ], [ -85.34061, 11.03606 ], [ -85.33908, 11.03432 ], [ -85.33583, 11.03659 ], [ -85.33378, 11.03604 ], [ -85.33119, 11.04109 ], [ -85.32859, 11.03955 ], [ -85.32554, 11.0419 ], [ -85.32306, 11.04214 ], [ -85.32164, 11.04044 ], [ -85.31179, 11.04305 ], [ -85.30929, 11.04024 ], [ -85.30588, 11.03958 ], [ -85.30696, 11.03815 ], [ -85.30418, 11.03728 ], [ -85.30502, 11.03561 ], [ -85.29838, 11.03222 ], [ -85.29761, 11.03107 ], [ -85.29966, 11.03138 ], [ -85.29666, 11.02766 ], [ -85.29151, 11.02498 ], [ -85.2901, 11.02256 ], [ -85.28809, 11.02416 ], [ -85.28624, 11.02273 ], [ -85.28492, 11.02472 ], [ -85.27872, 11.01907 ], [ -85.27888, 11.01712 ], [ -85.2762, 11.01657 ], [ -85.27724, 11.01482 ], [ -85.27318, 11.01408 ], [ -85.27198, 11.01603 ], [ -85.26849, 11.01604 ], [ -85.26876, 11.01168 ], [ -85.26503, 11.01407 ], [ -85.26286, 11.01257 ], [ -85.2582, 11.02087 ], [ -85.2589, 11.03392 ], [ -85.26132, 11.03546 ], [ -85.26085, 11.03904 ], [ -85.26327, 11.04296 ], [ -85.25872, 11.04511 ], [ -85.2567, 11.04409 ], [ -85.25431, 11.04925 ], [ -85.25166, 11.04938 ], [ -85.24862, 11.06217 ], [ -85.24502, 11.06109 ], [ -85.24322, 11.06226 ], [ -85.2428, 11.06558 ], [ -85.2393, 11.06362 ], [ -85.23526, 11.06554 ], [ -85.2332, 11.06216 ], [ -85.22911, 11.06331 ], [ -85.35777, 11.12637 ] ] ] } }
]
}
