{
"type": "FeatureCollection",
"name": "grilla_analisis",
"features": [
{ "type": "Feature", "properties": { "celda_id": "c0795_m08295", "lon_sw": -82.95, "lat_sw": 7.95, "area_km2": 1.02 }, "geometry": { "type": "Polygon", "coordinates": [ [ [ -82.95, 7.95 ], [ -82.85, 7.95 ], [ -82.85, 8.05 ], [ -82.95, 8.05 ], [ -82.95, 7.95 ] ] ] } },
{ "type": "Feature", "properties": { "celda_id": "c0805_m08295", "lon_sw": -82.95, "lat_sw": 8.05, "area_km2": 17.572 }, "geometry": { "type": "Polygon", "coordinates": [ [ [ -82.95, 8.05 ], [ -82.85, 8.05 ], [ -82.85, 8.15 ], [ -82.95, 8.15 ], [ -82.95, 8.05 ] ] ] } },
{ "type": "Feature", "properties": { "celda_id": "c0815_m08305", "lon_sw": -83.05, "lat_sw": 8.15, "area_km2": 8.411 }, "geometry": { "type": "Polygon", "coordinates": [ [ [ -83.05, 8.15 ], [ -82.95, 8.15 ], [ -82.95, 8.25 ], [ -83.05, 8.25 ], [ -83.05, 8.15 ] ] ] } },
{ "type": "Feature", "properties": { "celda_id": "c0815_m08295", "lon_sw": -82.95, "lat_sw": 8.15, "area_km2": 24.687 }, "geometry": { "type": "Polygon", "coordinates": [ [ [ -82.95, 8.15 ], [ -82.85, 8.15 ], [ -82.85, 8.25 ], [ -82.95, 8.25 ], [ -82.95, 8.15 ] ] ] } },
{ "type": "Feature", "properties": { "celda_id": "c0825_m08315", "lon_sw": -83.15, "lat_sw": 8.25, "area_km2": 28.184 }, "geometry": { "type": "Polygon", "coordinates": [ [ [ -83.15, 8.25 ], [ -83.05, 8.25 ], [ -83.05, 8.35 ], [ -83.15, 8.35 ], [ -83.15, 8.25 ] ] ] } },
{ "type": "Feature", "properties": { "celda_id": "c0825_m08305", "lon_sw": -83.05, "lat_sw": 8.25, "area_km2": 34.742 }, "geometry": { "type": "Polygon", "coordinates": [ [ [ -83.05, 8.25 ], [ -82.95, 8.25 ], [ -82.95, 8.35 ], [ -83.05, 8.35 ], [ -83.05, 8.25 ] ] ] } },
{ "type": "Feature", "properties": { "celda_id": "c0825_m08295", "lon_sw": -82.95, "lat_sw": 8.25, "area_km2": 2.692 }, "geometry": { "type": "Polygon", "coordinates": [ [ [ -82.95, 8.25 ], [ -82.85, 8.25 ], [ -82.85, 8.35 ], [ -82.95, 8.35 ], [ -82.95, 8.25 ] ] ] } },
{ "type": "Feature", "properties": { "celda_id": "c0835_m08365", "lon_sw": -83.65, "lat_sw": 8.35, "area_km2": 1.93 }, "geometry": { "type": "Polygon", "coordinates": [ [ [ -83.65, 8.35 ], [ -83.55, 8.35 ], [ -83.55, 8.45 ], [ -83.65, 8.45 ], [ -83.65, 8.35 ] ] ] } },
{ "type": "Feature", "properties": { "celda_id": "c0835_m08355", "lon_sw": -83.55, "lat_sw": 8.35, "area_km2": 6.4 }, "geometry": { "type": "Polygon", "coordinates": [ [ [ -83.55, 8.35 ], [ -83.45, 8.35 ], [ -83.45, 8.45 ], [ -83.55, 8.45 ], [ -83.55, 8.35 ] ] ] } },
{ "type": "Feature", "properties": { "celda_id": "c0835_m08345", "lon_sw": -83.45, "lat_sw": 8.35, "area_km2": 37.569 }, "geometry": { "type": "Polygon", "coordinates": [ [ [ -83.45, 8.35 ], [ -83.35, 8.35 ], [ -83.35, 8.45 ], [ -83.45, 8.45 ], [ -83.45, 8.35 ] ] ] } },
{ "type": "Feature", "properties": { "celda_id": "c0835_m08335", "lon_sw": -83.35, "lat_sw": 8.35, "area_km2": 55.868 }, "geometry": { "type": "Polygon", "coordinates": [ [ [ -83.35, 8.35 ], [ -83.25, 8.35 ], [ -83.25, 8.45 ], [ -83.35, 8.45 ], [ -83.35, 8.35 ] ] ] } },
{ "type": "Feature", "properties": { "celda_id": "c0835_m08315", "lon_sw": -83.15, "lat_sw": 8.35, "area_km2": 91.09 }, "geometry": { "type": "Polygon", "coordinates": [ [ [ -83.15, 8.35 ], [ -83.05, 8.35 ], [ -83.05, 8.45 ], [ -83.15, 8.45 ], [ -83.15, 8.35 ] ] ] } },
{ "type": "Feature", "properties": { "celda_id": "c0835_m08305", "lon_sw": -83.05, "lat_sw": 8.35, "area_km2": 98.126 }, "geometry": { "type": "Polygon", "coordinates": [ [ [ -83.05, 8.35 ], [ -82.95, 8.35 ], [ -82.95, 8.45 ], [ -83.05, 8.45 ], [ -83.05, 8.35 ] ] ] } },
{ "type": "Feature", "properties": { "celda_id": "c0835_m08295", "lon_sw": -82.95, "lat_sw": 8.35, "area_km2": 19.461 }, "geometry": { "type": "Polygon", "coordinates": [ [ [ -82.95, 8.35 ], [ -82.85, 8.35 ], [ -82.85, 8.45 ], [ -82.95, 8.45 ], [ -82.95, 8.35 ] ] ] } },
{ "type": "Feature", "properties": { "celda_id": "c0845_m08375", "lon_sw": -83.75, "lat_sw": 8.45, "area_km2": 4.113 }, "geometry": { "type": "Polygon", "coordinates": [ [ [ -83.75, 8.45 ], [ -83.65, 8.45 ], [ -83.65, 8.55 ], [ -83.75, 8.55 ], [ -83.75, 8.45 ] ] ] } },
{ "type": "Feature", "properties": { "celda_id": "c0845_m08365", "lon_sw": -83.65, "lat_sw": 8.45, "area_km2": 85.41 }, "geometry": { "type": "Polygon", "coordinates": [ [ [ -83.65, 8.45 ], [ -83.55, 8.45 ], [ -83.55, 8.55 ], [ -83.65, 8.55 ], [ -83.65, 8.45 ] ] ] } },
{ "type": "Feature", "properties": { "celda_id": "c0845_m08355", "lon_sw": -83.55, "lat_sw": 8.45, "area_km2": 121.759 }, "geometry": { "type": "Polygon", "coordinates": [ [ [ -83.55, 8.45 ], [ -83.45, 8.45 ], [ -83.45, 8.55 ], [ -83.55, 8.55 ], [ -83.55, 8.45 ] ] ] } },
{ "type": "Feature", "properties": { "celda_id": "c0845_m08345", "lon_sw": -83.45, "lat_sw": 8.45, "area_km2": 121.763 }, "geometry": { "type": "Polygon", "coordinates": [ [ [ -83.45, 8.45 ], [ -83.35, 8.45 ], [ -83.35, 8.55 ], [ -83.45, 8.55 ], [ -83.45, 8.45 ] ] ] } },
{ "type": "Feature", "properties": { "celda_id": "c0845_m08335", "lon_sw": -83.35, "lat_sw": 8.45, "area_km2": 77.379 }, "geometry": { "type": "Polygon", "coordinates": [ [ [ -83.35, 8.45 ], [ -83.25, 8.45 ], [ -83.25, 8.55 ], [ -83.35, 8.55 ], [ -83.35, 8.45 ] ] ] } },
{ "type": "Feature", "properties": { "celda_id": "c0845_m08325", "lon_sw": -83.25, "lat_sw": 8.45, "area_km2": 0.097 }, "geometry": { "type": "Polygon", "coordinates": [ [ [ -83.25, 8.45 ], [ -83.15, 8.45 ], [ -83.15, 8.55 ], [ -83.25, 8.55 ], [ -83.25, 8.45 ] ] ] } },
{ "type": "Feature", "properties": { "celda_id": "c0845_m08315", "lon_sw": -83.15, "lat_sw": 8.45, "area_km2": 88.33 }, "geometry": { "type": "Polygon", "coordinates": [ [ [ -83.15, 8.45 ], [ -83.05, 8.45 ], [ -83.05, 8.55 ], [ -83.15, 8.55 ], [ -83.15, 8.45 ] ] ] } },
{ "type": "Feature", "properties": { "celda_id": "c0845_m08305", "lon_sw": -83.05, "lat_sw": 8.45, "area_km2": 121.786 }, "geometry": { "type": "Polygon", "coordinates": [ [ [ -83.05, 8.45 ], [ -82.95, 8.45 ], [ -82.95, 8.55 ], [ -83.05, 8.55 ], [ -83.05, 8.45 ] ] ] } },
{ "type": "Feature", "properties": { "celda_id": "c0845_m08295", "lon_sw": -82.95, "lat_sw": 8.45, "area_km2": 120.763 }, "geometry": { "type": "Polygon", "coordinates": [ [ [ -82.95, 8.45 ], [ -82.85, 8.45 ], [ -82.85, 8.55 ], [ -82.95, 8.55 ], [ -82.95, 8.45 ] ] ] } },
{ "type": "Feature", "properties": { "celda_id": "c0845_m08285", "lon_sw": -82.85, "lat_sw": 8.45, "area_km2": 12.797 }, "geometry": { "type": "Polygon", "coordinates": [ [ [ -82.85, 8.45 ], [ -82.75, 8.45 ], [ -82.75, 8.55 ], [ -82.85, 8.55 ], [ -82.85, 8.45 ] ] ] } },
{ "type": "Feature", "properties": { "celda_id": "c0855_m08375", "lon_sw": -83.75, "lat_sw": 8.55, "area_km2": 83.313 }, "geometry": { "type": "Polygon", "coordinates": [ [ [ -83.75, 8.55 ], [ -83.65, 8.55 ], [ -83.65, 8.65 ], [ -83.75, 8.65 ], [ -83.75, 8.55 ] ] ] } },
{ "type": "Feature", "properties": { "celda_id": "c0855_m08365", "lon_sw": -83.65, "lat_sw": 8.55, "area_km2": 121.725 }, "geometry": { "type": "Polygon", "coordinates": [ [ [ -83.65, 8.55 ], [ -83.55, 8.55 ], [ -83.55, 8.65 ], [ -83.65, 8.65 ], [ -83.65, 8.55 ] ] ] } },
{ "type": "Feature", "properties": { "celda_id": "c0855_m08355", "lon_sw": -83.55, "lat_sw": 8.55, "area_km2": 121.728 }, "geometry": { "type": "Polygon", "coordinates": [ [ [ -83.55, 8.55 ], [ -83.45, 8.55 ], [ -83.45, 8.65 ], [ -83.55, 8.65 ], [ -83.55, 8.55 ] ] ] } },
{ "type": "Feature", "properties": { "celda_id": "c0855_m08345", "lon_sw": -83.45, "lat_sw": 8.55, "area_km2": 63.629 }, "geometry": { "type": "Polygon", "coordinates": [ [ [ -83.45, 8.55 ], [ -83.35, 8.55 ], [ -83.35, 8.65 ], [ -83.45, 8.65 ], [ -83.45, 8.55 ] ] ] } },
{ "type": "Feature", "properties": { "celda_id": "c0855_m08335", "lon_sw": -83.35, "lat_sw": 8.55, "area_km2": 7.337 }, "geometry": { "type": "Polygon", "coordinates": [ [ [ -83.35, 8.55 ], [ -83.25, 8.55 ], [ -83.25, 8.65 ], [ -83.35, 8.65 ], [ -83.35, 8.55 ] ] ] } },
{ "type": "Feature", "properties": { "celda_id": "c0855_m08325", "lon_sw": -83.25, "lat_sw": 8.55, "area_km2": 28.965 }, "geometry": { "type": "Polygon", "coordinates": [ [ [ -83.25, 8.55 ], [ -83.15, 8.55 ], [ -83.15, 8.65 ], [ -83.25, 8.65 ], [ -83.25, 8.55 ] ] ] } },
{ "type": "Feature", "properties": { "celda_id": "c0855_m08315", "lon_sw": -83.15, "lat_sw": 8.55, "area_km2": 114.067 }, "geometry": { "type": "Polygon", "coordinates": [ [ [ -83.15, 8.55 ], [ -83.05, 8.55 ], [ -83.05, 8.65 ], [ -83.15, 8.65 ], [ -83.15, 8.55 ] ] ] } },
{ "type": "Feature", "properties": { "celda_id": "c0855_m08305", "lon_sw": -83.05, "lat_sw": 8.55, "area_km2": 121.755 }, "geometry": { "type": "Polygon", "coordinates": [ [ [ -83.05, 8.55 ], [ -82.95, 8.55 ], [ -82.95, 8.65 ], [ -83.05, 8.65 ], [ -83.05, 8.55 ] ] ] } },
{ "type": "Feature", "properties": { "celda_id": "c0855_m08295", "lon_sw": -82.95, "lat_sw": 8.55, "area_km2": 121.763 }, "geometry": { "type": "Polygon", "coordinates": [ [ [ -82.95, 8.55 ], [ -82.85, 8.55 ], [ -82.85, 8.65 ], [ -82.95, 8.65 ], [ -82.95, 8.55 ] ] ] } },
{ "type": "Feature", "properties": { "celda_id": "c0855_m08285", "lon_sw": -82.85, "lat_sw": 8.55, "area_km2": 24.082 }, "geometry": { "type": "Polygon", "coordinates": [ [ [ -82.85, 8.55 ], [ -82.75, 8.55 ], [ -82.75, 8.65 ], [ -82.85, 8.65 ], [ -82.85, 8.55 ] ] ] } },
{ "type": "Feature", "properties": { "celda_id": "c0865_m08375", "lon_sw": -83.75, "lat_sw": 8.65, "area_km2": 33.625 }, "geometry": { "type": "Polygon", "coordinates": [ [ [ -83.75, 8.65 ], [ -83.65, 8.65 ], [ -83.65, 8.75 ], [ -83.75, 8.75 ], [ -83.75, 8.65 ] ] ] } },
{ "type": "Feature", "properties": { "celda_id": "c0865_m08365", "lon_sw": -83.65, "lat_sw": 8.65, "area_km2": 119.658 }, "geometry": { "type": "Polygon", "coordinates": [ [ [ -83.65, 8.65 ], [ -83.55, 8.65 ], [ -83.55, 8.75 ], [ -83.65, 8.75 ], [ -83.65, 8.65 ] ] ] } },
{ "type": "Feature", "properties": { "celda_id": "c0865_m08355", "lon_sw": -83.55, "lat_sw": 8.65, "area_km2": 108.25 }, "geometry": { "type": "Polygon", "coordinates": [ [ [ -83.55, 8.65 ], [ -83.45, 8.65 ], [ -83.45, 8.75 ], [ -83.55, 8.75 ], [ -83.55, 8.65 ] ] ] } },
{ "type": "Feature", "properties": { "celda_id": "c0865_m08345", "lon_sw": -83.45, "lat_sw": 8.65, "area_km2": 27.697 }, "geometry": { "type": "Polygon", "coordinates": [ [ [ -83.45, 8.65 ], [ -83.35, 8.65 ], [ -83.35, 8.75 ], [ -83.45, 8.75 ], [ -83.45, 8.65 ] ] ] } },
{ "type": "Feature", "properties": { "celda_id": "c0865_m08335", "lon_sw": -83.35, "lat_sw": 8.65, "area_km2": 88.619 }, "geometry": { "type": "Polygon", "coordinates": [ [ [ -83.35, 8.65 ], [ -83.25, 8.65 ], [ -83.25, 8.75 ], [ -83.35, 8.75 ], [ -83.35, 8.65 ] ] ] } },
{ "type": "Feature", "properties": { "celda_id": "c0865_m08325", "lon_sw": -83.25, "lat_sw": 8.65, "area_km2": 121.711 }, "geometry": { "type": "Polygon", "coordinates": [ [ [ -83.25, 8.65 ], [ -83.15, 8.65 ], [ -83.15, 8.75 ], [ -83.25, 8.75 ], [ -83.25, 8.65 ] ] ] } },
{ "type": "Feature", "properties": { "celda_id": "c0865_m08315", "lon_sw": -83.15, "lat_sw": 8.65, "area_km2": 121.717 }, "geometry": { "type": "Polygon", "coordinates": [ [ [ -83.15, 8.65 ], [ -83.05, 8.65 ], [ -83.05, 8.75 ], [ -83.15, 8.75 ], [ -83.15, 8.65 ] ] ] } },
{ "type": "Feature", "properties": { "celda_id": "c0865_m08305", "lon_sw": -83.05, "lat_sw": 8.65, "area_km2": 121.724 }, "geometry": { "type": "Polygon", "coordinates": [ [ [ -83.05, 8.65 ], [ -82.95, 8.65 ], [ -82.95, 8.75 ], [ -83.05, 8.75 ], [ -83.05, 8.65 ] ] ] } },
{ "type": "Feature", "properties": { "celda_id": "c0865_m08295", "lon_sw": -82.95, "lat_sw": 8.65, "area_km2": 84.645 }, "geometry": { "type": "Polygon", "coordinates": [ [ [ -82.95, 8.65 ], [ -82.85, 8.65 ], [ -82.85, 8.75 ], [ -82.95, 8.75 ], [ -82.95, 8.65 ] ] ] } },
{ "type": "Feature", "properties": { "celda_id": "c0865_m08285", "lon_sw": -82.85, "lat_sw": 8.65, "area_km2": 0.702 }, "geometry": { "type": "Polygon", "coordinates": [ [ [ -82.85, 8.65 ], [ -82.75, 8.65 ], [ -82.75, 8.75 ], [ -82.85, 8.75 ], [ -82.85, 8.65 ] ] ] } },
{ "type": "Feature", "properties": { "celda_id": "c0875_m08375", "lon_sw": -83.75, "lat_sw": 8.75, "area_km2": 0.061 }, "geometry": { "type": "Polygon", "coordinates": [ [ [ -83.75, 8.75 ], [ -83.65, 8.75 ], [ -83.65, 8.85 ], [ -83.75, 8.85 ], [ -83.75, 8.75 ] ] ] } },
{ "type": "Feature", "properties": { "celda_id": "c0875_m08365", "lon_sw": -83.65, "lat_sw": 8.75, "area_km2": 99.067 }, "geometry": { "type": "Polygon", "coordinates": [ [ [ -83.65, 8.75 ], [ -83.55, 8.75 ], [ -83.55, 8.85 ], [ -83.65, 8.85 ], [ -83.65, 8.75 ] ] ] } },
{ "type": "Feature", "properties": { "celda_id": "c0875_m08355", "lon_sw": -83.55, "lat_sw": 8.75, "area_km2": 121.665 }, "geometry": { "type": "Polygon", "coordinates": [ [ [ -83.55, 8.75 ], [ -83.45, 8.75 ], [ -83.45, 8.85 ], [ -83.55, 8.85 ], [ -83.55, 8.75 ] ] ] } },
{ "type": "Feature", "properties": { "celda_id": "c0875_m08345", "lon_sw": -83.45, "lat_sw": 8.75, "area_km2": 121.669 }, "geometry": { "type": "Polygon", "coordinates": [ [ [ -83.45, 8.75 ], [ -83.35, 8.75 ], [ -83.35, 8.85 ], [ -83.45, 8.85 ], [ -83.45, 8.75 ] ] ] } },
{ "type": "Feature", "properties": { "celda_id": "c0875_m08335", "lon_sw": -83.35, "lat_sw": 8.75, "area_km2": 121.673 }, "geometry": { "type": "Polygon", "coordinates": [ [ [ -83.35, 8.75 ], [ -83.25, 8.75 ], [ -83.25, 8.85 ], [ -83.35, 8.85 ], [ -83.35, 8.75 ] ] ] } },
{ "type": "Feature", "properties": { "celda_id": "c0875_m08325", "lon_sw": -83.25, "lat_sw": 8.75, "area_km2": 121.679 }, "geometry": { "type": "Polygon", "coordinates": [ [ [ -83.25, 8.75 ], [ -83.15, 8.75 ], [ -83.15, 8.85 ], [ -83.25, 8.85 ], [ -83.25, 8.75 ] ] ] } },
{ "type": "Feature", "properties": { "celda_id": "c0875_m08315", "lon_sw": -83.15, "lat_sw": 8.75, "area_km2": 121.685 }, "geometry": { "type": "Polygon", "coordinates": [ [ [ -83.15, 8.75 ], [ -83.05, 8.75 ], [ -83.05, 8.85 ], [ -83.15, 8.85 ], [ -83.15, 8.75 ] ] ] } },
{ "type": "Feature", "properties": { "celda_id": "c0875_m08305", "lon_sw": -83.05, "lat_sw": 8.75, "area_km2": 121.692 }, "geometry": { "type": "Polygon", "coordinates": [ [ [ -83.05, 8.75 ], [ -82.95, 8.75 ], [ -82.95, 8.85 ], [ -83.05, 8.85 ], [ -83.05, 8.75 ] ] ] } },
{ "type": "Feature", "properties": { "celda_id": "c0875_m08295", "lon_sw": -82.95, "lat_sw": 8.75, "area_km2": 76.804 }, "geometry": { "type": "Polygon", "coordinates": [ [ [ -82.95, 8.75 ], [ -82.85, 8.75 ], [ -82.85, 8.85 ], [ -82.95, 8.85 ], [ -82.95, 8.75 ] ] ] } },
{ "type": "Feature", "properties": { "celda_id": "c0885_m08365", "lon_sw": -83.65, "lat_sw": 8.85, "area_km2": 75.522 }, "geometry": { "type": "Polygon", "coordinates": [ [ [ -83.65, 8.85 ], [ -83.55, 8.85 ], [ -83.55, 8.95 ], [ -83.65, 8.95 ], [ -83.65, 8.85 ] ] ] } },
{ "type": "Feature", "properties": { "celda_id": "c0885_m08355", "lon_sw": -83.55, "lat_sw": 8.85, "area_km2": 121.632 }, "geometry": { "type": "Polygon", "coordinates": [ [ [ -83.55, 8.85 ], [ -83.45, 8.85 ], [ -83.45, 8.95 ], [ -83.55, 8.95 ], [ -83.55, 8.85 ] ] ] } },
{ "type": "Feature", "properties": { "celda_id": "c0885_m08345", "lon_sw": -83.45, "lat_sw": 8.85, "area_km2": 121.636 }, "geometry": { "type": "Polygon", "coordinates": [ [ [ -83.45, 8.85 ], [ -83.35, 8.85 ], [ -83.35, 8.95 ], [ -83.45, 8.95 ], [ -83.45, 8.85 ] ] ] } },
{ "type": "Feature", "properties": { "celda_id": "c0885_m08335", "lon_sw": -83.35, "lat_sw": 8.85, "area_km2": 121.641 }, "geometry": { "type": "Polygon", "coordinates": [ [ [ -83.35, 8.85 ], [ -83.25, 8.85 ], [ -83.25, 8.95 ], [ -83.35, 8.95 ], [ -83.35, 8.85 ] ] ] } },
{ "type": "Feature", "properties": { "celda_id": "c0885_m08325", "lon_sw": -83.25, "lat_sw": 8.85, "area_km2": 121.647 }, "geometry": { "type": "Polygon", "coordinates": [ [ [ -83.25, 8.85 ], [ -83.15, 8.85 ], [ -83.15, 8.95 ], [ -83.25, 8.95 ], [ -83.25, 8.85 ] ] ] } },
{ "type": "Feature", "properties": { "celda_id": "c0885_m08315", "lon_sw": -83.15, "lat_sw": 8.85, "area_km2": 121.653 }, "geometry": { "type": "Polygon", "coordinates": [ [ [ -83.15, 8.85 ], [ -83.05, 8.85 ], [ -83.05, 8.95 ], [ -83.15, 8.95 ], [ -83.15, 8.85 ] ] ] } },
{ "type": "Feature", "properties": { "celda_id": "c0885_m08305", "lon_sw": -83.05, "lat_sw": 8.85, "area_km2": 121.66 }, "geometry": { "type": "Polygon", "coordinates": [ [ [ -83.05, 8.85 ], [ -82.95, 8.85 ], [ -82.95, 8.95 ], [ -83.05, 8.95 ], [ -83.05, 8.85 ] ] ] } },
{ "type": "Feature", "properties": { "celda_id": "c0885_m08295", "lon_sw": -82.95, "lat_sw": 8.85, "area_km2": 121.046 }, "geometry": { "type": "Polygon", "coordinates": [ [ [ -82.95, 8.85 ], [ -82.85, 8.85 ], [ -82.85, 8.95 ], [ -82.95, 8.95 ], [ -82.95, 8.85 ] ] ] } },
{ "type": "Feature", "properties": { "celda_id": "c0885_m08285", "lon_sw": -82.85, "lat_sw": 8.85, "area_km2": 95.489 }, "geometry": { "type": "Polygon", "coordinates": [ [ [ -82.85, 8.85 ], [ -82.75, 8.85 ], [ -82.75, 8.95 ], [ -82.85, 8.95 ], [ -82.85, 8.85 ] ] ] } },
{ "type": "Feature", "properties": { "celda_id": "c0885_m08275", "lon_sw": -82.75, "lat_sw": 8.85, "area_km2": 15.671 }, "geometry": { "type": "Polygon", "coordinates": [ [ [ -82.75, 8.85 ], [ -82.65, 8.85 ], [ -82.65, 8.95 ], [ -82.75, 8.95 ], [ -82.75, 8.85 ] ] ] } },
{ "type": "Feature", "properties": { "celda_id": "c0895_m08375", "lon_sw": -83.75, "lat_sw": 8.95, "area_km2": 0.035 }, "geometry": { "type": "Polygon", "coordinates": [ [ [ -83.75, 8.95 ], [ -83.65, 8.95 ], [ -83.65, 9.05 ], [ -83.75, 9.05 ], [ -83.75, 8.95 ] ] ] } },
{ "type": "Feature", "properties": { "celda_id": "c0895_m08365", "lon_sw": -83.65, "lat_sw": 8.95, "area_km2": 103.157 }, "geometry": { "type": "Polygon", "coordinates": [ [ [ -83.65, 8.95 ], [ -83.55, 8.95 ], [ -83.55, 9.05 ], [ -83.65, 9.05 ], [ -83.65, 8.95 ] ] ] } },
{ "type": "Feature", "properties": { "celda_id": "c0895_m08355", "lon_sw": -83.55, "lat_sw": 8.95, "area_km2": 121.6 }, "geometry": { "type": "Polygon", "coordinates": [ [ [ -83.55, 8.95 ], [ -83.45, 8.95 ], [ -83.45, 9.05 ], [ -83.55, 9.05 ], [ -83.55, 8.95 ] ] ] } },
{ "type": "Feature", "properties": { "celda_id": "c0895_m08345", "lon_sw": -83.45, "lat_sw": 8.95, "area_km2": 121.604 }, "geometry": { "type": "Polygon", "coordinates": [ [ [ -83.45, 8.95 ], [ -83.35, 8.95 ], [ -83.35, 9.05 ], [ -83.45, 9.05 ], [ -83.45, 8.95 ] ] ] } },
{ "type": "Feature", "properties": { "celda_id": "c0895_m08335", "lon_sw": -83.35, "lat_sw": 8.95, "area_km2": 121.609 }, "geometry": { "type": "Polygon", "coordinates": [ [ [ -83.35, 8.95 ], [ -83.25, 8.95 ], [ -83.25, 9.05 ], [ -83.35, 9.05 ], [ -83.35, 8.95 ] ] ] } },
{ "type": "Feature", "properties": { "celda_id": "c0895_m08325", "lon_sw": -83.25, "lat_sw": 8.95, "area_km2": 121.614 }, "geometry": { "type": "Polygon", "coordinates": [ [ [ -83.25, 8.95 ], [ -83.15, 8.95 ], [ -83.15, 9.05 ], [ -83.25, 9.05 ], [ -83.25, 8.95 ] ] ] } },
{ "type": "Feature", "properties": { "celda_id": "c0895_m08315", "lon_sw": -83.15, "lat_sw": 8.95, "area_km2": 121.62 }, "geometry": { "type": "Polygon", "coordinates": [ [ [ -83.15, 8.95 ], [ -83.05, 8.95 ], [ -83.05, 9.05 ], [ -83.15, 9.05 ], [ -83.15, 8.95 ] ] ] } },
{ "type": "Feature", "properties": { "celda_id": "c0895_m08305", "lon_sw": -83.05, "lat_sw": 8.95, "area_km2": 121.627 }, "geometry": { "type": "Polygon", "coordinates": [ [ [ -83.05, 8.95 ], [ -82.95, 8.95 ], [ -82.95, 9.05 ], [ -83.05, 9.05 ], [ -83.05, 8.95 ] ] ] } },
{ "type": "Feature", "properties": { "celda_id": "c0895_m08295", "lon_sw": -82.95, "lat_sw": 8.95, "area_km2": 121.338 }, "geometry": { "type": "Polygon", "coordinates": [ [ [ -82.95, 8.95 ], [ -82.85, 8.95 ], [ -82.85, 9.05 ], [ -82.95, 9.05 ], [ -82.95, 8.95 ] ] ] } },
{ "type": "Feature", "properties": { "celda_id": "c0895_m08285", "lon_sw": -82.85, "lat_sw": 8.95, "area_km2": 79.057 }, "geometry": { "type": "Polygon", "coordinates": [ [ [ -82.85, 8.95 ], [ -82.75, 8.95 ], [ -82.75, 9.05 ], [ -82.85, 9.05 ], [ -82.85, 8.95 ] ] ] } },
{ "type": "Feature", "properties": { "celda_id": "c0895_m08275", "lon_sw": -82.75, "lat_sw": 8.95, "area_km2": 7.062 }, "geometry": { "type": "Polygon", "coordinates": [ [ [ -82.75, 8.95 ], [ -82.65, 8.95 ], [ -82.65, 9.05 ], [ -82.75, 9.05 ], [ -82.75, 8.95 ] ] ] } },
{ "type": "Feature", "properties": { "celda_id": "c0905_m08375", "lon_sw": -83.75, "lat_sw": 9.05, "area_km2": 47.948 }, "geometry": { "type": "Polygon", "coordinates": [ [ [ -83.75, 9.05 ], [ -83.65, 9.05 ], [ -83.65, 9.15 ], [ -83.75, 9.15 ], [ -83.75, 9.05 ] ] ] } },
{ "type": "Feature", "properties": { "celda_id": "c0905_m08365", "lon_sw": -83.65, "lat_sw": 9.05, "area_km2": 121.564 }, "geometry": { "type": "Polygon", "coordinates": [ [ [ -83.65, 9.05 ], [ -83.55, 9.05 ], [ -83.55, 9.15 ], [ -83.65, 9.15 ], [ -83.65, 9.05 ] ] ] } },
{ "type": "Feature", "properties": { "celda_id": "c0905_m08355", "lon_sw": -83.55, "lat_sw": 9.05, "area_km2": 121.567 }, "geometry": { "type": "Polygon", "coordinates": [ [ [ -83.55, 9.05 ], [ -83.45, 9.05 ], [ -83.45, 9.15 ], [ -83.55, 9.15 ], [ -83.55, 9.05 ] ] ] } },
{ "type": "Feature", "properties": { "celda_id": "c0905_m08345", "lon_sw": -83.45, "lat_sw": 9.05, "area_km2": 121.571 }, "geometry": { "type": "Polygon", "coordinates": [ [ [ -83.45, 9.05 ], [ -83.35, 9.05 ], [ -83.35, 9.15 ], [ -83.45, 9.15 ], [ -83.45, 9.05 ] ] ] } },
{ "type": "Feature", "properties": { "celda_id": "c0905_m08335", "lon_sw": -83.35, "lat_sw": 9.05, "area_km2": 121.576 }, "geometry": { "type": "Polygon", "coordinates": [ [ [ -83.35, 9.05 ], [ -83.25, 9.05 ], [ -83.25, 9.15 ], [ -83.35, 9.15 ], [ -83.35, 9.05 ] ] ] } },
{ "type": "Feature", "properties": { "celda_id": "c0905_m08325", "lon_sw": -83.25, "lat_sw": 9.05, "area_km2": 121.581 }, "geometry": { "type": "Polygon", "coordinates": [ [ [ -83.25, 9.05 ], [ -83.15, 9.05 ], [ -83.15, 9.15 ], [ -83.25, 9.15 ], [ -83.25, 9.05 ] ] ] } },
{ "type": "Feature", "properties": { "celda_id": "c0905_m08315", "lon_sw": -83.15, "lat_sw": 9.05, "area_km2": 121.587 }, "geometry": { "type": "Polygon", "coordinates": [ [ [ -83.15, 9.05 ], [ -83.05, 9.05 ], [ -83.05, 9.15 ], [ -83.15, 9.15 ], [ -83.15, 9.05 ] ] ] } },
{ "type": "Feature", "properties": { "celda_id": "c0905_m08305", "lon_sw": -83.05, "lat_sw": 9.05, "area_km2": 121.594 }, "geometry": { "type": "Polygon", "coordinates": [ [ [ -83.05, 9.05 ], [ -82.95, 9.05 ], [ -82.95, 9.15 ], [ -83.05, 9.15 ], [ -83.05, 9.05 ] ] ] } },
{ "type": "Feature", "properties": { "celda_id": "c0905_m08295", "lon_sw": -82.95, "lat_sw": 9.05, "area_km2": 42.415 }, "geometry": { "type": "Polygon", "coordinates": [ [ [ -82.95, 9.05 ], [ -82.85, 9.05 ], [ -82.85, 9.15 ], [ -82.95, 9.15 ], [ -82.95, 9.05 ] ] ] } },
{ "type": "Feature", "properties": { "celda_id": "c0915_m08395", "lon_sw": -83.95, "lat_sw": 9.15, "area_km2": 0.694 }, "geometry": { "type": "Polygon", "coordinates": [ [ [ -83.95, 9.15 ], [ -83.85, 9.15 ], [ -83.85, 9.25 ], [ -83.95, 9.25 ], [ -83.95, 9.15 ] ] ] } },
{ "type": "Feature", "properties": { "celda_id": "c0915_m08385", "lon_sw": -83.85, "lat_sw": 9.15, "area_km2": 60.5 }, "geometry": { "type": "Polygon", "coordinates": [ [ [ -83.85, 9.15 ], [ -83.75, 9.15 ], [ -83.75, 9.25 ], [ -83.85, 9.25 ], [ -83.85, 9.15 ] ] ] } },
{ "type": "Feature", "properties": { "celda_id": "c0915_m08375", "lon_sw": -83.75, "lat_sw": 9.15, "area_km2": 121.119 }, "geometry": { "type": "Polygon", "coordinates": [ [ [ -83.75, 9.15 ], [ -83.65, 9.15 ], [ -83.65, 9.25 ], [ -83.75, 9.25 ], [ -83.75, 9.15 ] ] ] } },
{ "type": "Feature", "properties": { "celda_id": "c0915_m08365", "lon_sw": -83.65, "lat_sw": 9.15, "area_km2": 121.53 }, "geometry": { "type": "Polygon", "coordinates": [ [ [ -83.65, 9.15 ], [ -83.55, 9.15 ], [ -83.55, 9.25 ], [ -83.65, 9.25 ], [ -83.65, 9.15 ] ] ] } },
{ "type": "Feature", "properties": { "celda_id": "c0915_m08355", "lon_sw": -83.55, "lat_sw": 9.15, "area_km2": 121.534 }, "geometry": { "type": "Polygon", "coordinates": [ [ [ -83.55, 9.15 ], [ -83.45, 9.15 ], [ -83.45, 9.25 ], [ -83.55, 9.25 ], [ -83.55, 9.15 ] ] ] } },
{ "type": "Feature", "properties": { "celda_id": "c0915_m08345", "lon_sw": -83.45, "lat_sw": 9.15, "area_km2": 121.538 }, "geometry": { "type": "Polygon", "coordinates": [ [ [ -83.45, 9.15 ], [ -83.35, 9.15 ], [ -83.35, 9.25 ], [ -83.45, 9.25 ], [ -83.45, 9.15 ] ] ] } },
{ "type": "Feature", "properties": { "celda_id": "c0915_m08335", "lon_sw": -83.35, "lat_sw": 9.15, "area_km2": 121.542 }, "geometry": { "type": "Polygon", "coordinates": [ [ [ -83.35, 9.15 ], [ -83.25, 9.15 ], [ -83.25, 9.25 ], [ -83.35, 9.25 ], [ -83.35, 9.15 ] ] ] } },
{ "type": "Feature", "properties": { "celda_id": "c0915_m08325", "lon_sw": -83.25, "lat_sw": 9.15, "area_km2": 121.548 }, "geometry": { "type": "Polygon", "coordinates": [ [ [ -83.25, 9.15 ], [ -83.15, 9.15 ], [ -83.15, 9.25 ], [ -83.25, 9.25 ], [ -83.25, 9.15 ] ] ] } },
{ "type": "Feature", "properties": { "celda_id": "c0915_m08315", "lon_sw": -83.15, "lat_sw": 9.15, "area_km2": 121.554 }, "geometry": { "type": "Polygon", "coordinates": [ [ [ -83.15, 9.15 ], [ -83.05, 9.15 ], [ -83.05, 9.25 ], [ -83.15, 9.25 ], [ -83.15, 9.15 ] ] ] } },
{ "type": "Feature", "properties": { "celda_id": "c0915_m08305", "lon_sw": -83.05, "lat_sw": 9.15, "area_km2": 121.561 }, "geometry": { "type": "Polygon", "coordinates": [ [ [ -83.05, 9.15 ], [ -82.95, 9.15 ], [ -82.95, 9.25 ], [ -83.05, 9.25 ], [ -83.05, 9.15 ] ] ] } },
{ "type": "Feature", "properties": { "celda_id": "c0915_m08295", "lon_sw": -82.95, "lat_sw": 9.15, "area_km2": 15.66 }, "geometry": { "type": "Polygon", "coordinates": [ [ [ -82.95, 9.15 ], [ -82.85, 9.15 ], [ -82.85, 9.25 ], [ -82.95, 9.25 ], [ -82.95, 9.15 ] ] ] } },
{ "type": "Feature", "properties": { "celda_id": "c0925_m08405", "lon_sw": -84.05, "lat_sw": 9.25, "area_km2": 19.176 }, "geometry": { "type": "Polygon", "coordinates": [ [ [ -84.05, 9.25 ], [ -83.95, 9.25 ], [ -83.95, 9.35 ], [ -84.05, 9.35 ], [ -84.05, 9.25 ] ] ] } },
{ "type": "Feature", "properties": { "celda_id": "c0925_m08395", "lon_sw": -83.95, "lat_sw": 9.25, "area_km2": 86.537 }, "geometry": { "type": "Polygon", "coordinates": [ [ [ -83.95, 9.25 ], [ -83.85, 9.25 ], [ -83.85, 9.35 ], [ -83.95, 9.35 ], [ -83.95, 9.25 ] ] ] } },
{ "type": "Feature", "properties": { "celda_id": "c0925_m08385", "lon_sw": -83.85, "lat_sw": 9.25, "area_km2": 121.492 }, "geometry": { "type": "Polygon", "coordinates": [ [ [ -83.85, 9.25 ], [ -83.75, 9.25 ], [ -83.75, 9.35 ], [ -83.85, 9.35 ], [ -83.85, 9.25 ] ] ] } },
{ "type": "Feature", "properties": { "celda_id": "c0925_m08375", "lon_sw": -83.75, "lat_sw": 9.25, "area_km2": 121.494 }, "geometry": { "type": "Polygon", "coordinates": [ [ [ -83.75, 9.25 ], [ -83.65, 9.25 ], [ -83.65, 9.35 ], [ -83.75, 9.35 ], [ -83.75, 9.25 ] ] ] } },
{ "type": "Feature", "properties": { "celda_id": "c0925_m08365", "lon_sw": -83.65, "lat_sw": 9.25, "area_km2": 121.497 }, "geometry": { "type": "Polygon", "coordinates": [ [ [ -83.65, 9.25 ], [ -83.55, 9.25 ], [ -83.55, 9.35 ], [ -83.65, 9.35 ], [ -83.65, 9.25 ] ] ] } },
{ "type": "Feature", "properties": { "celda_id": "c0925_m08355", "lon_sw": -83.55, "lat_sw": 9.25, "area_km2": 121.5 }, "geometry": { "type": "Polygon", "coordinates": [ [ [ -83.55, 9.25 ], [ -83.45, 9.25 ], [ -83.45, 9.35 ], [ -83.55, 9.35 ], [ -83.55, 9.25 ] ] ] } },
{ "type": "Feature", "properties": { "celda_id": "c0925_m08345", "lon_sw": -83.45, "lat_sw": 9.25, "area_km2": 121.504 }, "geometry": { "type": "Polygon", "coordinates": [ [ [ -83.45, 9.25 ], [ -83.35, 9.25 ], [ -83.35, 9.35 ], [ -83.45, 9.35 ], [ -83.45, 9.25 ] ] ] } },
{ "type": "Feature", "properties": { "celda_id": "c0925_m08335", "lon_sw": -83.35, "lat_sw": 9.25, "area_km2": 121.509 }, "geometry": { "type": "Polygon", "coordinates": [ [ [ -83.35, 9.25 ], [ -83.25, 9.25 ], [ -83.25, 9.35 ], [ -83.35, 9.35 ], [ -83.35, 9.25 ] ] ] } },
{ "type": "Feature", "properties": { "celda_id": "c0925_m08325", "lon_sw": -83.25, "lat_sw": 9.25, "area_km2": 121.514 }, "geometry": { "type": "Polygon", "coordinates": [ [ [ -83.25, 9.25 ], [ -83.15, 9.25 ], [ -83.15, 9.35 ], [ -83.25, 9.35 ], [ -83.25, 9.25 ] ] ] } },
{ "type": "Feature", "properties": { "celda_id": "c0925_m08315", "lon_sw": -83.15, "lat_sw": 9.25, "area_km2": 121.52 }, "geometry": { "type": "Polygon", "coordinates": [ [ [ -83.15, 9.25 ], [ -83.05, 9.25 ], [ -83.05, 9.35 ], [ -83.15, 9.35 ], [ -83.15, 9.25 ] ] ] } },
{ "type": "Feature", "properties": { "celda_id": "c0925_m08305", "lon_sw": -83.05, "lat_sw": 9.25, "area_km2": 121.527 }, "geometry": { "type": "Polygon", "coordinates": [ [ [ -83.05, 9.25 ], [ -82.95, 9.25 ], [ -82.95, 9.35 ], [ -83.05, 9.35 ], [ -83.05, 9.25 ] ] ] } },
{ "type": "Feature", "properties": { "celda_id": "c0925_m08295", "lon_sw": -82.95, "lat_sw": 9.25, "area_km2": 12.81 }, "geometry": { "type": "Polygon", "coordinates": [ [ [ -82.95, 9.25 ], [ -82.85, 9.25 ], [ -82.85, 9.35 ], [ -82.95, 9.35 ], [ -82.95, 9.25 ] ] ] } },
{ "type": "Feature", "properties": { "celda_id": "c0935_m08425", "lon_sw": -84.25, "lat_sw": 9.35, "area_km2": 14.414 }, "geometry": { "type": "Polygon", "coordinates": [ [ [ -84.25, 9.35 ], [ -84.15, 9.35 ], [ -84.15, 9.45 ], [ -84.25, 9.45 ], [ -84.25, 9.35 ] ] ] } },
{ "type": "Feature", "properties": { "celda_id": "c0935_m08415", "lon_sw": -84.15, "lat_sw": 9.35, "area_km2": 95.584 }, "geometry": { "type": "Polygon", "coordinates": [ [ [ -84.15, 9.35 ], [ -84.05, 9.35 ], [ -84.05, 9.45 ], [ -84.15, 9.45 ], [ -84.15, 9.35 ] ] ] } },
{ "type": "Feature", "properties": { "celda_id": "c0935_m08405", "lon_sw": -84.05, "lat_sw": 9.35, "area_km2": 121.33 }, "geometry": { "type": "Polygon", "coordinates": [ [ [ -84.05, 9.35 ], [ -83.95, 9.35 ], [ -83.95, 9.45 ], [ -84.05, 9.45 ], [ -84.05, 9.35 ] ] ] } },
{ "type": "Feature", "properties": { "celda_id": "c0935_m08395", "lon_sw": -83.95, "lat_sw": 9.35, "area_km2": 121.457 }, "geometry": { "type": "Polygon", "coordinates": [ [ [ -83.95, 9.35 ], [ -83.85, 9.35 ], [ -83.85, 9.45 ], [ -83.95, 9.45 ], [ -83.95, 9.35 ] ] ] } },
{ "type": "Feature", "properties": { "celda_id": "c0935_m08385", "lon_sw": -83.85, "lat_sw": 9.35, "area_km2": 121.458 }, "geometry": { "type": "Polygon", "coordinates": [ [ [ -83.85, 9.35 ], [ -83.75, 9.35 ], [ -83.75, 9.45 ], [ -83.85, 9.45 ], [ -83.85, 9.35 ] ] ] } },
{ "type": "Feature", "properties": { "celda_id": "c0935_m08375", "lon_sw": -83.75, "lat_sw": 9.35, "area_km2": 121.46 }, "geometry": { "type": "Polygon", "coordinates": [ [ [ -83.75, 9.35 ], [ -83.65, 9.35 ], [ -83.65, 9.45 ], [ -83.75, 9.45 ], [ -83.75, 9.35 ] ] ] } },
{ "type": "Feature", "properties": { "celda_id": "c0935_m08365", "lon_sw": -83.65, "lat_sw": 9.35, "area_km2": 121.463 }, "geometry": { "type": "Polygon", "coordinates": [ [ [ -83.65, 9.35 ], [ -83.55, 9.35 ], [ -83.55, 9.45 ], [ -83.65, 9.45 ], [ -83.65, 9.35 ] ] ] } },
{ "type": "Feature", "properties": { "celda_id": "c0935_m08355", "lon_sw": -83.55, "lat_sw": 9.35, "area_km2": 121.466 }, "geometry": { "type": "Polygon", "coordinates": [ [ [ -83.55, 9.35 ], [ -83.45, 9.35 ], [ -83.45, 9.45 ], [ -83.55, 9.45 ], [ -83.55, 9.35 ] ] ] } },
{ "type": "Feature", "properties": { "celda_id": "c0935_m08345", "lon_sw": -83.45, "lat_sw": 9.35, "area_km2": 121.47 }, "geometry": { "type": "Polygon", "coordinates": [ [ [ -83.45, 9.35 ], [ -83.35, 9.35 ], [ -83.35, 9.45 ], [ -83.45, 9.45 ], [ -83.45, 9.35 ] ] ] } },
{ "type": "Feature", "properties": { "celda_id": "c0935_m08335", "lon_sw": -83.35, "lat_sw": 9.35, "area_km2": 121.475 }, "geometry": { "type": "Polygon", "coordinates": [ [ [ -83.35, 9.35 ], [ -83.25, 9.35 ], [ -83.25, 9.45 ], [ -83.35, 9.45 ], [ -83.35, 9.35 ] ] ] } },
{ "type": "Feature", "properties": { "celda_id": "c0935_m08325", "lon_sw": -83.25, "lat_sw": 9.35, "area_km2": 121.48 }, "geometry": { "type": "Polygon", "coordinates": [ [ [ -83.25, 9.35 ], [ -83.15, 9.35 ], [ -83.15, 9.45 ], [ -83.25, 9.45 ], [ -83.25, 9.35 ] ] ] } },
{ "type": "Feature", "properties": { "celda_id": "c0935_m08315", "lon_sw": -83.15, "lat_sw": 9.35, "area_km2": 121.486 }, "geometry": { "type": "Polygon", "coordinates": [ [ [ -83.15, 9.35 ], [ -83.05, 9.35 ], [ -83.05, 9.45 ], [ -83.15, 9.45 ], [ -83.15, 9.35 ] ] ] } },
{ "type": "Feature", "properties": { "celda_id": "c0935_m08305", "lon_sw": -83.05, "lat_sw": 9.35, "area_km2": 121.493 }, "geometry": { "type": "Polygon", "coordinates": [ [ [ -83.05, 9.35 ], [ -82.95, 9.35 ], [ -82.95, 9.45 ], [ -83.05, 9.45 ], [ -83.05, 9.35 ] ] ] } },
{ "type": "Feature", "properties": { "celda_id": "c0935_m08295", "lon_sw": -82.95, "lat_sw": 9.35, "area_km2": 9.964 }, "geometry": { "type": "Polygon", "coordinates": [ [ [ -82.95, 9.35 ], [ -82.85, 9.35 ], [ -82.85, 9.45 ], [ -82.95, 9.45 ], [ -82.95, 9.35 ] ] ] } },
{ "type": "Feature", "properties": { "celda_id": "c0945_m08465", "lon_sw": -84.65, "lat_sw": 9.45, "area_km2": 1.863 }, "geometry": { "type": "Polygon", "coordinates": [ [ [ -84.65, 9.45 ], [ -84.55, 9.45 ], [ -84.55, 9.55 ], [ -84.65, 9.55 ], [ -84.65, 9.45 ] ] ] } },
{ "type": "Feature", "properties": { "celda_id": "c0945_m08455", "lon_sw": -84.55, "lat_sw": 9.45, "area_km2": 31.136 }, "geometry": { "type": "Polygon", "coordinates": [ [ [ -84.55, 9.45 ], [ -84.45, 9.45 ], [ -84.45, 9.55 ], [ -84.55, 9.55 ], [ -84.55, 9.45 ] ] ] } },
{ "type": "Feature", "properties": { "celda_id": "c0945_m08445", "lon_sw": -84.45, "lat_sw": 9.45, "area_km2": 50.605 }, "geometry": { "type": "Polygon", "coordinates": [ [ [ -84.45, 9.45 ], [ -84.35, 9.45 ], [ -84.35, 9.55 ], [ -84.45, 9.55 ], [ -84.45, 9.45 ] ] ] } },
{ "type": "Feature", "properties": { "celda_id": "c0945_m08435", "lon_sw": -84.35, "lat_sw": 9.45, "area_km2": 79.7 }, "geometry": { "type": "Polygon", "coordinates": [ [ [ -84.35, 9.45 ], [ -84.25, 9.45 ], [ -84.25, 9.55 ], [ -84.35, 9.55 ], [ -84.35, 9.45 ] ] ] } },
{ "type": "Feature", "properties": { "celda_id": "c0945_m08425", "lon_sw": -84.25, "lat_sw": 9.45, "area_km2": 114.46 }, "geometry": { "type": "Polygon", "coordinates": [ [ [ -84.25, 9.45 ], [ -84.15, 9.45 ], [ -84.15, 9.55 ], [ -84.25, 9.55 ], [ -84.25, 9.45 ] ] ] } },
{ "type": "Feature", "properties": { "celda_id": "c0945_m08415", "lon_sw": -84.15, "lat_sw": 9.45, "area_km2": 121.423 }, "geometry": { "type": "Polygon", "coordinates": [ [ [ -84.15, 9.45 ], [ -84.05, 9.45 ], [ -84.05, 9.55 ], [ -84.15, 9.55 ], [ -84.15, 9.45 ] ] ] } },
{ "type": "Feature", "properties": { "celda_id": "c0945_m08405", "lon_sw": -84.05, "lat_sw": 9.45, "area_km2": 121.423 }, "geometry": { "type": "Polygon", "coordinates": [ [ [ -84.05, 9.45 ], [ -83.95, 9.45 ], [ -83.95, 9.55 ], [ -84.05, 9.55 ], [ -84.05, 9.45 ] ] ] } },
{ "type": "Feature", "properties": { "celda_id": "c0945_m08395", "lon_sw": -83.95, "lat_sw": 9.45, "area_km2": 121.423 }, "geometry": { "type": "Polygon", "coordinates": [ [ [ -83.95, 9.45 ], [ -83.85, 9.45 ], [ -83.85, 9.55 ], [ -83.95, 9.55 ], [ -83.95, 9.45 ] ] ] } },
{ "type": "Feature", "properties": { "celda_id": "c0945_m08385", "lon_sw": -83.85, "lat_sw": 9.45, "area_km2": 121.424 }, "geometry": { "type": "Polygon", "coordinates": [ [ [ -83.85, 9.45 ], [ -83.75, 9.45 ], [ -83.75, 9.55 ], [ -83.85, 9.55 ], [ -83.85, 9.45 ] ] ] } },
{ "type": "Feature", "properties": { "celda_id": "c0945_m08375", "lon_sw": -83.75, "lat_sw": 9.45, "area_km2": 121.426 }, "geometry": { "type": "Polygon", "coordinates": [ [ [ -83.75, 9.45 ], [ -83.65, 9.45 ], [ -83.65, 9.55 ], [ -83.75, 9.55 ], [ -83.75, 9.45 ] ] ] } },
{ "type": "Feature", "properties": { "celda_id": "c0945_m08365", "lon_sw": -83.65, "lat_sw": 9.45, "area_km2": 121.428 }, "geometry": { "type": "Polygon", "coordinates": [ [ [ -83.65, 9.45 ], [ -83.55, 9.45 ], [ -83.55, 9.55 ], [ -83.65, 9.55 ], [ -83.65, 9.45 ] ] ] } },
{ "type": "Feature", "properties": { "celda_id": "c0945_m08355", "lon_sw": -83.55, "lat_sw": 9.45, "area_km2": 121.432 }, "geometry": { "type": "Polygon", "coordinates": [ [ [ -83.55, 9.45 ], [ -83.45, 9.45 ], [ -83.45, 9.55 ], [ -83.55, 9.55 ], [ -83.55, 9.45 ] ] ] } },
{ "type": "Feature", "properties": { "celda_id": "c0945_m08345", "lon_sw": -83.45, "lat_sw": 9.45, "area_km2": 121.436 }, "geometry": { "type": "Polygon", "coordinates": [ [ [ -83.45, 9.45 ], [ -83.35, 9.45 ], [ -83.35, 9.55 ], [ -83.45, 9.55 ], [ -83.45, 9.45 ] ] ] } },
{ "type": "Feature", "properties": { "celda_id": "c0945_m08335", "lon_sw": -83.35, "lat_sw": 9.45, "area_km2": 121.44 }, "geometry": { "type": "Polygon", "coordinates": [ [ [ -83.35, 9.45 ], [ -83.25, 9.45 ], [ -83.25, 9.55 ], [ -83.35, 9.55 ], [ -83.35, 9.45 ] ] ] } },
{ "type": "Feature", "properties": { "celda_id": "c0945_m08325", "lon_sw": -83.25, "lat_sw": 9.45, "area_km2": 121.446 }, "geometry": { "type": "Polygon", "coordinates": [ [ [ -83.25, 9.45 ], [ -83.15, 9.45 ], [ -83.15, 9.55 ], [ -83.25, 9.55 ], [ -83.25, 9.45 ] ] ] } },
{ "type": "Feature", "properties": { "celda_id": "c0945_m08315", "lon_sw": -83.15, "lat_sw": 9.45, "area_km2": 121.452 }, "geometry": { "type": "Polygon", "coordinates": [ [ [ -83.15, 9.45 ], [ -83.05, 9.45 ], [ -83.05, 9.55 ], [ -83.15, 9.55 ], [ -83.15, 9.45 ] ] ] } },
{ "type": "Feature", "properties": { "celda_id": "c0945_m08305", "lon_sw": -83.05, "lat_sw": 9.45, "area_km2": 121.459 }, "geometry": { "type": "Polygon", "coordinates": [ [ [ -83.05, 9.45 ], [ -82.95, 9.45 ], [ -82.95, 9.55 ], [ -83.05, 9.55 ], [ -83.05, 9.45 ] ] ] } },
{ "type": "Feature", "properties": { "celda_id": "c0945_m08295", "lon_sw": -82.95, "lat_sw": 9.45, "area_km2": 74.774 }, "geometry": { "type": "Polygon", "coordinates": [ [ [ -82.95, 9.45 ], [ -82.85, 9.45 ], [ -82.85, 9.55 ], [ -82.95, 9.55 ], [ -82.95, 9.45 ] ] ] } },
{ "type": "Feature", "properties": { "celda_id": "c0945_m08285", "lon_sw": -82.85, "lat_sw": 9.45, "area_km2": 1.155 }, "geometry": { "type": "Polygon", "coordinates": [ [ [ -82.85, 9.45 ], [ -82.75, 9.45 ], [ -82.75, 9.55 ], [ -82.85, 9.55 ], [ -82.85, 9.45 ] ] ] } },
{ "type": "Feature", "properties": { "celda_id": "c0945_m08275", "lon_sw": -82.75, "lat_sw": 9.45, "area_km2": 24.274 }, "geometry": { "type": "Polygon", "coordinates": [ [ [ -82.75, 9.45 ], [ -82.65, 9.45 ], [ -82.65, 9.55 ], [ -82.75, 9.55 ], [ -82.75, 9.45 ] ] ] } },
{ "type": "Feature", "properties": { "celda_id": "c0945_m08265", "lon_sw": -82.65, "lat_sw": 9.45, "area_km2": 30.946 }, "geometry": { "type": "Polygon", "coordinates": [ [ [ -82.65, 9.45 ], [ -82.55, 9.45 ], [ -82.55, 9.55 ], [ -82.65, 9.55 ], [ -82.65, 9.45 ] ] ] } },
{ "type": "Feature", "properties": { "celda_id": "c0955_m08525", "lon_sw": -85.25, "lat_sw": 9.55, "area_km2": 4.629 }, "geometry": { "type": "Polygon", "coordinates": [ [ [ -85.25, 9.55 ], [ -85.15, 9.55 ], [ -85.15, 9.65 ], [ -85.25, 9.65 ], [ -85.25, 9.55 ] ] ] } },
{ "type": "Feature", "properties": { "celda_id": "c0955_m08515", "lon_sw": -85.15, "lat_sw": 9.55, "area_km2": 63.085 }, "geometry": { "type": "Polygon", "coordinates": [ [ [ -85.15, 9.55 ], [ -85.05, 9.55 ], [ -85.05, 9.65 ], [ -85.15, 9.65 ], [ -85.15, 9.55 ] ] ] } },
{ "type": "Feature", "properties": { "celda_id": "c0955_m08475", "lon_sw": -84.75, "lat_sw": 9.55, "area_km2": 2.401 }, "geometry": { "type": "Polygon", "coordinates": [ [ [ -84.75, 9.55 ], [ -84.65, 9.55 ], [ -84.65, 9.65 ], [ -84.75, 9.65 ], [ -84.75, 9.55 ] ] ] } },
{ "type": "Feature", "properties": { "celda_id": "c0955_m08465", "lon_sw": -84.65, "lat_sw": 9.55, "area_km2": 87.624 }, "geometry": { "type": "Polygon", "coordinates": [ [ [ -84.65, 9.55 ], [ -84.55, 9.55 ], [ -84.55, 9.65 ], [ -84.65, 9.65 ], [ -84.65, 9.55 ] ] ] } },
{ "type": "Feature", "properties": { "celda_id": "c0955_m08455", "lon_sw": -84.55, "lat_sw": 9.55, "area_km2": 121.397 }, "geometry": { "type": "Polygon", "coordinates": [ [ [ -84.55, 9.55 ], [ -84.45, 9.55 ], [ -84.45, 9.65 ], [ -84.55, 9.65 ], [ -84.55, 9.55 ] ] ] } },
{ "type": "Feature", "properties": { "celda_id": "c0955_m08445", "lon_sw": -84.45, "lat_sw": 9.55, "area_km2": 121.394 }, "geometry": { "type": "Polygon", "coordinates": [ [ [ -84.45, 9.55 ], [ -84.35, 9.55 ], [ -84.35, 9.65 ], [ -84.45, 9.65 ], [ -84.45, 9.55 ] ] ] } },
{ "type": "Feature", "properties": { "celda_id": "c0955_m08435", "lon_sw": -84.35, "lat_sw": 9.55, "area_km2": 121.391 }, "geometry": { "type": "Polygon", "coordinates": [ [ [ -84.35, 9.55 ], [ -84.25, 9.55 ], [ -84.25, 9.65 ], [ -84.35, 9.65 ], [ -84.35, 9.55 ] ] ] } },
{ "type": "Feature", "properties": { "celda_id": "c0955_m08425", "lon_sw": -84.25, "lat_sw": 9.55, "area_km2": 121.389 }, "geometry": { "type": "Polygon", "coordinates": [ [ [ -84.25, 9.55 ], [ -84.15, 9.55 ], [ -84.15, 9.65 ], [ -84.25, 9.65 ], [ -84.25, 9.55 ] ] ] } },
{ "type": "Feature", "properties": { "celda_id": "c0955_m08415", "lon_sw": -84.15, "lat_sw": 9.55, "area_km2": 121.388 }, "geometry": { "type": "Polygon", "coordinates": [ [ [ -84.15, 9.55 ], [ -84.05, 9.55 ], [ -84.05, 9.65 ], [ -84.15, 9.65 ], [ -84.15, 9.55 ] ] ] } },
{ "type": "Feature", "properties": { "celda_id": "c0955_m08405", "lon_sw": -84.05, "lat_sw": 9.55, "area_km2": 121.388 }, "geometry": { "type": "Polygon", "coordinates": [ [ [ -84.05, 9.55 ], [ -83.95, 9.55 ], [ -83.95, 9.65 ], [ -84.05, 9.65 ], [ -84.05, 9.55 ] ] ] } },
{ "type": "Feature", "properties": { "celda_id": "c0955_m08395", "lon_sw": -83.95, "lat_sw": 9.55, "area_km2": 121.388 }, "geometry": { "type": "Polygon", "coordinates": [ [ [ -83.95, 9.55 ], [ -83.85, 9.55 ], [ -83.85, 9.65 ], [ -83.95, 9.65 ], [ -83.95, 9.55 ] ] ] } },
{ "type": "Feature", "properties": { "celda_id": "c0955_m08385", "lon_sw": -83.85, "lat_sw": 9.55, "area_km2": 121.389 }, "geometry": { "type": "Polygon", "coordinates": [ [ [ -83.85, 9.55 ], [ -83.75, 9.55 ], [ -83.75, 9.65 ], [ -83.85, 9.65 ], [ -83.85, 9.55 ] ] ] } },
{ "type": "Feature", "properties": { "celda_id": "c0955_m08375", "lon_sw": -83.75, "lat_sw": 9.55, "area_km2": 121.391 }, "geometry": { "type": "Polygon", "coordinates": [ [ [ -83.75, 9.55 ], [ -83.65, 9.55 ], [ -83.65, 9.65 ], [ -83.75, 9.65 ], [ -83.75, 9.55 ] ] ] } },
{ "type": "Feature", "properties": { "celda_id": "c0955_m08365", "lon_sw": -83.65, "lat_sw": 9.55, "area_km2": 121.394 }, "geometry": { "type": "Polygon", "coordinates": [ [ [ -83.65, 9.55 ], [ -83.55, 9.55 ], [ -83.55, 9.65 ], [ -83.65, 9.65 ], [ -83.65, 9.55 ] ] ] } },
{ "type": "Feature", "properties": { "celda_id": "c0955_m08355", "lon_sw": -83.55, "lat_sw": 9.55, "area_km2": 121.397 }, "geometry": { "type": "Polygon", "coordinates": [ [ [ -83.55, 9.55 ], [ -83.45, 9.55 ], [ -83.45, 9.65 ], [ -83.55, 9.65 ], [ -83.55, 9.55 ] ] ] } },
{ "type": "Feature", "properties": { "celda_id": "c0955_m08345", "lon_sw": -83.45, "lat_sw": 9.55, "area_km2": 121.401 }, "geometry": { "type": "Polygon", "coordinates": [ [ [ -83.45, 9.55 ], [ -83.35, 9.55 ], [ -83.35, 9.65 ], [ -83.45, 9.65 ], [ -83.45, 9.55 ] ] ] } },
{ "type": "Feature", "properties": { "celda_id": "c0955_m08335", "lon_sw": -83.35, "lat_sw": 9.55, "area_km2": 121.406 }, "geometry": { "type": "Polygon", "coordinates": [ [ [ -83.35, 9.55 ], [ -83.25, 9.55 ], [ -83.25, 9.65 ], [ -83.35, 9.65 ], [ -83.35, 9.55 ] ] ] } },
{ "type": "Feature", "properties": { "celda_id": "c0955_m08325", "lon_sw": -83.25, "lat_sw": 9.55, "area_km2": 121.411 }, "geometry": { "type": "Polygon", "coordinates": [ [ [ -83.25, 9.55 ], [ -83.15, 9.55 ], [ -83.15, 9.65 ], [ -83.25, 9.65 ], [ -83.25, 9.55 ] ] ] } },
{ "type": "Feature", "properties": { "celda_id": "c0955_m08315", "lon_sw": -83.15, "lat_sw": 9.55, "area_km2": 121.417 }, "geometry": { "type": "Polygon", "coordinates": [ [ [ -83.15, 9.55 ], [ -83.05, 9.55 ], [ -83.05, 9.65 ], [ -83.15, 9.65 ], [ -83.15, 9.55 ] ] ] } },
{ "type": "Feature", "properties": { "celda_id": "c0955_m08305", "lon_sw": -83.05, "lat_sw": 9.55, "area_km2": 121.424 }, "geometry": { "type": "Polygon", "coordinates": [ [ [ -83.05, 9.55 ], [ -82.95, 9.55 ], [ -82.95, 9.65 ], [ -83.05, 9.65 ], [ -83.05, 9.55 ] ] ] } },
{ "type": "Feature", "properties": { "celda_id": "c0955_m08295", "lon_sw": -82.95, "lat_sw": 9.55, "area_km2": 103.372 }, "geometry": { "type": "Polygon", "coordinates": [ [ [ -82.95, 9.55 ], [ -82.85, 9.55 ], [ -82.85, 9.65 ], [ -82.95, 9.65 ], [ -82.95, 9.55 ] ] ] } },
{ "type": "Feature", "properties": { "celda_id": "c0955_m08285", "lon_sw": -82.85, "lat_sw": 9.55, "area_km2": 61.613 }, "geometry": { "type": "Polygon", "coordinates": [ [ [ -82.85, 9.55 ], [ -82.75, 9.55 ], [ -82.75, 9.65 ], [ -82.85, 9.65 ], [ -82.85, 9.55 ] ] ] } },
{ "type": "Feature", "properties": { "celda_id": "c0955_m08275", "lon_sw": -82.75, "lat_sw": 9.55, "area_km2": 103.432 }, "geometry": { "type": "Polygon", "coordinates": [ [ [ -82.75, 9.55 ], [ -82.65, 9.55 ], [ -82.65, 9.65 ], [ -82.75, 9.65 ], [ -82.75, 9.55 ] ] ] } },
{ "type": "Feature", "properties": { "celda_id": "c0955_m08265", "lon_sw": -82.65, "lat_sw": 9.55, "area_km2": 56.007 }, "geometry": { "type": "Polygon", "coordinates": [ [ [ -82.65, 9.55 ], [ -82.55, 9.55 ], [ -82.55, 9.65 ], [ -82.65, 9.65 ], [ -82.65, 9.55 ] ] ] } },
{ "type": "Feature", "properties": { "celda_id": "c0965_m08535", "lon_sw": -85.35, "lat_sw": 9.65, "area_km2": 0.014 }, "geometry": { "type": "Polygon", "coordinates": [ [ [ -85.35, 9.65 ], [ -85.25, 9.65 ], [ -85.25, 9.75 ], [ -85.35, 9.75 ], [ -85.35, 9.65 ] ] ] } },
{ "type": "Feature", "properties": { "celda_id": "c0965_m08525", "lon_sw": -85.25, "lat_sw": 9.65, "area_km2": 75.348 }, "geometry": { "type": "Polygon", "coordinates": [ [ [ -85.25, 9.65 ], [ -85.15, 9.65 ], [ -85.15, 9.75 ], [ -85.25, 9.75 ], [ -85.25, 9.65 ] ] ] } },
{ "type": "Feature", "properties": { "celda_id": "c0965_m08515", "lon_sw": -85.15, "lat_sw": 9.65, "area_km2": 118.892 }, "geometry": { "type": "Polygon", "coordinates": [ [ [ -85.15, 9.65 ], [ -85.05, 9.65 ], [ -85.05, 9.75 ], [ -85.15, 9.75 ], [ -85.15, 9.65 ] ] ] } },
{ "type": "Feature", "properties": { "celda_id": "c0965_m08505", "lon_sw": -85.05, "lat_sw": 9.65, "area_km2": 42.772 }, "geometry": { "type": "Polygon", "coordinates": [ [ [ -85.05, 9.65 ], [ -84.95, 9.65 ], [ -84.95, 9.75 ], [ -85.05, 9.75 ], [ -85.05, 9.65 ] ] ] } },
{ "type": "Feature", "properties": { "celda_id": "c0965_m08475", "lon_sw": -84.75, "lat_sw": 9.65, "area_km2": 17.419 }, "geometry": { "type": "Polygon", "coordinates": [ [ [ -84.75, 9.65 ], [ -84.65, 9.65 ], [ -84.65, 9.75 ], [ -84.75, 9.75 ], [ -84.75, 9.65 ] ] ] } },
{ "type": "Feature", "properties": { "celda_id": "c0965_m08465", "lon_sw": -84.65, "lat_sw": 9.65, "area_km2": 118.009 }, "geometry": { "type": "Polygon", "coordinates": [ [ [ -84.65, 9.65 ], [ -84.55, 9.65 ], [ -84.55, 9.75 ], [ -84.65, 9.75 ], [ -84.65, 9.65 ] ] ] } },
{ "type": "Feature", "properties": { "celda_id": "c0965_m08455", "lon_sw": -84.55, "lat_sw": 9.65, "area_km2": 121.362 }, "geometry": { "type": "Polygon", "coordinates": [ [ [ -84.55, 9.65 ], [ -84.45, 9.65 ], [ -84.45, 9.75 ], [ -84.55, 9.75 ], [ -84.55, 9.65 ] ] ] } },
{ "type": "Feature", "properties": { "celda_id": "c0965_m08445", "lon_sw": -84.45, "lat_sw": 9.65, "area_km2": 121.359 }, "geometry": { "type": "Polygon", "coordinates": [ [ [ -84.45, 9.65 ], [ -84.35, 9.65 ], [ -84.35, 9.75 ], [ -84.45, 9.75 ], [ -84.45, 9.65 ] ] ] } },
{ "type": "Feature", "properties": { "celda_id": "c0965_m08435", "lon_sw": -84.35, "lat_sw": 9.65, "area_km2": 121.356 }, "geometry": { "type": "Polygon", "coordinates": [ [ [ -84.35, 9.65 ], [ -84.25, 9.65 ], [ -84.25, 9.75 ], [ -84.35, 9.75 ], [ -84.35, 9.65 ] ] ] } },
{ "type": "Feature", "properties": { "celda_id": "c0965_m08425", "lon_sw": -84.25, "lat_sw": 9.65, "area_km2": 121.354 }, "geometry": { "type": "Polygon", "coordinates": [ [ [ -84.25, 9.65 ], [ -84.15, 9.65 ], [ -84.15, 9.75 ], [ -84.25, 9.75 ], [ -84.25, 9.65 ] ] ] } },
{ "type": "Feature", "properties": { "celda_id": "c0965_m08415", "lon_sw": -84.15, "lat_sw": 9.65, "area_km2": 121.353 }, "geometry": { "type": "Polygon", "coordinates": [ [ [ -84.15, 9.65 ], [ -84.05, 9.65 ], [ -84.05, 9.75 ], [ -84.15, 9.75 ], [ -84.15, 9.65 ] ] ] } },
{ "type": "Feature", "properties": { "celda_id": "c0965_m08405", "lon_sw": -84.05, "lat_sw": 9.65, "area_km2": 121.353 }, "geometry": { "type": "Polygon", "coordinates": [ [ [ -84.05, 9.65 ], [ -83.95, 9.65 ], [ -83.95, 9.75 ], [ -84.05, 9.75 ], [ -84.05, 9.65 ] ] ] } },
{ "type": "Feature", "properties": { "celda_id": "c0965_m08395", "lon_sw": -83.95, "lat_sw": 9.65, "area_km2": 121.353 }, "geometry": { "type": "Polygon", "coordinates": [ [ [ -83.95, 9.65 ], [ -83.85, 9.65 ], [ -83.85, 9.75 ], [ -83.95, 9.75 ], [ -83.95, 9.65 ] ] ] } },
{ "type": "Feature", "properties": { "celda_id": "c0965_m08385", "lon_sw": -83.85, "lat_sw": 9.65, "area_km2": 121.354 }, "geometry": { "type": "Polygon", "coordinates": [ [ [ -83.85, 9.65 ], [ -83.75, 9.65 ], [ -83.75, 9.75 ], [ -83.85, 9.75 ], [ -83.85, 9.65 ] ] ] } },
{ "type": "Feature", "properties": { "celda_id": "c0965_m08375", "lon_sw": -83.75, "lat_sw": 9.65, "area_km2": 121.356 }, "geometry": { "type": "Polygon", "coordinates": [ [ [ -83.75, 9.65 ], [ -83.65, 9.65 ], [ -83.65, 9.75 ], [ -83.75, 9.75 ], [ -83.75, 9.65 ] ] ] } },
{ "type": "Feature", "properties": { "celda_id": "c0965_m08365", "lon_sw": -83.65, "lat_sw": 9.65, "area_km2": 121.359 }, "geometry": { "type": "Polygon", "coordinates": [ [ [ -83.65, 9.65 ], [ -83.55, 9.65 ], [ -83.55, 9.75 ], [ -83.65, 9.75 ], [ -83.65, 9.65 ] ] ] } },
{ "type": "Feature", "properties": { "celda_id": "c0965_m08355", "lon_sw": -83.55, "lat_sw": 9.65, "area_km2": 121.362 }, "geometry": { "type": "Polygon", "coordinates": [ [ [ -83.55, 9.65 ], [ -83.45, 9.65 ], [ -83.45, 9.75 ], [ -83.55, 9.75 ], [ -83.55, 9.65 ] ] ] } },
{ "type": "Feature", "properties": { "celda_id": "c0965_m08345", "lon_sw": -83.45, "lat_sw": 9.65, "area_km2": 121.366 }, "geometry": { "type": "Polygon", "coordinates": [ [ [ -83.45, 9.65 ], [ -83.35, 9.65 ], [ -83.35, 9.75 ], [ -83.45, 9.75 ], [ -83.45, 9.65 ] ] ] } },
{ "type": "Feature", "properties": { "celda_id": "c0965_m08335", "lon_sw": -83.35, "lat_sw": 9.65, "area_km2": 121.371 }, "geometry": { "type": "Polygon", "coordinates": [ [ [ -83.35, 9.65 ], [ -83.25, 9.65 ], [ -83.25, 9.75 ], [ -83.35, 9.75 ], [ -83.35, 9.65 ] ] ] } },
{ "type": "Feature", "properties": { "celda_id": "c0965_m08325", "lon_sw": -83.25, "lat_sw": 9.65, "area_km2": 121.376 }, "geometry": { "type": "Polygon", "coordinates": [ [ [ -83.25, 9.65 ], [ -83.15, 9.65 ], [ -83.15, 9.75 ], [ -83.25, 9.75 ], [ -83.25, 9.65 ] ] ] } },
{ "type": "Feature", "properties": { "celda_id": "c0965_m08315", "lon_sw": -83.15, "lat_sw": 9.65, "area_km2": 121.382 }, "geometry": { "type": "Polygon", "coordinates": [ [ [ -83.15, 9.65 ], [ -83.05, 9.65 ], [ -83.05, 9.75 ], [ -83.15, 9.75 ], [ -83.15, 9.65 ] ] ] } },
{ "type": "Feature", "properties": { "celda_id": "c0965_m08305", "lon_sw": -83.05, "lat_sw": 9.65, "area_km2": 121.389 }, "geometry": { "type": "Polygon", "coordinates": [ [ [ -83.05, 9.65 ], [ -82.95, 9.65 ], [ -82.95, 9.75 ], [ -83.05, 9.75 ], [ -83.05, 9.65 ] ] ] } },
{ "type": "Feature", "properties": { "celda_id": "c0965_m08295", "lon_sw": -82.95, "lat_sw": 9.65, "area_km2": 120.969 }, "geometry": { "type": "Polygon", "coordinates": [ [ [ -82.95, 9.65 ], [ -82.85, 9.65 ], [ -82.85, 9.75 ], [ -82.95, 9.75 ], [ -82.95, 9.65 ] ] ] } },
{ "type": "Feature", "properties": { "celda_id": "c0965_m08285", "lon_sw": -82.85, "lat_sw": 9.65, "area_km2": 57.307 }, "geometry": { "type": "Polygon", "coordinates": [ [ [ -82.85, 9.65 ], [ -82.75, 9.65 ], [ -82.75, 9.75 ], [ -82.85, 9.75 ], [ -82.85, 9.65 ] ] ] } },
{ "type": "Feature", "properties": { "celda_id": "c0965_m08275", "lon_sw": -82.75, "lat_sw": 9.65, "area_km2": 1.099 }, "geometry": { "type": "Polygon", "coordinates": [ [ [ -82.75, 9.65 ], [ -82.65, 9.65 ], [ -82.65, 9.75 ], [ -82.75, 9.75 ], [ -82.75, 9.65 ] ] ] } },
{ "type": "Feature", "properties": { "celda_id": "c0975_m08555", "lon_sw": -85.55, "lat_sw": 9.75, "area_km2": 0.016 }, "geometry": { "type": "Polygon", "coordinates": [ [ [ -85.55, 9.75 ], [ -85.45, 9.75 ], [ -85.45, 9.85 ], [ -85.55, 9.85 ], [ -85.55, 9.75 ] ] ] } },
{ "type": "Feature", "properties": { "celda_id": "c0975_m08545", "lon_sw": -85.45, "lat_sw": 9.75, "area_km2": 3.62 }, "geometry": { "type": "Polygon", "coordinates": [ [ [ -85.45, 9.75 ], [ -85.35, 9.75 ], [ -85.35, 9.85 ], [ -85.45, 9.85 ], [ -85.45, 9.75 ] ] ] } },
{ "type": "Feature", "properties": { "celda_id": "c0975_m08535", "lon_sw": -85.35, "lat_sw": 9.75, "area_km2": 62.541 }, "geometry": { "type": "Polygon", "coordinates": [ [ [ -85.35, 9.75 ], [ -85.25, 9.75 ], [ -85.25, 9.85 ], [ -85.35, 9.85 ], [ -85.35, 9.75 ] ] ] } },
{ "type": "Feature", "properties": { "celda_id": "c0975_m08525", "lon_sw": -85.25, "lat_sw": 9.75, "area_km2": 121.369 }, "geometry": { "type": "Polygon", "coordinates": [ [ [ -85.25, 9.75 ], [ -85.15, 9.75 ], [ -85.15, 9.85 ], [ -85.25, 9.85 ], [ -85.25, 9.75 ] ] ] } },
{ "type": "Feature", "properties": { "celda_id": "c0975_m08515", "lon_sw": -85.15, "lat_sw": 9.75, "area_km2": 121.361 }, "geometry": { "type": "Polygon", "coordinates": [ [ [ -85.15, 9.75 ], [ -85.05, 9.75 ], [ -85.05, 9.85 ], [ -85.15, 9.85 ], [ -85.15, 9.75 ] ] ] } },
{ "type": "Feature", "properties": { "celda_id": "c0975_m08505", "lon_sw": -85.05, "lat_sw": 9.75, "area_km2": 120.94 }, "geometry": { "type": "Polygon", "coordinates": [ [ [ -85.05, 9.75 ], [ -84.95, 9.75 ], [ -84.95, 9.85 ], [ -85.05, 9.85 ], [ -85.05, 9.75 ] ] ] } },
{ "type": "Feature", "properties": { "celda_id": "c0975_m08495", "lon_sw": -84.95, "lat_sw": 9.75, "area_km2": 45.554 }, "geometry": { "type": "Polygon", "coordinates": [ [ [ -84.95, 9.75 ], [ -84.85, 9.75 ], [ -84.85, 9.85 ], [ -84.95, 9.85 ], [ -84.95, 9.75 ] ] ] } },
{ "type": "Feature", "properties": { "celda_id": "c0975_m08475", "lon_sw": -84.75, "lat_sw": 9.75, "area_km2": 10.544 }, "geometry": { "type": "Polygon", "coordinates": [ [ [ -84.75, 9.75 ], [ -84.65, 9.75 ], [ -84.65, 9.85 ], [ -84.75, 9.85 ], [ -84.75, 9.75 ] ] ] } },
{ "type": "Feature", "properties": { "celda_id": "c0975_m08465", "lon_sw": -84.65, "lat_sw": 9.75, "area_km2": 113.197 }, "geometry": { "type": "Polygon", "coordinates": [ [ [ -84.65, 9.75 ], [ -84.55, 9.75 ], [ -84.55, 9.85 ], [ -84.65, 9.85 ], [ -84.65, 9.75 ] ] ] } },
{ "type": "Feature", "properties": { "celda_id": "c0975_m08455", "lon_sw": -84.55, "lat_sw": 9.75, "area_km2": 121.326 }, "geometry": { "type": "Polygon", "coordinates": [ [ [ -84.55, 9.75 ], [ -84.45, 9.75 ], [ -84.45, 9.85 ], [ -84.55, 9.85 ], [ -84.55, 9.75 ] ] ] } },
{ "type": "Feature", "properties": { "celda_id": "c0975_m08445", "lon_sw": -84.45, "lat_sw": 9.75, "area_km2": 121.323 }, "geometry": { "type": "Polygon", "coordinates": [ [ [ -84.45, 9.75 ], [ -84.35, 9.75 ], [ -84.35, 9.85 ], [ -84.45, 9.85 ], [ -84.45, 9.75 ] ] ] } },
{ "type": "Feature", "properties": { "celda_id": "c0975_m08435", "lon_sw": -84.35, "lat_sw": 9.75, "area_km2": 121.321 }, "geometry": { "type": "Polygon", "coordinates": [ [ [ -84.35, 9.75 ], [ -84.25, 9.75 ], [ -84.25, 9.85 ], [ -84.35, 9.85 ], [ -84.35, 9.75 ] ] ] } },
{ "type": "Feature", "properties": { "celda_id": "c0975_m08425", "lon_sw": -84.25, "lat_sw": 9.75, "area_km2": 121.319 }, "geometry": { "type": "Polygon", "coordinates": [ [ [ -84.25, 9.75 ], [ -84.15, 9.75 ], [ -84.15, 9.85 ], [ -84.25, 9.85 ], [ -84.25, 9.75 ] ] ] } },
{ "type": "Feature", "properties": { "celda_id": "c0975_m08415", "lon_sw": -84.15, "lat_sw": 9.75, "area_km2": 121.318 }, "geometry": { "type": "Polygon", "coordinates": [ [ [ -84.15, 9.75 ], [ -84.05, 9.75 ], [ -84.05, 9.85 ], [ -84.15, 9.85 ], [ -84.15, 9.75 ] ] ] } },
{ "type": "Feature", "properties": { "celda_id": "c0975_m08405", "lon_sw": -84.05, "lat_sw": 9.75, "area_km2": 121.317 }, "geometry": { "type": "Polygon", "coordinates": [ [ [ -84.05, 9.75 ], [ -83.95, 9.75 ], [ -83.95, 9.85 ], [ -84.05, 9.85 ], [ -84.05, 9.75 ] ] ] } },
{ "type": "Feature", "properties": { "celda_id": "c0975_m08395", "lon_sw": -83.95, "lat_sw": 9.75, "area_km2": 121.318 }, "geometry": { "type": "Polygon", "coordinates": [ [ [ -83.95, 9.75 ], [ -83.85, 9.75 ], [ -83.85, 9.85 ], [ -83.95, 9.85 ], [ -83.95, 9.75 ] ] ] } },
{ "type": "Feature", "properties": { "celda_id": "c0975_m08385", "lon_sw": -83.85, "lat_sw": 9.75, "area_km2": 121.319 }, "geometry": { "type": "Polygon", "coordinates": [ [ [ -83.85, 9.75 ], [ -83.75, 9.75 ], [ -83.75, 9.85 ], [ -83.85, 9.85 ], [ -83.85, 9.75 ] ] ] } },
{ "type": "Feature", "properties": { "celda_id": "c0975_m08375", "lon_sw": -83.75, "lat_sw": 9.75, "area_km2": 121.321 }, "geometry": { "type": "Polygon", "coordinates": [ [ [ -83.75, 9.75 ], [ -83.65, 9.75 ], [ -83.65, 9.85 ], [ -83.75, 9.85 ], [ -83.75, 9.75 ] ] ] } },
{ "type": "Feature", "properties": { "celda_id": "c0975_m08365", "lon_sw": -83.65, "lat_sw": 9.75, "area_km2": 121.323 }, "geometry": { "type": "Polygon", "coordinates": [ [ [ -83.65, 9.75 ], [ -83.55, 9.75 ], [ -83.55, 9.85 ], [ -83.65, 9.85 ], [ -83.65, 9.75 ] ] ] } },
{ "type": "Feature", "properties": { "celda_id": "c0975_m08355", "lon_sw": -83.55, "lat_sw": 9.75, "area_km2": 121.326 }, "geometry": { "type": "Polygon", "coordinates": [ [ [ -83.55, 9.75 ], [ -83.45, 9.75 ], [ -83.45, 9.85 ], [ -83.55, 9.85 ], [ -83.55, 9.75 ] ] ] } },
{ "type": "Feature", "properties": { "celda_id": "c0975_m08345", "lon_sw": -83.45, "lat_sw": 9.75, "area_km2": 121.33 }, "geometry": { "type": "Polygon", "coordinates": [ [ [ -83.45, 9.75 ], [ -83.35, 9.75 ], [ -83.35, 9.85 ], [ -83.45, 9.85 ], [ -83.45, 9.75 ] ] ] } },
{ "type": "Feature", "properties": { "celda_id": "c0975_m08335", "lon_sw": -83.35, "lat_sw": 9.75, "area_km2": 121.335 }, "geometry": { "type": "Polygon", "coordinates": [ [ [ -83.35, 9.75 ], [ -83.25, 9.75 ], [ -83.25, 9.85 ], [ -83.35, 9.85 ], [ -83.35, 9.75 ] ] ] } },
{ "type": "Feature", "properties": { "celda_id": "c0975_m08325", "lon_sw": -83.25, "lat_sw": 9.75, "area_km2": 121.34 }, "geometry": { "type": "Polygon", "coordinates": [ [ [ -83.25, 9.75 ], [ -83.15, 9.75 ], [ -83.15, 9.85 ], [ -83.25, 9.85 ], [ -83.25, 9.75 ] ] ] } },
{ "type": "Feature", "properties": { "celda_id": "c0975_m08315", "lon_sw": -83.15, "lat_sw": 9.75, "area_km2": 121.347 }, "geometry": { "type": "Polygon", "coordinates": [ [ [ -83.15, 9.75 ], [ -83.05, 9.75 ], [ -83.05, 9.85 ], [ -83.15, 9.85 ], [ -83.15, 9.75 ] ] ] } },
{ "type": "Feature", "properties": { "celda_id": "c0975_m08305", "lon_sw": -83.05, "lat_sw": 9.75, "area_km2": 121.353 }, "geometry": { "type": "Polygon", "coordinates": [ [ [ -83.05, 9.75 ], [ -82.95, 9.75 ], [ -82.95, 9.85 ], [ -83.05, 9.85 ], [ -83.05, 9.75 ] ] ] } },
{ "type": "Feature", "properties": { "celda_id": "c0975_m08295", "lon_sw": -82.95, "lat_sw": 9.75, "area_km2": 62.597 }, "geometry": { "type": "Polygon", "coordinates": [ [ [ -82.95, 9.75 ], [ -82.85, 9.75 ], [ -82.85, 9.85 ], [ -82.95, 9.85 ], [ -82.95, 9.75 ] ] ] } },
{ "type": "Feature", "properties": { "celda_id": "c0985_m08575", "lon_sw": -85.75, "lat_sw": 9.85, "area_km2": 8.844 }, "geometry": { "type": "Polygon", "coordinates": [ [ [ -85.75, 9.85 ], [ -85.65, 9.85 ], [ -85.65, 9.95 ], [ -85.75, 9.95 ], [ -85.75, 9.85 ] ] ] } },
{ "type": "Feature", "properties": { "celda_id": "c0985_m08565", "lon_sw": -85.65, "lat_sw": 9.85, "area_km2": 72.774 }, "geometry": { "type": "Polygon", "coordinates": [ [ [ -85.65, 9.85 ], [ -85.55, 9.85 ], [ -85.55, 9.95 ], [ -85.65, 9.95 ], [ -85.65, 9.85 ] ] ] } },
{ "type": "Feature", "properties": { "celda_id": "c0985_m08555", "lon_sw": -85.55, "lat_sw": 9.85, "area_km2": 100.73 }, "geometry": { "type": "Polygon", "coordinates": [ [ [ -85.55, 9.85 ], [ -85.45, 9.85 ], [ -85.45, 9.95 ], [ -85.55, 9.95 ], [ -85.55, 9.85 ] ] ] } },
{ "type": "Feature", "properties": { "celda_id": "c0985_m08545", "lon_sw": -85.45, "lat_sw": 9.85, "area_km2": 117.725 }, "geometry": { "type": "Polygon", "coordinates": [ [ [ -85.45, 9.85 ], [ -85.35, 9.85 ], [ -85.35, 9.95 ], [ -85.45, 9.95 ], [ -85.45, 9.85 ] ] ] } },
{ "type": "Feature", "properties": { "celda_id": "c0985_m08535", "lon_sw": -85.35, "lat_sw": 9.85, "area_km2": 121.343 }, "geometry": { "type": "Polygon", "coordinates": [ [ [ -85.35, 9.85 ], [ -85.25, 9.85 ], [ -85.25, 9.95 ], [ -85.35, 9.95 ], [ -85.35, 9.85 ] ] ] } },
{ "type": "Feature", "properties": { "celda_id": "c0985_m08525", "lon_sw": -85.25, "lat_sw": 9.85, "area_km2": 121.334 }, "geometry": { "type": "Polygon", "coordinates": [ [ [ -85.25, 9.85 ], [ -85.15, 9.85 ], [ -85.15, 9.95 ], [ -85.25, 9.95 ], [ -85.25, 9.85 ] ] ] } },
{ "type": "Feature", "properties": { "celda_id": "c0985_m08515", "lon_sw": -85.15, "lat_sw": 9.85, "area_km2": 121.325 }, "geometry": { "type": "Polygon", "coordinates": [ [ [ -85.15, 9.85 ], [ -85.05, 9.85 ], [ -85.05, 9.95 ], [ -85.15, 9.95 ], [ -85.15, 9.85 ] ] ] } },
{ "type": "Feature", "properties": { "celda_id": "c0985_m08505", "lon_sw": -85.05, "lat_sw": 9.85, "area_km2": 112.239 }, "geometry": { "type": "Polygon", "coordinates": [ [ [ -85.05, 9.85 ], [ -84.95, 9.85 ], [ -84.95, 9.95 ], [ -85.05, 9.95 ], [ -85.05, 9.85 ] ] ] } },
{ "type": "Feature", "properties": { "celda_id": "c0985_m08495", "lon_sw": -84.95, "lat_sw": 9.85, "area_km2": 29.345 }, "geometry": { "type": "Polygon", "coordinates": [ [ [ -84.95, 9.85 ], [ -84.85, 9.85 ], [ -84.85, 9.95 ], [ -84.95, 9.95 ], [ -84.95, 9.85 ] ] ] } },
{ "type": "Feature", "properties": { "celda_id": "c0985_m08475", "lon_sw": -84.75, "lat_sw": 9.85, "area_km2": 81.316 }, "geometry": { "type": "Polygon", "coordinates": [ [ [ -84.75, 9.85 ], [ -84.65, 9.85 ], [ -84.65, 9.95 ], [ -84.75, 9.95 ], [ -84.75, 9.85 ] ] ] } },
{ "type": "Feature", "properties": { "celda_id": "c0985_m08465", "lon_sw": -84.65, "lat_sw": 9.85, "area_km2": 121.295 }, "geometry": { "type": "Polygon", "coordinates": [ [ [ -84.65, 9.85 ], [ -84.55, 9.85 ], [ -84.55, 9.95 ], [ -84.65, 9.95 ], [ -84.65, 9.85 ] ] ] } },
{ "type": "Feature", "properties": { "celda_id": "c0985_m08455", "lon_sw": -84.55, "lat_sw": 9.85, "area_km2": 121.291 }, "geometry": { "type": "Polygon", "coordinates": [ [ [ -84.55, 9.85 ], [ -84.45, 9.85 ], [ -84.45, 9.95 ], [ -84.55, 9.95 ], [ -84.55, 9.85 ] ] ] } },
{ "type": "Feature", "properties": { "celda_id": "c0985_m08445", "lon_sw": -84.45, "lat_sw": 9.85, "area_km2": 121.287 }, "geometry": { "type": "Polygon", "coordinates": [ [ [ -84.45, 9.85 ], [ -84.35, 9.85 ], [ -84.35, 9.95 ], [ -84.45, 9.95 ], [ -84.45, 9.85 ] ] ] } },
{ "type": "Feature", "properties": { "celda_id": "c0985_m08435", "lon_sw": -84.35, "lat_sw": 9.85, "area_km2": 121.285 }, "geometry": { "type": "Polygon", "coordinates": [ [ [ -84.35, 9.85 ], [ -84.25, 9.85 ], [ -84.25, 9.95 ], [ -84.35, 9.95 ], [ -84.35, 9.85 ] ] ] } },
{ "type": "Feature", "properties": { "celda_id": "c0985_m08425", "lon_sw": -84.25, "lat_sw": 9.85, "area_km2": 121.283 }, "geometry": { "type": "Polygon", "coordinates": [ [ [ -84.25, 9.85 ], [ -84.15, 9.85 ], [ -84.15, 9.95 ], [ -84.25, 9.95 ], [ -84.25, 9.85 ] ] ] } },
{ "type": "Feature", "properties": { "celda_id": "c0985_m08415", "lon_sw": -84.15, "lat_sw": 9.85, "area_km2": 121.282 }, "geometry": { "type": "Polygon", "coordinates": [ [ [ -84.15, 9.85 ], [ -84.05, 9.85 ], [ -84.05, 9.95 ], [ -84.15, 9.95 ], [ -84.15, 9.85 ] ] ] } },
{ "type": "Feature", "properties": { "celda_id": "c0985_m08405", "lon_sw": -84.05, "lat_sw": 9.85, "area_km2": 121.282 }, "geometry": { "type": "Polygon", "coordinates": [ [ [ -84.05, 9.85 ], [ -83.95, 9.85 ], [ -83.95, 9.95 ], [ -84.05, 9.95 ], [ -84.05, 9.85 ] ] ] } },
{ "type": "Feature", "properties": { "celda_id": "c0985_m08395", "lon_sw": -83.95, "lat_sw": 9.85, "area_km2": 121.282 }, "geometry": { "type": "Polygon", "coordinates": [ [ [ -83.95, 9.85 ], [ -83.85, 9.85 ], [ -83.85, 9.95 ], [ -83.95, 9.95 ], [ -83.95, 9.85 ] ] ] } },
{ "type": "Feature", "properties": { "celda_id": "c0985_m08385", "lon_sw": -83.85, "lat_sw": 9.85, "area_km2": 121.283 }, "geometry": { "type": "Polygon", "coordinates": [ [ [ -83.85, 9.85 ], [ -83.75, 9.85 ], [ -83.75, 9.95 ], [ -83.85, 9.95 ], [ -83.85, 9.85 ] ] ] } },
{ "type": "Feature", "properties": { "celda_id": "c0985_m08375", "lon_sw": -83.75, "lat_sw": 9.85, "area_km2": 121.285 }, "geometry": { "type": "Polygon", "coordinates": [ [ [ -83.75, 9.85 ], [ -83.65, 9.85 ], [ -83.65, 9.95 ], [ -83.75, 9.95 ], [ -83.75, 9.85 ] ] ] } },
{ "type": "Feature", "properties": { "celda_id": "c0985_m08365", "lon_sw": -83.65, "lat_sw": 9.85, "area_km2": 121.287 }, "geometry": { "type": "Polygon", "coordinates": [ [ [ -83.65, 9.85 ], [ -83.55, 9.85 ], [ -83.55, 9.95 ], [ -83.65, 9.95 ], [ -83.65, 9.85 ] ] ] } },
{ "type": "Feature", "properties": { "celda_id": "c0985_m08355", "lon_sw": -83.55, "lat_sw": 9.85, "area_km2": 121.291 }, "geometry": { "type": "Polygon", "coordinates": [ [ [ -83.55, 9.85 ], [ -83.45, 9.85 ], [ -83.45, 9.95 ], [ -83.55, 9.95 ], [ -83.55, 9.85 ] ] ] } },
{ "type": "Feature", "properties": { "celda_id": "c0985_m08345", "lon_sw": -83.45, "lat_sw": 9.85, "area_km2": 121.295 }, "geometry": { "type": "Polygon", "coordinates": [ [ [ -83.45, 9.85 ], [ -83.35, 9.85 ], [ -83.35, 9.95 ], [ -83.45, 9.95 ], [ -83.45, 9.85 ] ] ] } },
{ "type": "Feature", "properties": { "celda_id": "c0985_m08335", "lon_sw": -83.35, "lat_sw": 9.85, "area_km2": 121.299 }, "geometry": { "type": "Polygon", "coordinates": [ [ [ -83.35, 9.85 ], [ -83.25, 9.85 ], [ -83.25, 9.95 ], [ -83.35, 9.95 ], [ -83.35, 9.85 ] ] ] } },
{ "type": "Feature", "properties": { "celda_id": "c0985_m08325", "lon_sw": -83.25, "lat_sw": 9.85, "area_km2": 121.305 }, "geometry": { "type": "Polygon", "coordinates": [ [ [ -83.25, 9.85 ], [ -83.15, 9.85 ], [ -83.15, 9.95 ], [ -83.25, 9.95 ], [ -83.25, 9.85 ] ] ] } },
{ "type": "Feature", "properties": { "celda_id": "c0985_m08315", "lon_sw": -83.15, "lat_sw": 9.85, "area_km2": 121.311 }, "geometry": { "type": "Polygon", "coordinates": [ [ [ -83.15, 9.85 ], [ -83.05, 9.85 ], [ -83.05, 9.95 ], [ -83.15, 9.95 ], [ -83.15, 9.85 ] ] ] } },
{ "type": "Feature", "properties": { "celda_id": "c0985_m08305", "lon_sw": -83.05, "lat_sw": 9.85, "area_km2": 87.474 }, "geometry": { "type": "Polygon", "coordinates": [ [ [ -83.05, 9.85 ], [ -82.95, 9.85 ], [ -82.95, 9.95 ], [ -83.05, 9.95 ], [ -83.05, 9.85 ] ] ] } },
{ "type": "Feature", "properties": { "celda_id": "c0985_m08295", "lon_sw": -82.95, "lat_sw": 9.85, "area_km2": 1.085 }, "geometry": { "type": "Polygon", "coordinates": [ [ [ -82.95, 9.85 ], [ -82.85, 9.85 ], [ -82.85, 9.95 ], [ -82.95, 9.95 ], [ -82.95, 9.85 ] ] ] } },
{ "type": "Feature", "properties": { "celda_id": "c0995_m08585", "lon_sw": -85.85, "lat_sw": 9.95, "area_km2": 0.023 }, "geometry": { "type": "Polygon", "coordinates": [ [ [ -85.85, 9.95 ], [ -85.75, 9.95 ], [ -85.75, 10.05 ], [ -85.85, 10.05 ], [ -85.85, 9.95 ] ] ] } },
{ "type": "Feature", "properties": { "celda_id": "c0995_m08575", "lon_sw": -85.75, "lat_sw": 9.95, "area_km2": 73.353 }, "geometry": { "type": "Polygon", "coordinates": [ [ [ -85.75, 9.95 ], [ -85.65, 9.95 ], [ -85.65, 10.05 ], [ -85.75, 10.05 ], [ -85.75, 9.95 ] ] ] } },
{ "type": "Feature", "properties": { "celda_id": "c0995_m08565", "lon_sw": -85.65, "lat_sw": 9.95, "area_km2": 121.338 }, "geometry": { "type": "Polygon", "coordinates": [ [ [ -85.65, 9.95 ], [ -85.55, 9.95 ], [ -85.55, 10.05 ], [ -85.65, 10.05 ], [ -85.65, 9.95 ] ] ] } },
{ "type": "Feature", "properties": { "celda_id": "c0995_m08555", "lon_sw": -85.55, "lat_sw": 9.95, "area_km2": 121.327 }, "geometry": { "type": "Polygon", "coordinates": [ [ [ -85.55, 9.95 ], [ -85.45, 9.95 ], [ -85.45, 10.05 ], [ -85.55, 10.05 ], [ -85.55, 9.95 ] ] ] } },
{ "type": "Feature", "properties": { "celda_id": "c0995_m08545", "lon_sw": -85.45, "lat_sw": 9.95, "area_km2": 121.316 }, "geometry": { "type": "Polygon", "coordinates": [ [ [ -85.45, 9.95 ], [ -85.35, 9.95 ], [ -85.35, 10.05 ], [ -85.45, 10.05 ], [ -85.45, 9.95 ] ] ] } },
{ "type": "Feature", "properties": { "celda_id": "c0995_m08535", "lon_sw": -85.35, "lat_sw": 9.95, "area_km2": 121.306 }, "geometry": { "type": "Polygon", "coordinates": [ [ [ -85.35, 9.95 ], [ -85.25, 9.95 ], [ -85.25, 10.05 ], [ -85.35, 10.05 ], [ -85.35, 9.95 ] ] ] } },
{ "type": "Feature", "properties": { "celda_id": "c0995_m08525", "lon_sw": -85.25, "lat_sw": 9.95, "area_km2": 116.234 }, "geometry": { "type": "Polygon", "coordinates": [ [ [ -85.25, 9.95 ], [ -85.15, 9.95 ], [ -85.15, 10.05 ], [ -85.25, 10.05 ], [ -85.25, 9.95 ] ] ] } },
{ "type": "Feature", "properties": { "celda_id": "c0995_m08515", "lon_sw": -85.15, "lat_sw": 9.95, "area_km2": 40.885 }, "geometry": { "type": "Polygon", "coordinates": [ [ [ -85.15, 9.95 ], [ -85.05, 9.95 ], [ -85.05, 10.05 ], [ -85.15, 10.05 ], [ -85.15, 9.95 ] ] ] } },
{ "type": "Feature", "properties": { "celda_id": "c0995_m08505", "lon_sw": -85.05, "lat_sw": 9.95, "area_km2": 10.121 }, "geometry": { "type": "Polygon", "coordinates": [ [ [ -85.05, 9.95 ], [ -84.95, 9.95 ], [ -84.95, 10.05 ], [ -85.05, 10.05 ], [ -85.05, 9.95 ] ] ] } },
{ "type": "Feature", "properties": { "celda_id": "c0995_m08495", "lon_sw": -84.95, "lat_sw": 9.95, "area_km2": 32.06 }, "geometry": { "type": "Polygon", "coordinates": [ [ [ -84.95, 9.95 ], [ -84.85, 9.95 ], [ -84.85, 10.05 ], [ -84.95, 10.05 ], [ -84.95, 9.95 ] ] ] } },
{ "type": "Feature", "properties": { "celda_id": "c0995_m08485", "lon_sw": -84.85, "lat_sw": 9.95, "area_km2": 82.633 }, "geometry": { "type": "Polygon", "coordinates": [ [ [ -84.85, 9.95 ], [ -84.75, 9.95 ], [ -84.75, 10.05 ], [ -84.85, 10.05 ], [ -84.85, 9.95 ] ] ] } },
{ "type": "Feature", "properties": { "celda_id": "c0995_m08475", "lon_sw": -84.75, "lat_sw": 9.95, "area_km2": 118.608 }, "geometry": { "type": "Polygon", "coordinates": [ [ [ -84.75, 9.95 ], [ -84.65, 9.95 ], [ -84.65, 10.05 ], [ -84.75, 10.05 ], [ -84.75, 9.95 ] ] ] } },
{ "type": "Feature", "properties": { "celda_id": "c0995_m08465", "lon_sw": -84.65, "lat_sw": 9.95, "area_km2": 121.258 }, "geometry": { "type": "Polygon", "coordinates": [ [ [ -84.65, 9.95 ], [ -84.55, 9.95 ], [ -84.55, 10.05 ], [ -84.65, 10.05 ], [ -84.65, 9.95 ] ] ] } },
{ "type": "Feature", "properties": { "celda_id": "c0995_m08455", "lon_sw": -84.55, "lat_sw": 9.95, "area_km2": 121.254 }, "geometry": { "type": "Polygon", "coordinates": [ [ [ -84.55, 9.95 ], [ -84.45, 9.95 ], [ -84.45, 10.05 ], [ -84.55, 10.05 ], [ -84.55, 9.95 ] ] ] } },
{ "type": "Feature", "properties": { "celda_id": "c0995_m08445", "lon_sw": -84.45, "lat_sw": 9.95, "area_km2": 121.251 }, "geometry": { "type": "Polygon", "coordinates": [ [ [ -84.45, 9.95 ], [ -84.35, 9.95 ], [ -84.35, 10.05 ], [ -84.45, 10.05 ], [ -84.45, 9.95 ] ] ] } },
{ "type": "Feature", "properties": { "celda_id": "c0995_m08435", "lon_sw": -84.35, "lat_sw": 9.95, "area_km2": 121.249 }, "geometry": { "type": "Polygon", "coordinates": [ [ [ -84.35, 9.95 ], [ -84.25, 9.95 ], [ -84.25, 10.05 ], [ -84.35, 10.05 ], [ -84.35, 9.95 ] ] ] } },
{ "type": "Feature", "properties": { "celda_id": "c0995_m08425", "lon_sw": -84.25, "lat_sw": 9.95, "area_km2": 121.247 }, "geometry": { "type": "Polygon", "coordinates": [ [ [ -84.25, 9.95 ], [ -84.15, 9.95 ], [ -84.15, 10.05 ], [ -84.25, 10.05 ], [ -84.25, 9.95 ] ] ] } },
{ "type": "Feature", "properties": { "celda_id": "c0995_m08415", "lon_sw": -84.15, "lat_sw": 9.95, "area_km2": 121.246 }, "geometry": { "type": "Polygon", "coordinates": [ [ [ -84.15, 9.95 ], [ -84.05, 9.95 ], [ -84.05, 10.05 ], [ -84.15, 10.05 ], [ -84.15, 9.95 ] ] ] } },
{ "type": "Feature", "properties": { "celda_id": "c0995_m08405", "lon_sw": -84.05, "lat_sw": 9.95, "area_km2": 121.245 }, "geometry": { "type": "Polygon", "coordinates": [ [ [ -84.05, 9.95 ], [ -83.95, 9.95 ], [ -83.95, 10.05 ], [ -84.05, 10.05 ], [ -84.05, 9.95 ] ] ] } },
{ "type": "Feature", "properties": { "celda_id": "c0995_m08395", "lon_sw": -83.95, "lat_sw": 9.95, "area_km2": 121.246 }, "geometry": { "type": "Polygon", "coordinates": [ [ [ -83.95, 9.95 ], [ -83.85, 9.95 ], [ -83.85, 10.05 ], [ -83.95, 10.05 ], [ -83.95, 9.95 ] ] ] } },
{ "type": "Feature", "properties": { "celda_id": "c0995_m08385", "lon_sw": -83.85, "lat_sw": 9.95, "area_km2": 121.247 }, "geometry": { "type": "Polygon", "coordinates": [ [ [ -83.85, 9.95 ], [ -83.75, 9.95 ], [ -83.75, 10.05 ], [ -83.85, 10.05 ], [ -83.85, 9.95 ] ] ] } },
{ "type": "Feature", "properties": { "celda_id": "c0995_m08375", "lon_sw": -83.75, "lat_sw": 9.95, "area_km2": 121.249 }, "geometry": { "type": "Polygon", "coordinates": [ [ [ -83.75, 9.95 ], [ -83.65, 9.95 ], [ -83.65, 10.05 ], [ -83.75, 10.05 ], [ -83.75, 9.95 ] ] ] } },
{ "type": "Feature", "properties": { "celda_id": "c0995_m08365", "lon_sw": -83.65, "lat_sw": 9.95, "area_km2": 121.251 }, "geometry": { "type": "Polygon", "coordinates": [ [ [ -83.65, 9.95 ], [ -83.55, 9.95 ], [ -83.55, 10.05 ], [ -83.65, 10.05 ], [ -83.65, 9.95 ] ] ] } },
{ "type": "Feature", "properties": { "celda_id": "c0995_m08355", "lon_sw": -83.55, "lat_sw": 9.95, "area_km2": 121.254 }, "geometry": { "type": "Polygon", "coordinates": [ [ [ -83.55, 9.95 ], [ -83.45, 9.95 ], [ -83.45, 10.05 ], [ -83.55, 10.05 ], [ -83.55, 9.95 ] ] ] } },
{ "type": "Feature", "properties": { "celda_id": "c0995_m08345", "lon_sw": -83.45, "lat_sw": 9.95, "area_km2": 121.258 }, "geometry": { "type": "Polygon", "coordinates": [ [ [ -83.45, 9.95 ], [ -83.35, 9.95 ], [ -83.35, 10.05 ], [ -83.45, 10.05 ], [ -83.45, 9.95 ] ] ] } },
{ "type": "Feature", "properties": { "celda_id": "c0995_m08335", "lon_sw": -83.35, "lat_sw": 9.95, "area_km2": 121.263 }, "geometry": { "type": "Polygon", "coordinates": [ [ [ -83.35, 9.95 ], [ -83.25, 9.95 ], [ -83.25, 10.05 ], [ -83.35, 10.05 ], [ -83.35, 9.95 ] ] ] } },
{ "type": "Feature", "properties": { "celda_id": "c0995_m08325", "lon_sw": -83.25, "lat_sw": 9.95, "area_km2": 121.268 }, "geometry": { "type": "Polygon", "coordinates": [ [ [ -83.25, 9.95 ], [ -83.15, 9.95 ], [ -83.15, 10.05 ], [ -83.25, 10.05 ], [ -83.25, 9.95 ] ] ] } },
{ "type": "Feature", "properties": { "celda_id": "c0995_m08315", "lon_sw": -83.15, "lat_sw": 9.95, "area_km2": 83.514 }, "geometry": { "type": "Polygon", "coordinates": [ [ [ -83.15, 9.95 ], [ -83.05, 9.95 ], [ -83.05, 10.05 ], [ -83.15, 10.05 ], [ -83.15, 9.95 ] ] ] } },
{ "type": "Feature", "properties": { "celda_id": "c0995_m08305", "lon_sw": -83.05, "lat_sw": 9.95, "area_km2": 16.513 }, "geometry": { "type": "Polygon", "coordinates": [ [ [ -83.05, 9.95 ], [ -82.95, 9.95 ], [ -82.95, 10.05 ], [ -83.05, 10.05 ], [ -83.05, 9.95 ] ] ] } },
{ "type": "Feature", "properties": { "celda_id": "c1005_m08585", "lon_sw": -85.85, "lat_sw": 10.05, "area_km2": 42.25 }, "geometry": { "type": "Polygon", "coordinates": [ [ [ -85.85, 10.05 ], [ -85.75, 10.05 ], [ -85.75, 10.15 ], [ -85.85, 10.15 ], [ -85.85, 10.05 ] ] ] } },
{ "type": "Feature", "properties": { "celda_id": "c1005_m08575", "lon_sw": -85.75, "lat_sw": 10.05, "area_km2": 121.313 }, "geometry": { "type": "Polygon", "coordinates": [ [ [ -85.75, 10.05 ], [ -85.65, 10.05 ], [ -85.65, 10.15 ], [ -85.75, 10.15 ], [ -85.75, 10.05 ] ] ] } },
{ "type": "Feature", "properties": { "celda_id": "c1005_m08565", "lon_sw": -85.65, "lat_sw": 10.05, "area_km2": 121.301 }, "geometry": { "type": "Polygon", "coordinates": [ [ [ -85.65, 10.05 ], [ -85.55, 10.05 ], [ -85.55, 10.15 ], [ -85.65, 10.15 ], [ -85.65, 10.05 ] ] ] } },
{ "type": "Feature", "properties": { "celda_id": "c1005_m08555", "lon_sw": -85.55, "lat_sw": 10.05, "area_km2": 121.29 }, "geometry": { "type": "Polygon", "coordinates": [ [ [ -85.55, 10.05 ], [ -85.45, 10.05 ], [ -85.45, 10.15 ], [ -85.55, 10.15 ], [ -85.55, 10.05 ] ] ] } },
{ "type": "Feature", "properties": { "celda_id": "c1005_m08545", "lon_sw": -85.45, "lat_sw": 10.05, "area_km2": 121.28 }, "geometry": { "type": "Polygon", "coordinates": [ [ [ -85.45, 10.05 ], [ -85.35, 10.05 ], [ -85.35, 10.15 ], [ -85.45, 10.15 ], [ -85.45, 10.05 ] ] ] } },
{ "type": "Feature", "properties": { "celda_id": "c1005_m08535", "lon_sw": -85.35, "lat_sw": 10.05, "area_km2": 121.27 }, "geometry": { "type": "Polygon", "coordinates": [ [ [ -85.35, 10.05 ], [ -85.25, 10.05 ], [ -85.25, 10.15 ], [ -85.35, 10.15 ], [ -85.35, 10.05 ] ] ] } },
{ "type": "Feature", "properties": { "celda_id": "c1005_m08525", "lon_sw": -85.25, "lat_sw": 10.05, "area_km2": 59.608 }, "geometry": { "type": "Polygon", "coordinates": [ [ [ -85.25, 10.05 ], [ -85.15, 10.05 ], [ -85.15, 10.15 ], [ -85.25, 10.15 ], [ -85.25, 10.05 ] ] ] } },
{ "type": "Feature", "properties": { "celda_id": "c1005_m08515", "lon_sw": -85.15, "lat_sw": 10.05, "area_km2": 24.746 }, "geometry": { "type": "Polygon", "coordinates": [ [ [ -85.15, 10.05 ], [ -85.05, 10.05 ], [ -85.05, 10.15 ], [ -85.15, 10.15 ], [ -85.15, 10.05 ] ] ] } },
{ "type": "Feature", "properties": { "celda_id": "c1005_m08505", "lon_sw": -85.05, "lat_sw": 10.05, "area_km2": 52.475 }, "geometry": { "type": "Polygon", "coordinates": [ [ [ -85.05, 10.05 ], [ -84.95, 10.05 ], [ -84.95, 10.15 ], [ -85.05, 10.15 ], [ -85.05, 10.05 ] ] ] } },
{ "type": "Feature", "properties": { "celda_id": "c1005_m08495", "lon_sw": -84.95, "lat_sw": 10.05, "area_km2": 120.028 }, "geometry": { "type": "Polygon", "coordinates": [ [ [ -84.95, 10.05 ], [ -84.85, 10.05 ], [ -84.85, 10.15 ], [ -84.95, 10.15 ], [ -84.95, 10.05 ] ] ] } },
{ "type": "Feature", "properties": { "celda_id": "c1005_m08485", "lon_sw": -84.85, "lat_sw": 10.05, "area_km2": 121.232 }, "geometry": { "type": "Polygon", "coordinates": [ [ [ -84.85, 10.05 ], [ -84.75, 10.05 ], [ -84.75, 10.15 ], [ -84.85, 10.15 ], [ -84.85, 10.05 ] ] ] } },
{ "type": "Feature", "properties": { "celda_id": "c1005_m08475", "lon_sw": -84.75, "lat_sw": 10.05, "area_km2": 121.227 }, "geometry": { "type": "Polygon", "coordinates": [ [ [ -84.75, 10.05 ], [ -84.65, 10.05 ], [ -84.65, 10.15 ], [ -84.75, 10.15 ], [ -84.75, 10.05 ] ] ] } },
{ "type": "Feature", "properties": { "celda_id": "c1005_m08465", "lon_sw": -84.65, "lat_sw": 10.05, "area_km2": 121.222 }, "geometry": { "type": "Polygon", "coordinates": [ [ [ -84.65, 10.05 ], [ -84.55, 10.05 ], [ -84.55, 10.15 ], [ -84.65, 10.15 ], [ -84.65, 10.05 ] ] ] } },
{ "type": "Feature", "properties": { "celda_id": "c1005_m08455", "lon_sw": -84.55, "lat_sw": 10.05, "area_km2": 121.218 }, "geometry": { "type": "Polygon", "coordinates": [ [ [ -84.55, 10.05 ], [ -84.45, 10.05 ], [ -84.45, 10.15 ], [ -84.55, 10.15 ], [ -84.55, 10.05 ] ] ] } },
{ "type": "Feature", "properties": { "celda_id": "c1005_m08445", "lon_sw": -84.45, "lat_sw": 10.05, "area_km2": 121.215 }, "geometry": { "type": "Polygon", "coordinates": [ [ [ -84.45, 10.05 ], [ -84.35, 10.05 ], [ -84.35, 10.15 ], [ -84.45, 10.15 ], [ -84.45, 10.05 ] ] ] } },
{ "type": "Feature", "properties": { "celda_id": "c1005_m08435", "lon_sw": -84.35, "lat_sw": 10.05, "area_km2": 121.212 }, "geometry": { "type": "Polygon", "coordinates": [ [ [ -84.35, 10.05 ], [ -84.25, 10.05 ], [ -84.25, 10.15 ], [ -84.35, 10.15 ], [ -84.35, 10.05 ] ] ] } },
{ "type": "Feature", "properties": { "celda_id": "c1005_m08425", "lon_sw": -84.25, "lat_sw": 10.05, "area_km2": 121.21 }, "geometry": { "type": "Polygon", "coordinates": [ [ [ -84.25, 10.05 ], [ -84.15, 10.05 ], [ -84.15, 10.15 ], [ -84.25, 10.15 ], [ -84.25, 10.05 ] ] ] } },
{ "type": "Feature", "properties": { "celda_id": "c1005_m08415", "lon_sw": -84.15, "lat_sw": 10.05, "area_km2": 121.209 }, "geometry": { "type": "Polygon", "coordinates": [ [ [ -84.15, 10.05 ], [ -84.05, 10.05 ], [ -84.05, 10.15 ], [ -84.15, 10.15 ], [ -84.15, 10.05 ] ] ] } },
{ "type": "Feature", "properties": { "celda_id": "c1005_m08405", "lon_sw": -84.05, "lat_sw": 10.05, "area_km2": 121.209 }, "geometry": { "type": "Polygon", "coordinates": [ [ [ -84.05, 10.05 ], [ -83.95, 10.05 ], [ -83.95, 10.15 ], [ -84.05, 10.15 ], [ -84.05, 10.05 ] ] ] } },
{ "type": "Feature", "properties": { "celda_id": "c1005_m08395", "lon_sw": -83.95, "lat_sw": 10.05, "area_km2": 121.209 }, "geometry": { "type": "Polygon", "coordinates": [ [ [ -83.95, 10.05 ], [ -83.85, 10.05 ], [ -83.85, 10.15 ], [ -83.95, 10.15 ], [ -83.95, 10.05 ] ] ] } },
{ "type": "Feature", "properties": { "celda_id": "c1005_m08385", "lon_sw": -83.85, "lat_sw": 10.05, "area_km2": 121.21 }, "geometry": { "type": "Polygon", "coordinates": [ [ [ -83.85, 10.05 ], [ -83.75, 10.05 ], [ -83.75, 10.15 ], [ -83.85, 10.15 ], [ -83.85, 10.05 ] ] ] } },
{ "type": "Feature", "properties": { "celda_id": "c1005_m08375", "lon_sw": -83.75, "lat_sw": 10.05, "area_km2": 121.212 }, "geometry": { "type": "Polygon", "coordinates": [ [ [ -83.75, 10.05 ], [ -83.65, 10.05 ], [ -83.65, 10.15 ], [ -83.75, 10.15 ], [ -83.75, 10.05 ] ] ] } },
{ "type": "Feature", "properties": { "celda_id": "c1005_m08365", "lon_sw": -83.65, "lat_sw": 10.05, "area_km2": 121.215 }, "geometry": { "type": "Polygon", "coordinates": [ [ [ -83.65, 10.05 ], [ -83.55, 10.05 ], [ -83.55, 10.15 ], [ -83.65, 10.15 ], [ -83.65, 10.05 ] ] ] } },
{ "type": "Feature", "properties": { "celda_id": "c1005_m08355", "lon_sw": -83.55, "lat_sw": 10.05, "area_km2": 121.218 }, "geometry": { "type": "Polygon", "coordinates": [ [ [ -83.55, 10.05 ], [ -83.45, 10.05 ], [ -83.45, 10.15 ], [ -83.55, 10.15 ], [ -83.55, 10.05 ] ] ] } },
{ "type": "Feature", "properties": { "celda_id": "c1005_m08345", "lon_sw": -83.45, "lat_sw": 10.05, "area_km2": 121.222 }, "geometry": { "type": "Polygon", "coordinates": [ [ [ -83.45, 10.05 ], [ -83.35, 10.05 ], [ -83.35, 10.15 ], [ -83.45, 10.15 ], [ -83.45, 10.05 ] ] ] } },
{ "type": "Feature", "properties": { "celda_id": "c1005_m08335", "lon_sw": -83.35, "lat_sw": 10.05, "area_km2": 121.227 }, "geometry": { "type": "Polygon", "coordinates": [ [ [ -83.35, 10.05 ], [ -83.25, 10.05 ], [ -83.25, 10.15 ], [ -83.35, 10.15 ], [ -83.35, 10.05 ] ] ] } },
{ "type": "Feature", "properties": { "celda_id": "c1005_m08325", "lon_sw": -83.25, "lat_sw": 10.05, "area_km2": 85.484 }, "geometry": { "type": "Polygon", "coordinates": [ [ [ -83.25, 10.05 ], [ -83.15, 10.05 ], [ -83.15, 10.15 ], [ -83.25, 10.15 ], [ -83.25, 10.05 ] ] ] } },
{ "type": "Feature", "properties": { "celda_id": "c1005_m08315", "lon_sw": -83.15, "lat_sw": 10.05, "area_km2": 0.601 }, "geometry": { "type": "Polygon", "coordinates": [ [ [ -83.15, 10.05 ], [ -83.05, 10.05 ], [ -83.05, 10.15 ], [ -83.15, 10.15 ], [ -83.15, 10.05 ] ] ] } },
{ "type": "Feature", "properties": { "celda_id": "c1015_m08595", "lon_sw": -85.95, "lat_sw": 10.15, "area_km2": 0.032 }, "geometry": { "type": "Polygon", "coordinates": [ [ [ -85.95, 10.15 ], [ -85.85, 10.15 ], [ -85.85, 10.25 ], [ -85.95, 10.25 ], [ -85.95, 10.15 ] ] ] } },
{ "type": "Feature", "properties": { "celda_id": "c1015_m08585", "lon_sw": -85.85, "lat_sw": 10.15, "area_km2": 96.782 }, "geometry": { "type": "Polygon", "coordinates": [ [ [ -85.85, 10.15 ], [ -85.75, 10.15 ], [ -85.75, 10.25 ], [ -85.85, 10.25 ], [ -85.85, 10.15 ] ] ] } },
{ "type": "Feature", "properties": { "celda_id": "c1015_m08575", "lon_sw": -85.75, "lat_sw": 10.15, "area_km2": 121.276 }, "geometry": { "type": "Polygon", "coordinates": [ [ [ -85.75, 10.15 ], [ -85.65, 10.15 ], [ -85.65, 10.25 ], [ -85.75, 10.25 ], [ -85.75, 10.15 ] ] ] } },
{ "type": "Feature", "properties": { "celda_id": "c1015_m08565", "lon_sw": -85.65, "lat_sw": 10.15, "area_km2": 121.264 }, "geometry": { "type": "Polygon", "coordinates": [ [ [ -85.65, 10.15 ], [ -85.55, 10.15 ], [ -85.55, 10.25 ], [ -85.65, 10.25 ], [ -85.65, 10.15 ] ] ] } },
{ "type": "Feature", "properties": { "celda_id": "c1015_m08555", "lon_sw": -85.55, "lat_sw": 10.15, "area_km2": 121.253 }, "geometry": { "type": "Polygon", "coordinates": [ [ [ -85.55, 10.15 ], [ -85.45, 10.15 ], [ -85.45, 10.25 ], [ -85.55, 10.25 ], [ -85.55, 10.15 ] ] ] } },
{ "type": "Feature", "properties": { "celda_id": "c1015_m08545", "lon_sw": -85.45, "lat_sw": 10.15, "area_km2": 121.243 }, "geometry": { "type": "Polygon", "coordinates": [ [ [ -85.45, 10.15 ], [ -85.35, 10.15 ], [ -85.35, 10.25 ], [ -85.45, 10.25 ], [ -85.45, 10.15 ] ] ] } },
{ "type": "Feature", "properties": { "celda_id": "c1015_m08535", "lon_sw": -85.35, "lat_sw": 10.15, "area_km2": 121.233 }, "geometry": { "type": "Polygon", "coordinates": [ [ [ -85.35, 10.15 ], [ -85.25, 10.15 ], [ -85.25, 10.25 ], [ -85.35, 10.25 ], [ -85.35, 10.15 ] ] ] } },
{ "type": "Feature", "properties": { "celda_id": "c1015_m08525", "lon_sw": -85.25, "lat_sw": 10.15, "area_km2": 84.922 }, "geometry": { "type": "Polygon", "coordinates": [ [ [ -85.25, 10.15 ], [ -85.15, 10.15 ], [ -85.15, 10.25 ], [ -85.25, 10.25 ], [ -85.25, 10.15 ] ] ] } },
{ "type": "Feature", "properties": { "celda_id": "c1015_m08515", "lon_sw": -85.15, "lat_sw": 10.15, "area_km2": 107.199 }, "geometry": { "type": "Polygon", "coordinates": [ [ [ -85.15, 10.15 ], [ -85.05, 10.15 ], [ -85.05, 10.25 ], [ -85.15, 10.25 ], [ -85.15, 10.15 ] ] ] } },
{ "type": "Feature", "properties": { "celda_id": "c1015_m08505", "lon_sw": -85.05, "lat_sw": 10.15, "area_km2": 121.208 }, "geometry": { "type": "Polygon", "coordinates": [ [ [ -85.05, 10.15 ], [ -84.95, 10.15 ], [ -84.95, 10.25 ], [ -85.05, 10.25 ], [ -85.05, 10.15 ] ] ] } },
{ "type": "Feature", "properties": { "celda_id": "c1015_m08495", "lon_sw": -84.95, "lat_sw": 10.15, "area_km2": 121.201 }, "geometry": { "type": "Polygon", "coordinates": [ [ [ -84.95, 10.15 ], [ -84.85, 10.15 ], [ -84.85, 10.25 ], [ -84.95, 10.25 ], [ -84.95, 10.15 ] ] ] } },
{ "type": "Feature", "properties": { "celda_id": "c1015_m08485", "lon_sw": -84.85, "lat_sw": 10.15, "area_km2": 121.195 }, "geometry": { "type": "Polygon", "coordinates": [ [ [ -84.85, 10.15 ], [ -84.75, 10.15 ], [ -84.75, 10.25 ], [ -84.85, 10.25 ], [ -84.85, 10.15 ] ] ] } },
{ "type": "Feature", "properties": { "celda_id": "c1015_m08475", "lon_sw": -84.75, "lat_sw": 10.15, "area_km2": 121.19 }, "geometry": { "type": "Polygon", "coordinates": [ [ [ -84.75, 10.15 ], [ -84.65, 10.15 ], [ -84.65, 10.25 ], [ -84.75, 10.25 ], [ -84.75, 10.15 ] ] ] } },
{ "type": "Feature", "properties": { "celda_id": "c1015_m08465", "lon_sw": -84.65, "lat_sw": 10.15, "area_km2": 121.185 }, "geometry": { "type": "Polygon", "coordinates": [ [ [ -84.65, 10.15 ], [ -84.55, 10.15 ], [ -84.55, 10.25 ], [ -84.65, 10.25 ], [ -84.65, 10.15 ] ] ] } },
{ "type": "Feature", "properties": { "celda_id": "c1015_m08455", "lon_sw": -84.55, "lat_sw": 10.15, "area_km2": 121.181 }, "geometry": { "type": "Polygon", "coordinates": [ [ [ -84.55, 10.15 ], [ -84.45, 10.15 ], [ -84.45, 10.25 ], [ -84.55, 10.25 ], [ -84.55, 10.15 ] ] ] } },
{ "type": "Feature", "properties": { "celda_id": "c1015_m08445", "lon_sw": -84.45, "lat_sw": 10.15, "area_km2": 121.178 }, "geometry": { "type": "Polygon", "coordinates": [ [ [ -84.45, 10.15 ], [ -84.35, 10.15 ], [ -84.35, 10.25 ], [ -84.45, 10.25 ], [ -84.45, 10.15 ] ] ] } },
{ "type": "Feature", "properties": { "celda_id": "c1015_m08435", "lon_sw": -84.35, "lat_sw": 10.15, "area_km2": 121.175 }, "geometry": { "type": "Polygon", "coordinates": [ [ [ -84.35, 10.15 ], [ -84.25, 10.15 ], [ -84.25, 10.25 ], [ -84.35, 10.25 ], [ -84.35, 10.15 ] ] ] } },
{ "type": "Feature", "properties": { "celda_id": "c1015_m08425", "lon_sw": -84.25, "lat_sw": 10.15, "area_km2": 121.173 }, "geometry": { "type": "Polygon", "coordinates": [ [ [ -84.25, 10.15 ], [ -84.15, 10.15 ], [ -84.15, 10.25 ], [ -84.25, 10.25 ], [ -84.25, 10.15 ] ] ] } },
{ "type": "Feature", "properties": { "celda_id": "c1015_m08415", "lon_sw": -84.15, "lat_sw": 10.15, "area_km2": 121.172 }, "geometry": { "type": "Polygon", "coordinates": [ [ [ -84.15, 10.15 ], [ -84.05, 10.15 ], [ -84.05, 10.25 ], [ -84.15, 10.25 ], [ -84.15, 10.15 ] ] ] } },
{ "type": "Feature", "properties": { "celda_id": "c1015_m08405", "lon_sw": -84.05, "lat_sw": 10.15, "area_km2": 121.172 }, "geometry": { "type": "Polygon", "coordinates": [ [ [ -84.05, 10.15 ], [ -83.95, 10.15 ], [ -83.95, 10.25 ], [ -84.05, 10.25 ], [ -84.05, 10.15 ] ] ] } },
{ "type": "Feature", "properties": { "celda_id": "c1015_m08395", "lon_sw": -83.95, "lat_sw": 10.15, "area_km2": 121.172 }, "geometry": { "type": "Polygon", "coordinates": [ [ [ -83.95, 10.15 ], [ -83.85, 10.15 ], [ -83.85, 10.25 ], [ -83.95, 10.25 ], [ -83.95, 10.15 ] ] ] } },
{ "type": "Feature", "properties": { "celda_id": "c1015_m08385", "lon_sw": -83.85, "lat_sw": 10.15, "area_km2": 121.173 }, "geometry": { "type": "Polygon", "coordinates": [ [ [ -83.85, 10.15 ], [ -83.75, 10.15 ], [ -83.75, 10.25 ], [ -83.85, 10.25 ], [ -83.85, 10.15 ] ] ] } },
{ "type": "Feature", "properties": { "celda_id": "c1015_m08375", "lon_sw": -83.75, "lat_sw": 10.15, "area_km2": 121.175 }, "geometry": { "type": "Polygon", "coordinates": [ [ [ -83.75, 10.15 ], [ -83.65, 10.15 ], [ -83.65, 10.25 ], [ -83.75, 10.25 ], [ -83.75, 10.15 ] ] ] } },
{ "type": "Feature", "properties": { "celda_id": "c1015_m08365", "lon_sw": -83.65, "lat_sw": 10.15, "area_km2": 121.178 }, "geometry": { "type": "Polygon", "coordinates": [ [ [ -83.65, 10.15 ], [ -83.55, 10.15 ], [ -83.55, 10.25 ], [ -83.65, 10.25 ], [ -83.65, 10.15 ] ] ] } },
{ "type": "Feature", "properties": { "celda_id": "c1015_m08355", "lon_sw": -83.55, "lat_sw": 10.15, "area_km2": 121.181 }, "geometry": { "type": "Polygon", "coordinates": [ [ [ -83.55, 10.15 ], [ -83.45, 10.15 ], [ -83.45, 10.25 ], [ -83.55, 10.25 ], [ -83.55, 10.15 ] ] ] } },
{ "type": "Feature", "properties": { "celda_id": "c1015_m08345", "lon_sw": -83.45, "lat_sw": 10.15, "area_km2": 121.185 }, "geometry": { "type": "Polygon", "coordinates": [ [ [ -83.45, 10.15 ], [ -83.35, 10.15 ], [ -83.35, 10.25 ], [ -83.45, 10.25 ], [ -83.45, 10.15 ] ] ] } },
{ "type": "Feature", "properties": { "celda_id": "c1015_m08335", "lon_sw": -83.35, "lat_sw": 10.15, "area_km2": 102.402 }, "geometry": { "type": "Polygon", "coordinates": [ [ [ -83.35, 10.15 ], [ -83.25, 10.15 ], [ -83.25, 10.25 ], [ -83.35, 10.25 ], [ -83.35, 10.15 ] ] ] } },
{ "type": "Feature", "properties": { "celda_id": "c1015_m08325", "lon_sw": -83.25, "lat_sw": 10.15, "area_km2": 7.144 }, "geometry": { "type": "Polygon", "coordinates": [ [ [ -83.25, 10.15 ], [ -83.15, 10.15 ], [ -83.15, 10.25 ], [ -83.25, 10.25 ], [ -83.25, 10.15 ] ] ] } },
{ "type": "Feature", "properties": { "celda_id": "c1025_m08595", "lon_sw": -85.95, "lat_sw": 10.25, "area_km2": 2.684 }, "geometry": { "type": "Polygon", "coordinates": [ [ [ -85.95, 10.25 ], [ -85.85, 10.25 ], [ -85.85, 10.35 ], [ -85.95, 10.35 ], [ -85.95, 10.25 ] ] ] } },
{ "type": "Feature", "properties": { "celda_id": "c1025_m08585", "lon_sw": -85.85, "lat_sw": 10.25, "area_km2": 117.841 }, "geometry": { "type": "Polygon", "coordinates": [ [ [ -85.85, 10.25 ], [ -85.75, 10.25 ], [ -85.75, 10.35 ], [ -85.85, 10.35 ], [ -85.85, 10.25 ] ] ] } },
{ "type": "Feature", "properties": { "celda_id": "c1025_m08575", "lon_sw": -85.75, "lat_sw": 10.25, "area_km2": 121.239 }, "geometry": { "type": "Polygon", "coordinates": [ [ [ -85.75, 10.25 ], [ -85.65, 10.25 ], [ -85.65, 10.35 ], [ -85.75, 10.35 ], [ -85.75, 10.25 ] ] ] } },
{ "type": "Feature", "properties": { "celda_id": "c1025_m08565", "lon_sw": -85.65, "lat_sw": 10.25, "area_km2": 121.227 }, "geometry": { "type": "Polygon", "coordinates": [ [ [ -85.65, 10.25 ], [ -85.55, 10.25 ], [ -85.55, 10.35 ], [ -85.65, 10.35 ], [ -85.65, 10.25 ] ] ] } },
{ "type": "Feature", "properties": { "celda_id": "c1025_m08555", "lon_sw": -85.55, "lat_sw": 10.25, "area_km2": 121.216 }, "geometry": { "type": "Polygon", "coordinates": [ [ [ -85.55, 10.25 ], [ -85.45, 10.25 ], [ -85.45, 10.35 ], [ -85.55, 10.35 ], [ -85.55, 10.25 ] ] ] } },
{ "type": "Feature", "properties": { "celda_id": "c1025_m08545", "lon_sw": -85.45, "lat_sw": 10.25, "area_km2": 121.205 }, "geometry": { "type": "Polygon", "coordinates": [ [ [ -85.45, 10.25 ], [ -85.35, 10.25 ], [ -85.35, 10.35 ], [ -85.45, 10.35 ], [ -85.45, 10.25 ] ] ] } },
{ "type": "Feature", "properties": { "celda_id": "c1025_m08535", "lon_sw": -85.35, "lat_sw": 10.25, "area_km2": 121.196 }, "geometry": { "type": "Polygon", "coordinates": [ [ [ -85.35, 10.25 ], [ -85.25, 10.25 ], [ -85.25, 10.35 ], [ -85.35, 10.35 ], [ -85.35, 10.25 ] ] ] } },
{ "type": "Feature", "properties": { "celda_id": "c1025_m08525", "lon_sw": -85.25, "lat_sw": 10.25, "area_km2": 121.187 }, "geometry": { "type": "Polygon", "coordinates": [ [ [ -85.25, 10.25 ], [ -85.15, 10.25 ], [ -85.15, 10.35 ], [ -85.25, 10.35 ], [ -85.25, 10.25 ] ] ] } },
{ "type": "Feature", "properties": { "celda_id": "c1025_m08515", "lon_sw": -85.15, "lat_sw": 10.25, "area_km2": 121.178 }, "geometry": { "type": "Polygon", "coordinates": [ [ [ -85.15, 10.25 ], [ -85.05, 10.25 ], [ -85.05, 10.35 ], [ -85.15, 10.35 ], [ -85.15, 10.25 ] ] ] } },
{ "type": "Feature", "properties": { "celda_id": "c1025_m08505", "lon_sw": -85.05, "lat_sw": 10.25, "area_km2": 121.171 }, "geometry": { "type": "Polygon", "coordinates": [ [ [ -85.05, 10.25 ], [ -84.95, 10.25 ], [ -84.95, 10.35 ], [ -85.05, 10.35 ], [ -85.05, 10.25 ] ] ] } },
{ "type": "Feature", "properties": { "celda_id": "c1025_m08495", "lon_sw": -84.95, "lat_sw": 10.25, "area_km2": 121.164 }, "geometry": { "type": "Polygon", "coordinates": [ [ [ -84.95, 10.25 ], [ -84.85, 10.25 ], [ -84.85, 10.35 ], [ -84.95, 10.35 ], [ -84.95, 10.25 ] ] ] } },
{ "type": "Feature", "properties": { "celda_id": "c1025_m08485", "lon_sw": -84.85, "lat_sw": 10.25, "area_km2": 121.158 }, "geometry": { "type": "Polygon", "coordinates": [ [ [ -84.85, 10.25 ], [ -84.75, 10.25 ], [ -84.75, 10.35 ], [ -84.85, 10.35 ], [ -84.85, 10.25 ] ] ] } },
{ "type": "Feature", "properties": { "celda_id": "c1025_m08475", "lon_sw": -84.75, "lat_sw": 10.25, "area_km2": 121.152 }, "geometry": { "type": "Polygon", "coordinates": [ [ [ -84.75, 10.25 ], [ -84.65, 10.25 ], [ -84.65, 10.35 ], [ -84.75, 10.35 ], [ -84.75, 10.25 ] ] ] } },
{ "type": "Feature", "properties": { "celda_id": "c1025_m08465", "lon_sw": -84.65, "lat_sw": 10.25, "area_km2": 121.148 }, "geometry": { "type": "Polygon", "coordinates": [ [ [ -84.65, 10.25 ], [ -84.55, 10.25 ], [ -84.55, 10.35 ], [ -84.65, 10.35 ], [ -84.65, 10.25 ] ] ] } },
{ "type": "Feature", "properties": { "celda_id": "c1025_m08455", "lon_sw": -84.55, "lat_sw": 10.25, "area_km2": 121.144 }, "geometry": { "type": "Polygon", "coordinates": [ [ [ -84.55, 10.25 ], [ -84.45, 10.25 ], [ -84.45, 10.35 ], [ -84.55, 10.35 ], [ -84.55, 10.25 ] ] ] } },
{ "type": "Feature", "properties": { "celda_id": "c1025_m08445", "lon_sw": -84.45, "lat_sw": 10.25, "area_km2": 121.14 }, "geometry": { "type": "Polygon", "coordinates": [ [ [ -84.45, 10.25 ], [ -84.35, 10.25 ], [ -84.35, 10.35 ], [ -84.45, 10.35 ], [ -84.45, 10.25 ] ] ] } },
{ "type": "Feature", "properties": { "celda_id": "c1025_m08435", "lon_sw": -84.35, "lat_sw": 10.25, "area_km2": 121.138 }, "geometry": { "type": "Polygon", "coordinates": [ [ [ -84.35, 10.25 ], [ -84.25, 10.25 ], [ -84.25, 10.35 ], [ -84.35, 10.35 ], [ -84.35, 10.25 ] ] ] } },
{ "type": "Feature", "properties": { "celda_id": "c1025_m08425", "lon_sw": -84.25, "lat_sw": 10.25, "area_km2": 121.136 }, "geometry": { "type": "Polygon", "coordinates": [ [ [ -84.25, 10.25 ], [ -84.15, 10.25 ], [ -84.15, 10.35 ], [ -84.25, 10.35 ], [ -84.25, 10.25 ] ] ] } },
{ "type": "Feature", "properties": { "celda_id": "c1025_m08415", "lon_sw": -84.15, "lat_sw": 10.25, "area_km2": 121.135 }, "geometry": { "type": "Polygon", "coordinates": [ [ [ -84.15, 10.25 ], [ -84.05, 10.25 ], [ -84.05, 10.35 ], [ -84.15, 10.35 ], [ -84.15, 10.25 ] ] ] } },
{ "type": "Feature", "properties": { "celda_id": "c1025_m08405", "lon_sw": -84.05, "lat_sw": 10.25, "area_km2": 121.135 }, "geometry": { "type": "Polygon", "coordinates": [ [ [ -84.05, 10.25 ], [ -83.95, 10.25 ], [ -83.95, 10.35 ], [ -84.05, 10.35 ], [ -84.05, 10.25 ] ] ] } },
{ "type": "Feature", "properties": { "celda_id": "c1025_m08395", "lon_sw": -83.95, "lat_sw": 10.25, "area_km2": 121.135 }, "geometry": { "type": "Polygon", "coordinates": [ [ [ -83.95, 10.25 ], [ -83.85, 10.25 ], [ -83.85, 10.35 ], [ -83.95, 10.35 ], [ -83.95, 10.25 ] ] ] } },
{ "type": "Feature", "properties": { "celda_id": "c1025_m08385", "lon_sw": -83.85, "lat_sw": 10.25, "area_km2": 121.136 }, "geometry": { "type": "Polygon", "coordinates": [ [ [ -83.85, 10.25 ], [ -83.75, 10.25 ], [ -83.75, 10.35 ], [ -83.85, 10.35 ], [ -83.85, 10.25 ] ] ] } },
{ "type": "Feature", "properties": { "celda_id": "c1025_m08375", "lon_sw": -83.75, "lat_sw": 10.25, "area_km2": 121.138 }, "geometry": { "type": "Polygon", "coordinates": [ [ [ -83.75, 10.25 ], [ -83.65, 10.25 ], [ -83.65, 10.35 ], [ -83.75, 10.35 ], [ -83.75, 10.25 ] ] ] } },
{ "type": "Feature", "properties": { "celda_id": "c1025_m08365", "lon_sw": -83.65, "lat_sw": 10.25, "area_km2": 121.14 }, "geometry": { "type": "Polygon", "coordinates": [ [ [ -83.65, 10.25 ], [ -83.55, 10.25 ], [ -83.55, 10.35 ], [ -83.65, 10.35 ], [ -83.65, 10.25 ] ] ] } },
{ "type": "Feature", "properties": { "celda_id": "c1025_m08355", "lon_sw": -83.55, "lat_sw": 10.25, "area_km2": 121.144 }, "geometry": { "type": "Polygon", "coordinates": [ [ [ -83.55, 10.25 ], [ -83.45, 10.25 ], [ -83.45, 10.35 ], [ -83.55, 10.35 ], [ -83.55, 10.25 ] ] ] } },
{ "type": "Feature", "properties": { "celda_id": "c1025_m08345", "lon_sw": -83.45, "lat_sw": 10.25, "area_km2": 112.001 }, "geometry": { "type": "Polygon", "coordinates": [ [ [ -83.45, 10.25 ], [ -83.35, 10.25 ], [ -83.35, 10.35 ], [ -83.45, 10.35 ], [ -83.45, 10.25 ] ] ] } },
{ "type": "Feature", "properties": { "celda_id": "c1025_m08335", "lon_sw": -83.35, "lat_sw": 10.25, "area_km2": 16.696 }, "geometry": { "type": "Polygon", "coordinates": [ [ [ -83.35, 10.25 ], [ -83.25, 10.25 ], [ -83.25, 10.35 ], [ -83.35, 10.35 ], [ -83.35, 10.25 ] ] ] } },
{ "type": "Feature", "properties": { "celda_id": "c1035_m08595", "lon_sw": -85.95, "lat_sw": 10.35, "area_km2": 4.613 }, "geometry": { "type": "Polygon", "coordinates": [ [ [ -85.95, 10.35 ], [ -85.85, 10.35 ], [ -85.85, 10.45 ], [ -85.95, 10.45 ], [ -85.95, 10.35 ] ] ] } },
{ "type": "Feature", "properties": { "celda_id": "c1035_m08585", "lon_sw": -85.85, "lat_sw": 10.35, "area_km2": 83.354 }, "geometry": { "type": "Polygon", "coordinates": [ [ [ -85.85, 10.35 ], [ -85.75, 10.35 ], [ -85.75, 10.45 ], [ -85.85, 10.45 ], [ -85.85, 10.35 ] ] ] } },
{ "type": "Feature", "properties": { "celda_id": "c1035_m08575", "lon_sw": -85.75, "lat_sw": 10.35, "area_km2": 121.201 }, "geometry": { "type": "Polygon", "coordinates": [ [ [ -85.75, 10.35 ], [ -85.65, 10.35 ], [ -85.65, 10.45 ], [ -85.75, 10.45 ], [ -85.75, 10.35 ] ] ] } },
{ "type": "Feature", "properties": { "celda_id": "c1035_m08565", "lon_sw": -85.65, "lat_sw": 10.35, "area_km2": 121.189 }, "geometry": { "type": "Polygon", "coordinates": [ [ [ -85.65, 10.35 ], [ -85.55, 10.35 ], [ -85.55, 10.45 ], [ -85.65, 10.45 ], [ -85.65, 10.35 ] ] ] } },
{ "type": "Feature", "properties": { "celda_id": "c1035_m08555", "lon_sw": -85.55, "lat_sw": 10.35, "area_km2": 121.178 }, "geometry": { "type": "Polygon", "coordinates": [ [ [ -85.55, 10.35 ], [ -85.45, 10.35 ], [ -85.45, 10.45 ], [ -85.55, 10.45 ], [ -85.55, 10.35 ] ] ] } },
{ "type": "Feature", "properties": { "celda_id": "c1035_m08545", "lon_sw": -85.45, "lat_sw": 10.35, "area_km2": 121.168 }, "geometry": { "type": "Polygon", "coordinates": [ [ [ -85.45, 10.35 ], [ -85.35, 10.35 ], [ -85.35, 10.45 ], [ -85.45, 10.45 ], [ -85.45, 10.35 ] ] ] } },
{ "type": "Feature", "properties": { "celda_id": "c1035_m08535", "lon_sw": -85.35, "lat_sw": 10.35, "area_km2": 121.158 }, "geometry": { "type": "Polygon", "coordinates": [ [ [ -85.35, 10.35 ], [ -85.25, 10.35 ], [ -85.25, 10.45 ], [ -85.35, 10.45 ], [ -85.35, 10.35 ] ] ] } },
{ "type": "Feature", "properties": { "celda_id": "c1035_m08525", "lon_sw": -85.25, "lat_sw": 10.35, "area_km2": 121.149 }, "geometry": { "type": "Polygon", "coordinates": [ [ [ -85.25, 10.35 ], [ -85.15, 10.35 ], [ -85.15, 10.45 ], [ -85.25, 10.45 ], [ -85.25, 10.35 ] ] ] } },
{ "type": "Feature", "properties": { "celda_id": "c1035_m08515", "lon_sw": -85.15, "lat_sw": 10.35, "area_km2": 121.141 }, "geometry": { "type": "Polygon", "coordinates": [ [ [ -85.15, 10.35 ], [ -85.05, 10.35 ], [ -85.05, 10.45 ], [ -85.15, 10.45 ], [ -85.15, 10.35 ] ] ] } },
{ "type": "Feature", "properties": { "celda_id": "c1035_m08505", "lon_sw": -85.05, "lat_sw": 10.35, "area_km2": 121.133 }, "geometry": { "type": "Polygon", "coordinates": [ [ [ -85.05, 10.35 ], [ -84.95, 10.35 ], [ -84.95, 10.45 ], [ -85.05, 10.45 ], [ -85.05, 10.35 ] ] ] } },
{ "type": "Feature", "properties": { "celda_id": "c1035_m08495", "lon_sw": -84.95, "lat_sw": 10.35, "area_km2": 121.126 }, "geometry": { "type": "Polygon", "coordinates": [ [ [ -84.95, 10.35 ], [ -84.85, 10.35 ], [ -84.85, 10.45 ], [ -84.95, 10.45 ], [ -84.95, 10.35 ] ] ] } },
{ "type": "Feature", "properties": { "celda_id": "c1035_m08485", "lon_sw": -84.85, "lat_sw": 10.35, "area_km2": 121.12 }, "geometry": { "type": "Polygon", "coordinates": [ [ [ -84.85, 10.35 ], [ -84.75, 10.35 ], [ -84.75, 10.45 ], [ -84.85, 10.45 ], [ -84.85, 10.35 ] ] ] } },
{ "type": "Feature", "properties": { "celda_id": "c1035_m08475", "lon_sw": -84.75, "lat_sw": 10.35, "area_km2": 121.115 }, "geometry": { "type": "Polygon", "coordinates": [ [ [ -84.75, 10.35 ], [ -84.65, 10.35 ], [ -84.65, 10.45 ], [ -84.75, 10.45 ], [ -84.75, 10.35 ] ] ] } },
{ "type": "Feature", "properties": { "celda_id": "c1035_m08465", "lon_sw": -84.65, "lat_sw": 10.35, "area_km2": 121.11 }, "geometry": { "type": "Polygon", "coordinates": [ [ [ -84.65, 10.35 ], [ -84.55, 10.35 ], [ -84.55, 10.45 ], [ -84.65, 10.45 ], [ -84.65, 10.35 ] ] ] } },
{ "type": "Feature", "properties": { "celda_id": "c1035_m08455", "lon_sw": -84.55, "lat_sw": 10.35, "area_km2": 121.106 }, "geometry": { "type": "Polygon", "coordinates": [ [ [ -84.55, 10.35 ], [ -84.45, 10.35 ], [ -84.45, 10.45 ], [ -84.55, 10.45 ], [ -84.55, 10.35 ] ] ] } },
{ "type": "Feature", "properties": { "celda_id": "c1035_m08445", "lon_sw": -84.45, "lat_sw": 10.35, "area_km2": 121.103 }, "geometry": { "type": "Polygon", "coordinates": [ [ [ -84.45, 10.35 ], [ -84.35, 10.35 ], [ -84.35, 10.45 ], [ -84.45, 10.45 ], [ -84.45, 10.35 ] ] ] } },
{ "type": "Feature", "properties": { "celda_id": "c1035_m08435", "lon_sw": -84.35, "lat_sw": 10.35, "area_km2": 121.1 }, "geometry": { "type": "Polygon", "coordinates": [ [ [ -84.35, 10.35 ], [ -84.25, 10.35 ], [ -84.25, 10.45 ], [ -84.35, 10.45 ], [ -84.35, 10.35 ] ] ] } },
{ "type": "Feature", "properties": { "celda_id": "c1035_m08425", "lon_sw": -84.25, "lat_sw": 10.35, "area_km2": 121.099 }, "geometry": { "type": "Polygon", "coordinates": [ [ [ -84.25, 10.35 ], [ -84.15, 10.35 ], [ -84.15, 10.45 ], [ -84.25, 10.45 ], [ -84.25, 10.35 ] ] ] } },
{ "type": "Feature", "properties": { "celda_id": "c1035_m08415", "lon_sw": -84.15, "lat_sw": 10.35, "area_km2": 121.097 }, "geometry": { "type": "Polygon", "coordinates": [ [ [ -84.15, 10.35 ], [ -84.05, 10.35 ], [ -84.05, 10.45 ], [ -84.15, 10.45 ], [ -84.15, 10.35 ] ] ] } },
{ "type": "Feature", "properties": { "celda_id": "c1035_m08405", "lon_sw": -84.05, "lat_sw": 10.35, "area_km2": 121.097 }, "geometry": { "type": "Polygon", "coordinates": [ [ [ -84.05, 10.35 ], [ -83.95, 10.35 ], [ -83.95, 10.45 ], [ -84.05, 10.45 ], [ -84.05, 10.35 ] ] ] } },
{ "type": "Feature", "properties": { "celda_id": "c1035_m08395", "lon_sw": -83.95, "lat_sw": 10.35, "area_km2": 121.097 }, "geometry": { "type": "Polygon", "coordinates": [ [ [ -83.95, 10.35 ], [ -83.85, 10.35 ], [ -83.85, 10.45 ], [ -83.95, 10.45 ], [ -83.95, 10.35 ] ] ] } },
{ "type": "Feature", "properties": { "celda_id": "c1035_m08385", "lon_sw": -83.85, "lat_sw": 10.35, "area_km2": 121.099 }, "geometry": { "type": "Polygon", "coordinates": [ [ [ -83.85, 10.35 ], [ -83.75, 10.35 ], [ -83.75, 10.45 ], [ -83.85, 10.45 ], [ -83.85, 10.35 ] ] ] } },
{ "type": "Feature", "properties": { "celda_id": "c1035_m08375", "lon_sw": -83.75, "lat_sw": 10.35, "area_km2": 121.1 }, "geometry": { "type": "Polygon", "coordinates": [ [ [ -83.75, 10.35 ], [ -83.65, 10.35 ], [ -83.65, 10.45 ], [ -83.75, 10.45 ], [ -83.75, 10.35 ] ] ] } },
{ "type": "Feature", "properties": { "celda_id": "c1035_m08365", "lon_sw": -83.65, "lat_sw": 10.35, "area_km2": 121.103 }, "geometry": { "type": "Polygon", "coordinates": [ [ [ -83.65, 10.35 ], [ -83.55, 10.35 ], [ -83.55, 10.45 ], [ -83.65, 10.45 ], [ -83.65, 10.35 ] ] ] } },
{ "type": "Feature", "properties": { "celda_id": "c1035_m08355", "lon_sw": -83.55, "lat_sw": 10.35, "area_km2": 121.043 }, "geometry": { "type": "Polygon", "coordinates": [ [ [ -83.55, 10.35 ], [ -83.45, 10.35 ], [ -83.45, 10.45 ], [ -83.55, 10.45 ], [ -83.55, 10.35 ] ] ] } },
{ "type": "Feature", "properties": { "celda_id": "c1035_m08345", "lon_sw": -83.45, "lat_sw": 10.35, "area_km2": 35.798 }, "geometry": { "type": "Polygon", "coordinates": [ [ [ -83.45, 10.35 ], [ -83.35, 10.35 ], [ -83.35, 10.45 ], [ -83.45, 10.45 ], [ -83.45, 10.35 ] ] ] } },
{ "type": "Feature", "properties": { "celda_id": "c1045_m08585", "lon_sw": -85.85, "lat_sw": 10.45, "area_km2": 40.378 }, "geometry": { "type": "Polygon", "coordinates": [ [ [ -85.85, 10.45 ], [ -85.75, 10.45 ], [ -85.75, 10.55 ], [ -85.85, 10.55 ], [ -85.85, 10.45 ] ] ] } },
{ "type": "Feature", "properties": { "celda_id": "c1045_m08575", "lon_sw": -85.75, "lat_sw": 10.45, "area_km2": 117.806 }, "geometry": { "type": "Polygon", "coordinates": [ [ [ -85.75, 10.45 ], [ -85.65, 10.45 ], [ -85.65, 10.55 ], [ -85.75, 10.55 ], [ -85.75, 10.45 ] ] ] } },
{ "type": "Feature", "properties": { "celda_id": "c1045_m08565", "lon_sw": -85.65, "lat_sw": 10.45, "area_km2": 121.151 }, "geometry": { "type": "Polygon", "coordinates": [ [ [ -85.65, 10.45 ], [ -85.55, 10.45 ], [ -85.55, 10.55 ], [ -85.65, 10.55 ], [ -85.65, 10.45 ] ] ] } },
{ "type": "Feature", "properties": { "celda_id": "c1045_m08555", "lon_sw": -85.55, "lat_sw": 10.45, "area_km2": 121.14 }, "geometry": { "type": "Polygon", "coordinates": [ [ [ -85.55, 10.45 ], [ -85.45, 10.45 ], [ -85.45, 10.55 ], [ -85.55, 10.55 ], [ -85.55, 10.45 ] ] ] } },
{ "type": "Feature", "properties": { "celda_id": "c1045_m08545", "lon_sw": -85.45, "lat_sw": 10.45, "area_km2": 121.13 }, "geometry": { "type": "Polygon", "coordinates": [ [ [ -85.45, 10.45 ], [ -85.35, 10.45 ], [ -85.35, 10.55 ], [ -85.45, 10.55 ], [ -85.45, 10.45 ] ] ] } },
{ "type": "Feature", "properties": { "celda_id": "c1045_m08535", "lon_sw": -85.35, "lat_sw": 10.45, "area_km2": 121.12 }, "geometry": { "type": "Polygon", "coordinates": [ [ [ -85.35, 10.45 ], [ -85.25, 10.45 ], [ -85.25, 10.55 ], [ -85.35, 10.55 ], [ -85.35, 10.45 ] ] ] } },
{ "type": "Feature", "properties": { "celda_id": "c1045_m08525", "lon_sw": -85.25, "lat_sw": 10.45, "area_km2": 121.111 }, "geometry": { "type": "Polygon", "coordinates": [ [ [ -85.25, 10.45 ], [ -85.15, 10.45 ], [ -85.15, 10.55 ], [ -85.25, 10.55 ], [ -85.25, 10.45 ] ] ] } },
{ "type": "Feature", "properties": { "celda_id": "c1045_m08515", "lon_sw": -85.15, "lat_sw": 10.45, "area_km2": 121.103 }, "geometry": { "type": "Polygon", "coordinates": [ [ [ -85.15, 10.45 ], [ -85.05, 10.45 ], [ -85.05, 10.55 ], [ -85.15, 10.55 ], [ -85.15, 10.45 ] ] ] } },
{ "type": "Feature", "properties": { "celda_id": "c1045_m08505", "lon_sw": -85.05, "lat_sw": 10.45, "area_km2": 121.095 }, "geometry": { "type": "Polygon", "coordinates": [ [ [ -85.05, 10.45 ], [ -84.95, 10.45 ], [ -84.95, 10.55 ], [ -85.05, 10.55 ], [ -85.05, 10.45 ] ] ] } },
{ "type": "Feature", "properties": { "celda_id": "c1045_m08495", "lon_sw": -84.95, "lat_sw": 10.45, "area_km2": 121.088 }, "geometry": { "type": "Polygon", "coordinates": [ [ [ -84.95, 10.45 ], [ -84.85, 10.45 ], [ -84.85, 10.55 ], [ -84.95, 10.55 ], [ -84.95, 10.45 ] ] ] } },
{ "type": "Feature", "properties": { "celda_id": "c1045_m08485", "lon_sw": -84.85, "lat_sw": 10.45, "area_km2": 121.082 }, "geometry": { "type": "Polygon", "coordinates": [ [ [ -84.85, 10.45 ], [ -84.75, 10.45 ], [ -84.75, 10.55 ], [ -84.85, 10.55 ], [ -84.85, 10.45 ] ] ] } },
{ "type": "Feature", "properties": { "celda_id": "c1045_m08475", "lon_sw": -84.75, "lat_sw": 10.45, "area_km2": 121.077 }, "geometry": { "type": "Polygon", "coordinates": [ [ [ -84.75, 10.45 ], [ -84.65, 10.45 ], [ -84.65, 10.55 ], [ -84.75, 10.55 ], [ -84.75, 10.45 ] ] ] } },
{ "type": "Feature", "properties": { "celda_id": "c1045_m08465", "lon_sw": -84.65, "lat_sw": 10.45, "area_km2": 121.072 }, "geometry": { "type": "Polygon", "coordinates": [ [ [ -84.65, 10.45 ], [ -84.55, 10.45 ], [ -84.55, 10.55 ], [ -84.65, 10.55 ], [ -84.65, 10.45 ] ] ] } },
{ "type": "Feature", "properties": { "celda_id": "c1045_m08455", "lon_sw": -84.55, "lat_sw": 10.45, "area_km2": 121.068 }, "geometry": { "type": "Polygon", "coordinates": [ [ [ -84.55, 10.45 ], [ -84.45, 10.45 ], [ -84.45, 10.55 ], [ -84.55, 10.55 ], [ -84.55, 10.45 ] ] ] } },
{ "type": "Feature", "properties": { "celda_id": "c1045_m08445", "lon_sw": -84.45, "lat_sw": 10.45, "area_km2": 121.065 }, "geometry": { "type": "Polygon", "coordinates": [ [ [ -84.45, 10.45 ], [ -84.35, 10.45 ], [ -84.35, 10.55 ], [ -84.45, 10.55 ], [ -84.45, 10.45 ] ] ] } },
{ "type": "Feature", "properties": { "celda_id": "c1045_m08435", "lon_sw": -84.35, "lat_sw": 10.45, "area_km2": 121.062 }, "geometry": { "type": "Polygon", "coordinates": [ [ [ -84.35, 10.45 ], [ -84.25, 10.45 ], [ -84.25, 10.55 ], [ -84.35, 10.55 ], [ -84.35, 10.45 ] ] ] } },
{ "type": "Feature", "properties": { "celda_id": "c1045_m08425", "lon_sw": -84.25, "lat_sw": 10.45, "area_km2": 121.061 }, "geometry": { "type": "Polygon", "coordinates": [ [ [ -84.25, 10.45 ], [ -84.15, 10.45 ], [ -84.15, 10.55 ], [ -84.25, 10.55 ], [ -84.25, 10.45 ] ] ] } },
{ "type": "Feature", "properties": { "celda_id": "c1045_m08415", "lon_sw": -84.15, "lat_sw": 10.45, "area_km2": 121.06 }, "geometry": { "type": "Polygon", "coordinates": [ [ [ -84.15, 10.45 ], [ -84.05, 10.45 ], [ -84.05, 10.55 ], [ -84.15, 10.55 ], [ -84.15, 10.45 ] ] ] } },
{ "type": "Feature", "properties": { "celda_id": "c1045_m08405", "lon_sw": -84.05, "lat_sw": 10.45, "area_km2": 121.059 }, "geometry": { "type": "Polygon", "coordinates": [ [ [ -84.05, 10.45 ], [ -83.95, 10.45 ], [ -83.95, 10.55 ], [ -84.05, 10.55 ], [ -84.05, 10.45 ] ] ] } },
{ "type": "Feature", "properties": { "celda_id": "c1045_m08395", "lon_sw": -83.95, "lat_sw": 10.45, "area_km2": 121.06 }, "geometry": { "type": "Polygon", "coordinates": [ [ [ -83.95, 10.45 ], [ -83.85, 10.45 ], [ -83.85, 10.55 ], [ -83.95, 10.55 ], [ -83.95, 10.45 ] ] ] } },
{ "type": "Feature", "properties": { "celda_id": "c1045_m08385", "lon_sw": -83.85, "lat_sw": 10.45, "area_km2": 121.061 }, "geometry": { "type": "Polygon", "coordinates": [ [ [ -83.85, 10.45 ], [ -83.75, 10.45 ], [ -83.75, 10.55 ], [ -83.85, 10.55 ], [ -83.85, 10.45 ] ] ] } },
{ "type": "Feature", "properties": { "celda_id": "c1045_m08375", "lon_sw": -83.75, "lat_sw": 10.45, "area_km2": 121.062 }, "geometry": { "type": "Polygon", "coordinates": [ [ [ -83.75, 10.45 ], [ -83.65, 10.45 ], [ -83.65, 10.55 ], [ -83.75, 10.55 ], [ -83.75, 10.45 ] ] ] } },
{ "type": "Feature", "properties": { "celda_id": "c1045_m08365", "lon_sw": -83.65, "lat_sw": 10.45, "area_km2": 121.065 }, "geometry": { "type": "Polygon", "coordinates": [ [ [ -83.65, 10.45 ], [ -83.55, 10.45 ], [ -83.55, 10.55 ], [ -83.65, 10.55 ], [ -83.65, 10.45 ] ] ] } },
{ "type": "Feature", "properties": { "celda_id": "c1045_m08355", "lon_sw": -83.55, "lat_sw": 10.45, "area_km2": 84.799 }, "geometry": { "type": "Polygon", "coordinates": [ [ [ -83.55, 10.45 ], [ -83.45, 10.45 ], [ -83.45, 10.55 ], [ -83.55, 10.55 ], [ -83.55, 10.45 ] ] ] } },
{ "type": "Feature", "properties": { "celda_id": "c1055_m08575", "lon_sw": -85.75, "lat_sw": 10.55, "area_km2": 26.643 }, "geometry": { "type": "Polygon", "coordinates": [ [ [ -85.75, 10.55 ], [ -85.65, 10.55 ], [ -85.65, 10.65 ], [ -85.75, 10.65 ], [ -85.75, 10.55 ] ] ] } },
{ "type": "Feature", "properties": { "celda_id": "c1055_m08565", "lon_sw": -85.65, "lat_sw": 10.55, "area_km2": 114.351 }, "geometry": { "type": "Polygon", "coordinates": [ [ [ -85.65, 10.55 ], [ -85.55, 10.55 ], [ -85.55, 10.65 ], [ -85.65, 10.65 ], [ -85.65, 10.55 ] ] ] } },
{ "type": "Feature", "properties": { "celda_id": "c1055_m08555", "lon_sw": -85.55, "lat_sw": 10.55, "area_km2": 121.102 }, "geometry": { "type": "Polygon", "coordinates": [ [ [ -85.55, 10.55 ], [ -85.45, 10.55 ], [ -85.45, 10.65 ], [ -85.55, 10.65 ], [ -85.55, 10.55 ] ] ] } },
{ "type": "Feature", "properties": { "celda_id": "c1055_m08545", "lon_sw": -85.45, "lat_sw": 10.55, "area_km2": 121.091 }, "geometry": { "type": "Polygon", "coordinates": [ [ [ -85.45, 10.55 ], [ -85.35, 10.55 ], [ -85.35, 10.65 ], [ -85.45, 10.65 ], [ -85.45, 10.55 ] ] ] } },
{ "type": "Feature", "properties": { "celda_id": "c1055_m08535", "lon_sw": -85.35, "lat_sw": 10.55, "area_km2": 121.081 }, "geometry": { "type": "Polygon", "coordinates": [ [ [ -85.35, 10.55 ], [ -85.25, 10.55 ], [ -85.25, 10.65 ], [ -85.35, 10.65 ], [ -85.35, 10.55 ] ] ] } },
{ "type": "Feature", "properties": { "celda_id": "c1055_m08525", "lon_sw": -85.25, "lat_sw": 10.55, "area_km2": 121.072 }, "geometry": { "type": "Polygon", "coordinates": [ [ [ -85.25, 10.55 ], [ -85.15, 10.55 ], [ -85.15, 10.65 ], [ -85.25, 10.65 ], [ -85.25, 10.55 ] ] ] } },
{ "type": "Feature", "properties": { "celda_id": "c1055_m08515", "lon_sw": -85.15, "lat_sw": 10.55, "area_km2": 121.064 }, "geometry": { "type": "Polygon", "coordinates": [ [ [ -85.15, 10.55 ], [ -85.05, 10.55 ], [ -85.05, 10.65 ], [ -85.15, 10.65 ], [ -85.15, 10.55 ] ] ] } },
{ "type": "Feature", "properties": { "celda_id": "c1055_m08505", "lon_sw": -85.05, "lat_sw": 10.55, "area_km2": 121.057 }, "geometry": { "type": "Polygon", "coordinates": [ [ [ -85.05, 10.55 ], [ -84.95, 10.55 ], [ -84.95, 10.65 ], [ -85.05, 10.65 ], [ -85.05, 10.55 ] ] ] } },
{ "type": "Feature", "properties": { "celda_id": "c1055_m08495", "lon_sw": -84.95, "lat_sw": 10.55, "area_km2": 121.05 }, "geometry": { "type": "Polygon", "coordinates": [ [ [ -84.95, 10.55 ], [ -84.85, 10.55 ], [ -84.85, 10.65 ], [ -84.95, 10.65 ], [ -84.95, 10.55 ] ] ] } },
{ "type": "Feature", "properties": { "celda_id": "c1055_m08485", "lon_sw": -84.85, "lat_sw": 10.55, "area_km2": 121.044 }, "geometry": { "type": "Polygon", "coordinates": [ [ [ -84.85, 10.55 ], [ -84.75, 10.55 ], [ -84.75, 10.65 ], [ -84.85, 10.65 ], [ -84.85, 10.55 ] ] ] } },
{ "type": "Feature", "properties": { "celda_id": "c1055_m08475", "lon_sw": -84.75, "lat_sw": 10.55, "area_km2": 121.038 }, "geometry": { "type": "Polygon", "coordinates": [ [ [ -84.75, 10.55 ], [ -84.65, 10.55 ], [ -84.65, 10.65 ], [ -84.75, 10.65 ], [ -84.75, 10.55 ] ] ] } },
{ "type": "Feature", "properties": { "celda_id": "c1055_m08465", "lon_sw": -84.65, "lat_sw": 10.55, "area_km2": 121.034 }, "geometry": { "type": "Polygon", "coordinates": [ [ [ -84.65, 10.55 ], [ -84.55, 10.55 ], [ -84.55, 10.65 ], [ -84.65, 10.65 ], [ -84.65, 10.55 ] ] ] } },
{ "type": "Feature", "properties": { "celda_id": "c1055_m08455", "lon_sw": -84.55, "lat_sw": 10.55, "area_km2": 121.03 }, "geometry": { "type": "Polygon", "coordinates": [ [ [ -84.55, 10.55 ], [ -84.45, 10.55 ], [ -84.45, 10.65 ], [ -84.55, 10.65 ], [ -84.55, 10.55 ] ] ] } },
{ "type": "Feature", "properties": { "celda_id": "c1055_m08445", "lon_sw": -84.45, "lat_sw": 10.55, "area_km2": 121.027 }, "geometry": { "type": "Polygon", "coordinates": [ [ [ -84.45, 10.55 ], [ -84.35, 10.55 ], [ -84.35, 10.65 ], [ -84.45, 10.65 ], [ -84.45, 10.55 ] ] ] } },
{ "type": "Feature", "properties": { "celda_id": "c1055_m08435", "lon_sw": -84.35, "lat_sw": 10.55, "area_km2": 121.024 }, "geometry": { "type": "Polygon", "coordinates": [ [ [ -84.35, 10.55 ], [ -84.25, 10.55 ], [ -84.25, 10.65 ], [ -84.35, 10.65 ], [ -84.35, 10.55 ] ] ] } },
{ "type": "Feature", "properties": { "celda_id": "c1055_m08425", "lon_sw": -84.25, "lat_sw": 10.55, "area_km2": 121.022 }, "geometry": { "type": "Polygon", "coordinates": [ [ [ -84.25, 10.55 ], [ -84.15, 10.55 ], [ -84.15, 10.65 ], [ -84.25, 10.65 ], [ -84.25, 10.55 ] ] ] } },
{ "type": "Feature", "properties": { "celda_id": "c1055_m08415", "lon_sw": -84.15, "lat_sw": 10.55, "area_km2": 121.021 }, "geometry": { "type": "Polygon", "coordinates": [ [ [ -84.15, 10.55 ], [ -84.05, 10.55 ], [ -84.05, 10.65 ], [ -84.15, 10.65 ], [ -84.15, 10.55 ] ] ] } },
{ "type": "Feature", "properties": { "celda_id": "c1055_m08405", "lon_sw": -84.05, "lat_sw": 10.55, "area_km2": 121.021 }, "geometry": { "type": "Polygon", "coordinates": [ [ [ -84.05, 10.55 ], [ -83.95, 10.55 ], [ -83.95, 10.65 ], [ -84.05, 10.65 ], [ -84.05, 10.55 ] ] ] } },
{ "type": "Feature", "properties": { "celda_id": "c1055_m08395", "lon_sw": -83.95, "lat_sw": 10.55, "area_km2": 121.021 }, "geometry": { "type": "Polygon", "coordinates": [ [ [ -83.95, 10.55 ], [ -83.85, 10.55 ], [ -83.85, 10.65 ], [ -83.95, 10.65 ], [ -83.95, 10.55 ] ] ] } },
{ "type": "Feature", "properties": { "celda_id": "c1055_m08385", "lon_sw": -83.85, "lat_sw": 10.55, "area_km2": 121.022 }, "geometry": { "type": "Polygon", "coordinates": [ [ [ -83.85, 10.55 ], [ -83.75, 10.55 ], [ -83.75, 10.65 ], [ -83.85, 10.65 ], [ -83.85, 10.55 ] ] ] } },
{ "type": "Feature", "properties": { "celda_id": "c1055_m08375", "lon_sw": -83.75, "lat_sw": 10.55, "area_km2": 121.024 }, "geometry": { "type": "Polygon", "coordinates": [ [ [ -83.75, 10.55 ], [ -83.65, 10.55 ], [ -83.65, 10.65 ], [ -83.75, 10.65 ], [ -83.75, 10.55 ] ] ] } },
{ "type": "Feature", "properties": { "celda_id": "c1055_m08365", "lon_sw": -83.65, "lat_sw": 10.55, "area_km2": 121.027 }, "geometry": { "type": "Polygon", "coordinates": [ [ [ -83.65, 10.55 ], [ -83.55, 10.55 ], [ -83.55, 10.65 ], [ -83.65, 10.65 ], [ -83.65, 10.55 ] ] ] } },
{ "type": "Feature", "properties": { "celda_id": "c1055_m08355", "lon_sw": -83.55, "lat_sw": 10.55, "area_km2": 27.631 }, "geometry": { "type": "Polygon", "coordinates": [ [ [ -83.55, 10.55 ], [ -83.45, 10.55 ], [ -83.45, 10.65 ], [ -83.55, 10.65 ], [ -83.55, 10.55 ] ] ] } },
{ "type": "Feature", "properties": { "celda_id": "c1065_m08575", "lon_sw": -85.75, "lat_sw": 10.65, "area_km2": 12.513 }, "geometry": { "type": "Polygon", "coordinates": [ [ [ -85.75, 10.65 ], [ -85.65, 10.65 ], [ -85.65, 10.75 ], [ -85.75, 10.75 ], [ -85.75, 10.65 ] ] ] } },
{ "type": "Feature", "properties": { "celda_id": "c1065_m08565", "lon_sw": -85.65, "lat_sw": 10.65, "area_km2": 121.074 }, "geometry": { "type": "Polygon", "coordinates": [ [ [ -85.65, 10.65 ], [ -85.55, 10.65 ], [ -85.55, 10.75 ], [ -85.65, 10.75 ], [ -85.65, 10.65 ] ] ] } },
{ "type": "Feature", "properties": { "celda_id": "c1065_m08555", "lon_sw": -85.55, "lat_sw": 10.65, "area_km2": 121.063 }, "geometry": { "type": "Polygon", "coordinates": [ [ [ -85.55, 10.65 ], [ -85.45, 10.65 ], [ -85.45, 10.75 ], [ -85.55, 10.75 ], [ -85.55, 10.65 ] ] ] } },
{ "type": "Feature", "properties": { "celda_id": "c1065_m08545", "lon_sw": -85.45, "lat_sw": 10.65, "area_km2": 121.052 }, "geometry": { "type": "Polygon", "coordinates": [ [ [ -85.45, 10.65 ], [ -85.35, 10.65 ], [ -85.35, 10.75 ], [ -85.45, 10.75 ], [ -85.45, 10.65 ] ] ] } },
{ "type": "Feature", "properties": { "celda_id": "c1065_m08535", "lon_sw": -85.35, "lat_sw": 10.65, "area_km2": 121.043 }, "geometry": { "type": "Polygon", "coordinates": [ [ [ -85.35, 10.65 ], [ -85.25, 10.65 ], [ -85.25, 10.75 ], [ -85.35, 10.75 ], [ -85.35, 10.65 ] ] ] } },
{ "type": "Feature", "properties": { "celda_id": "c1065_m08525", "lon_sw": -85.25, "lat_sw": 10.65, "area_km2": 121.034 }, "geometry": { "type": "Polygon", "coordinates": [ [ [ -85.25, 10.65 ], [ -85.15, 10.65 ], [ -85.15, 10.75 ], [ -85.25, 10.75 ], [ -85.25, 10.65 ] ] ] } },
{ "type": "Feature", "properties": { "celda_id": "c1065_m08515", "lon_sw": -85.15, "lat_sw": 10.65, "area_km2": 121.026 }, "geometry": { "type": "Polygon", "coordinates": [ [ [ -85.15, 10.65 ], [ -85.05, 10.65 ], [ -85.05, 10.75 ], [ -85.15, 10.75 ], [ -85.15, 10.65 ] ] ] } },
{ "type": "Feature", "properties": { "celda_id": "c1065_m08505", "lon_sw": -85.05, "lat_sw": 10.65, "area_km2": 121.018 }, "geometry": { "type": "Polygon", "coordinates": [ [ [ -85.05, 10.65 ], [ -84.95, 10.65 ], [ -84.95, 10.75 ], [ -85.05, 10.75 ], [ -85.05, 10.65 ] ] ] } },
{ "type": "Feature", "properties": { "celda_id": "c1065_m08495", "lon_sw": -84.95, "lat_sw": 10.65, "area_km2": 121.011 }, "geometry": { "type": "Polygon", "coordinates": [ [ [ -84.95, 10.65 ], [ -84.85, 10.65 ], [ -84.85, 10.75 ], [ -84.95, 10.75 ], [ -84.95, 10.65 ] ] ] } },
{ "type": "Feature", "properties": { "celda_id": "c1065_m08485", "lon_sw": -84.85, "lat_sw": 10.65, "area_km2": 121.005 }, "geometry": { "type": "Polygon", "coordinates": [ [ [ -84.85, 10.65 ], [ -84.75, 10.65 ], [ -84.75, 10.75 ], [ -84.85, 10.75 ], [ -84.85, 10.65 ] ] ] } },
{ "type": "Feature", "properties": { "celda_id": "c1065_m08475", "lon_sw": -84.75, "lat_sw": 10.65, "area_km2": 121.0 }, "geometry": { "type": "Polygon", "coordinates": [ [ [ -84.75, 10.65 ], [ -84.65, 10.65 ], [ -84.65, 10.75 ], [ -84.75, 10.75 ], [ -84.75, 10.65 ] ] ] } },
{ "type": "Feature", "properties": { "celda_id": "c1065_m08465", "lon_sw": -84.65, "lat_sw": 10.65, "area_km2": 120.995 }, "geometry": { "type": "Polygon", "coordinates": [ [ [ -84.65, 10.65 ], [ -84.55, 10.65 ], [ -84.55, 10.75 ], [ -84.65, 10.75 ], [ -84.65, 10.65 ] ] ] } },
{ "type": "Feature", "properties": { "celda_id": "c1065_m08455", "lon_sw": -84.55, "lat_sw": 10.65, "area_km2": 120.991 }, "geometry": { "type": "Polygon", "coordinates": [ [ [ -84.55, 10.65 ], [ -84.45, 10.65 ], [ -84.45, 10.75 ], [ -84.55, 10.75 ], [ -84.55, 10.65 ] ] ] } },
{ "type": "Feature", "properties": { "celda_id": "c1065_m08445", "lon_sw": -84.45, "lat_sw": 10.65, "area_km2": 120.988 }, "geometry": { "type": "Polygon", "coordinates": [ [ [ -84.45, 10.65 ], [ -84.35, 10.65 ], [ -84.35, 10.75 ], [ -84.45, 10.75 ], [ -84.45, 10.65 ] ] ] } },
{ "type": "Feature", "properties": { "celda_id": "c1065_m08435", "lon_sw": -84.35, "lat_sw": 10.65, "area_km2": 120.985 }, "geometry": { "type": "Polygon", "coordinates": [ [ [ -84.35, 10.65 ], [ -84.25, 10.65 ], [ -84.25, 10.75 ], [ -84.35, 10.75 ], [ -84.35, 10.65 ] ] ] } },
{ "type": "Feature", "properties": { "celda_id": "c1065_m08425", "lon_sw": -84.25, "lat_sw": 10.65, "area_km2": 120.984 }, "geometry": { "type": "Polygon", "coordinates": [ [ [ -84.25, 10.65 ], [ -84.15, 10.65 ], [ -84.15, 10.75 ], [ -84.25, 10.75 ], [ -84.25, 10.65 ] ] ] } },
{ "type": "Feature", "properties": { "celda_id": "c1065_m08415", "lon_sw": -84.15, "lat_sw": 10.65, "area_km2": 120.983 }, "geometry": { "type": "Polygon", "coordinates": [ [ [ -84.15, 10.65 ], [ -84.05, 10.65 ], [ -84.05, 10.75 ], [ -84.15, 10.75 ], [ -84.15, 10.65 ] ] ] } },
{ "type": "Feature", "properties": { "celda_id": "c1065_m08405", "lon_sw": -84.05, "lat_sw": 10.65, "area_km2": 114.804 }, "geometry": { "type": "Polygon", "coordinates": [ [ [ -84.05, 10.65 ], [ -83.95, 10.65 ], [ -83.95, 10.75 ], [ -84.05, 10.75 ], [ -84.05, 10.65 ] ] ] } },
{ "type": "Feature", "properties": { "celda_id": "c1065_m08395", "lon_sw": -83.95, "lat_sw": 10.65, "area_km2": 81.542 }, "geometry": { "type": "Polygon", "coordinates": [ [ [ -83.95, 10.65 ], [ -83.85, 10.65 ], [ -83.85, 10.75 ], [ -83.95, 10.75 ], [ -83.95, 10.65 ] ] ] } },
{ "type": "Feature", "properties": { "celda_id": "c1065_m08385", "lon_sw": -83.85, "lat_sw": 10.65, "area_km2": 118.539 }, "geometry": { "type": "Polygon", "coordinates": [ [ [ -83.85, 10.65 ], [ -83.75, 10.65 ], [ -83.75, 10.75 ], [ -83.85, 10.75 ], [ -83.85, 10.65 ] ] ] } },
{ "type": "Feature", "properties": { "celda_id": "c1065_m08375", "lon_sw": -83.75, "lat_sw": 10.65, "area_km2": 120.985 }, "geometry": { "type": "Polygon", "coordinates": [ [ [ -83.75, 10.65 ], [ -83.65, 10.65 ], [ -83.65, 10.75 ], [ -83.75, 10.75 ], [ -83.75, 10.65 ] ] ] } },
{ "type": "Feature", "properties": { "celda_id": "c1065_m08365", "lon_sw": -83.65, "lat_sw": 10.65, "area_km2": 103.969 }, "geometry": { "type": "Polygon", "coordinates": [ [ [ -83.65, 10.65 ], [ -83.55, 10.65 ], [ -83.55, 10.75 ], [ -83.65, 10.75 ], [ -83.65, 10.65 ] ] ] } },
{ "type": "Feature", "properties": { "celda_id": "c1065_m08355", "lon_sw": -83.55, "lat_sw": 10.65, "area_km2": 0.109 }, "geometry": { "type": "Polygon", "coordinates": [ [ [ -83.55, 10.65 ], [ -83.45, 10.65 ], [ -83.45, 10.75 ], [ -83.55, 10.75 ], [ -83.55, 10.65 ] ] ] } },
{ "type": "Feature", "properties": { "celda_id": "c1075_m08585", "lon_sw": -85.85, "lat_sw": 10.75, "area_km2": 20.946 }, "geometry": { "type": "Polygon", "coordinates": [ [ [ -85.85, 10.75 ], [ -85.75, 10.75 ], [ -85.75, 10.85 ], [ -85.85, 10.85 ], [ -85.85, 10.75 ] ] ] } },
{ "type": "Feature", "properties": { "celda_id": "c1075_m08575", "lon_sw": -85.75, "lat_sw": 10.75, "area_km2": 62.575 }, "geometry": { "type": "Polygon", "coordinates": [ [ [ -85.75, 10.75 ], [ -85.65, 10.75 ], [ -85.65, 10.85 ], [ -85.75, 10.85 ], [ -85.75, 10.75 ] ] ] } },
{ "type": "Feature", "properties": { "celda_id": "c1075_m08565", "lon_sw": -85.65, "lat_sw": 10.75, "area_km2": 121.035 }, "geometry": { "type": "Polygon", "coordinates": [ [ [ -85.65, 10.75 ], [ -85.55, 10.75 ], [ -85.55, 10.85 ], [ -85.65, 10.85 ], [ -85.65, 10.75 ] ] ] } },
{ "type": "Feature", "properties": { "celda_id": "c1075_m08555", "lon_sw": -85.55, "lat_sw": 10.75, "area_km2": 121.024 }, "geometry": { "type": "Polygon", "coordinates": [ [ [ -85.55, 10.75 ], [ -85.45, 10.75 ], [ -85.45, 10.85 ], [ -85.55, 10.85 ], [ -85.55, 10.75 ] ] ] } },
{ "type": "Feature", "properties": { "celda_id": "c1075_m08545", "lon_sw": -85.45, "lat_sw": 10.75, "area_km2": 121.013 }, "geometry": { "type": "Polygon", "coordinates": [ [ [ -85.45, 10.75 ], [ -85.35, 10.75 ], [ -85.35, 10.85 ], [ -85.45, 10.85 ], [ -85.45, 10.75 ] ] ] } },
{ "type": "Feature", "properties": { "celda_id": "c1075_m08535", "lon_sw": -85.35, "lat_sw": 10.75, "area_km2": 121.004 }, "geometry": { "type": "Polygon", "coordinates": [ [ [ -85.35, 10.75 ], [ -85.25, 10.75 ], [ -85.25, 10.85 ], [ -85.35, 10.85 ], [ -85.35, 10.75 ] ] ] } },
{ "type": "Feature", "properties": { "celda_id": "c1075_m08525", "lon_sw": -85.25, "lat_sw": 10.75, "area_km2": 120.995 }, "geometry": { "type": "Polygon", "coordinates": [ [ [ -85.25, 10.75 ], [ -85.15, 10.75 ], [ -85.15, 10.85 ], [ -85.25, 10.85 ], [ -85.25, 10.75 ] ] ] } },
{ "type": "Feature", "properties": { "celda_id": "c1075_m08515", "lon_sw": -85.15, "lat_sw": 10.75, "area_km2": 120.986 }, "geometry": { "type": "Polygon", "coordinates": [ [ [ -85.15, 10.75 ], [ -85.05, 10.75 ], [ -85.05, 10.85 ], [ -85.15, 10.85 ], [ -85.15, 10.75 ] ] ] } },
{ "type": "Feature", "properties": { "celda_id": "c1075_m08505", "lon_sw": -85.05, "lat_sw": 10.75, "area_km2": 120.979 }, "geometry": { "type": "Polygon", "coordinates": [ [ [ -85.05, 10.75 ], [ -84.95, 10.75 ], [ -84.95, 10.85 ], [ -85.05, 10.85 ], [ -85.05, 10.75 ] ] ] } },
{ "type": "Feature", "properties": { "celda_id": "c1075_m08495", "lon_sw": -84.95, "lat_sw": 10.75, "area_km2": 120.972 }, "geometry": { "type": "Polygon", "coordinates": [ [ [ -84.95, 10.75 ], [ -84.85, 10.75 ], [ -84.85, 10.85 ], [ -84.95, 10.85 ], [ -84.95, 10.75 ] ] ] } },
{ "type": "Feature", "properties": { "celda_id": "c1075_m08485", "lon_sw": -84.85, "lat_sw": 10.75, "area_km2": 120.966 }, "geometry": { "type": "Polygon", "coordinates": [ [ [ -84.85, 10.75 ], [ -84.75, 10.75 ], [ -84.75, 10.85 ], [ -84.85, 10.85 ], [ -84.85, 10.75 ] ] ] } },
{ "type": "Feature", "properties": { "celda_id": "c1075_m08475", "lon_sw": -84.75, "lat_sw": 10.75, "area_km2": 120.961 }, "geometry": { "type": "Polygon", "coordinates": [ [ [ -84.75, 10.75 ], [ -84.65, 10.75 ], [ -84.65, 10.85 ], [ -84.75, 10.85 ], [ -84.75, 10.75 ] ] ] } },
{ "type": "Feature", "properties": { "celda_id": "c1075_m08465", "lon_sw": -84.65, "lat_sw": 10.75, "area_km2": 120.956 }, "geometry": { "type": "Polygon", "coordinates": [ [ [ -84.65, 10.75 ], [ -84.55, 10.75 ], [ -84.55, 10.85 ], [ -84.65, 10.85 ], [ -84.65, 10.75 ] ] ] } },
{ "type": "Feature", "properties": { "celda_id": "c1075_m08455", "lon_sw": -84.55, "lat_sw": 10.75, "area_km2": 120.952 }, "geometry": { "type": "Polygon", "coordinates": [ [ [ -84.55, 10.75 ], [ -84.45, 10.75 ], [ -84.45, 10.85 ], [ -84.55, 10.85 ], [ -84.55, 10.75 ] ] ] } },
{ "type": "Feature", "properties": { "celda_id": "c1075_m08445", "lon_sw": -84.45, "lat_sw": 10.75, "area_km2": 120.949 }, "geometry": { "type": "Polygon", "coordinates": [ [ [ -84.45, 10.75 ], [ -84.35, 10.75 ], [ -84.35, 10.85 ], [ -84.45, 10.85 ], [ -84.45, 10.75 ] ] ] } },
{ "type": "Feature", "properties": { "celda_id": "c1075_m08435", "lon_sw": -84.35, "lat_sw": 10.75, "area_km2": 120.946 }, "geometry": { "type": "Polygon", "coordinates": [ [ [ -84.35, 10.75 ], [ -84.25, 10.75 ], [ -84.25, 10.85 ], [ -84.35, 10.85 ], [ -84.35, 10.75 ] ] ] } },
{ "type": "Feature", "properties": { "celda_id": "c1075_m08425", "lon_sw": -84.25, "lat_sw": 10.75, "area_km2": 67.129 }, "geometry": { "type": "Polygon", "coordinates": [ [ [ -84.25, 10.75 ], [ -84.15, 10.75 ], [ -84.15, 10.85 ], [ -84.25, 10.85 ], [ -84.25, 10.75 ] ] ] } },
{ "type": "Feature", "properties": { "celda_id": "c1075_m08415", "lon_sw": -84.15, "lat_sw": 10.75, "area_km2": 24.897 }, "geometry": { "type": "Polygon", "coordinates": [ [ [ -84.15, 10.75 ], [ -84.05, 10.75 ], [ -84.05, 10.85 ], [ -84.15, 10.85 ], [ -84.15, 10.75 ] ] ] } },
{ "type": "Feature", "properties": { "celda_id": "c1075_m08405", "lon_sw": -84.05, "lat_sw": 10.75, "area_km2": 18.148 }, "geometry": { "type": "Polygon", "coordinates": [ [ [ -84.05, 10.75 ], [ -83.95, 10.75 ], [ -83.95, 10.85 ], [ -84.05, 10.85 ], [ -84.05, 10.75 ] ] ] } },
{ "type": "Feature", "properties": { "celda_id": "c1075_m08385", "lon_sw": -83.85, "lat_sw": 10.75, "area_km2": 12.698 }, "geometry": { "type": "Polygon", "coordinates": [ [ [ -83.85, 10.75 ], [ -83.75, 10.75 ], [ -83.75, 10.85 ], [ -83.85, 10.85 ], [ -83.85, 10.75 ] ] ] } },
{ "type": "Feature", "properties": { "celda_id": "c1075_m08375", "lon_sw": -83.75, "lat_sw": 10.75, "area_km2": 59.064 }, "geometry": { "type": "Polygon", "coordinates": [ [ [ -83.75, 10.75 ], [ -83.65, 10.75 ], [ -83.65, 10.85 ], [ -83.75, 10.85 ], [ -83.75, 10.75 ] ] ] } },
{ "type": "Feature", "properties": { "celda_id": "c1075_m08365", "lon_sw": -83.65, "lat_sw": 10.75, "area_km2": 73.158 }, "geometry": { "type": "Polygon", "coordinates": [ [ [ -83.65, 10.75 ], [ -83.55, 10.75 ], [ -83.55, 10.85 ], [ -83.65, 10.85 ], [ -83.65, 10.75 ] ] ] } },
{ "type": "Feature", "properties": { "celda_id": "c1085_m08605", "lon_sw": -86.05, "lat_sw": 10.85, "area_km2": 0.001 }, "geometry": { "type": "Polygon", "coordinates": [ [ [ -86.05, 10.85 ], [ -85.95, 10.85 ], [ -85.95, 10.95 ], [ -86.05, 10.95 ], [ -86.05, 10.85 ] ] ] } },
{ "type": "Feature", "properties": { "celda_id": "c1085_m08595", "lon_sw": -85.95, "lat_sw": 10.85, "area_km2": 36.439 }, "geometry": { "type": "Polygon", "coordinates": [ [ [ -85.95, 10.85 ], [ -85.85, 10.85 ], [ -85.85, 10.95 ], [ -85.95, 10.95 ], [ -85.95, 10.85 ] ] ] } },
{ "type": "Feature", "properties": { "celda_id": "c1085_m08585", "lon_sw": -85.85, "lat_sw": 10.85, "area_km2": 99.725 }, "geometry": { "type": "Polygon", "coordinates": [ [ [ -85.85, 10.85 ], [ -85.75, 10.85 ], [ -85.75, 10.95 ], [ -85.85, 10.95 ], [ -85.85, 10.85 ] ] ] } },
{ "type": "Feature", "properties": { "celda_id": "c1085_m08575", "lon_sw": -85.75, "lat_sw": 10.85, "area_km2": 111.904 }, "geometry": { "type": "Polygon", "coordinates": [ [ [ -85.75, 10.85 ], [ -85.65, 10.85 ], [ -85.65, 10.95 ], [ -85.75, 10.95 ], [ -85.75, 10.85 ] ] ] } },
{ "type": "Feature", "properties": { "celda_id": "c1085_m08565", "lon_sw": -85.65, "lat_sw": 10.85, "area_km2": 120.995 }, "geometry": { "type": "Polygon", "coordinates": [ [ [ -85.65, 10.85 ], [ -85.55, 10.85 ], [ -85.55, 10.95 ], [ -85.65, 10.95 ], [ -85.65, 10.85 ] ] ] } },
{ "type": "Feature", "properties": { "celda_id": "c1085_m08555", "lon_sw": -85.55, "lat_sw": 10.85, "area_km2": 120.984 }, "geometry": { "type": "Polygon", "coordinates": [ [ [ -85.55, 10.85 ], [ -85.45, 10.85 ], [ -85.45, 10.95 ], [ -85.55, 10.95 ], [ -85.55, 10.85 ] ] ] } },
{ "type": "Feature", "properties": { "celda_id": "c1085_m08545", "lon_sw": -85.45, "lat_sw": 10.85, "area_km2": 120.974 }, "geometry": { "type": "Polygon", "coordinates": [ [ [ -85.45, 10.85 ], [ -85.35, 10.85 ], [ -85.35, 10.95 ], [ -85.45, 10.95 ], [ -85.45, 10.85 ] ] ] } },
{ "type": "Feature", "properties": { "celda_id": "c1085_m08535", "lon_sw": -85.35, "lat_sw": 10.85, "area_km2": 120.964 }, "geometry": { "type": "Polygon", "coordinates": [ [ [ -85.35, 10.85 ], [ -85.25, 10.85 ], [ -85.25, 10.95 ], [ -85.35, 10.95 ], [ -85.35, 10.85 ] ] ] } },
{ "type": "Feature", "properties": { "celda_id": "c1085_m08525", "lon_sw": -85.25, "lat_sw": 10.85, "area_km2": 120.955 }, "geometry": { "type": "Polygon", "coordinates": [ [ [ -85.25, 10.85 ], [ -85.15, 10.85 ], [ -85.15, 10.95 ], [ -85.25, 10.95 ], [ -85.25, 10.85 ] ] ] } },
{ "type": "Feature", "properties": { "celda_id": "c1085_m08515", "lon_sw": -85.15, "lat_sw": 10.85, "area_km2": 120.947 }, "geometry": { "type": "Polygon", "coordinates": [ [ [ -85.15, 10.85 ], [ -85.05, 10.85 ], [ -85.05, 10.95 ], [ -85.15, 10.95 ], [ -85.15, 10.85 ] ] ] } },
{ "type": "Feature", "properties": { "celda_id": "c1085_m08505", "lon_sw": -85.05, "lat_sw": 10.85, "area_km2": 120.939 }, "geometry": { "type": "Polygon", "coordinates": [ [ [ -85.05, 10.85 ], [ -84.95, 10.85 ], [ -84.95, 10.95 ], [ -85.05, 10.95 ], [ -85.05, 10.85 ] ] ] } },
{ "type": "Feature", "properties": { "celda_id": "c1085_m08495", "lon_sw": -84.95, "lat_sw": 10.85, "area_km2": 120.002 }, "geometry": { "type": "Polygon", "coordinates": [ [ [ -84.95, 10.85 ], [ -84.85, 10.85 ], [ -84.85, 10.95 ], [ -84.95, 10.95 ], [ -84.95, 10.85 ] ] ] } },
{ "type": "Feature", "properties": { "celda_id": "c1085_m08485", "lon_sw": -84.85, "lat_sw": 10.85, "area_km2": 120.927 }, "geometry": { "type": "Polygon", "coordinates": [ [ [ -84.85, 10.85 ], [ -84.75, 10.85 ], [ -84.75, 10.95 ], [ -84.85, 10.95 ], [ -84.85, 10.85 ] ] ] } },
{ "type": "Feature", "properties": { "celda_id": "c1085_m08475", "lon_sw": -84.75, "lat_sw": 10.85, "area_km2": 120.921 }, "geometry": { "type": "Polygon", "coordinates": [ [ [ -84.75, 10.85 ], [ -84.65, 10.85 ], [ -84.65, 10.95 ], [ -84.75, 10.95 ], [ -84.75, 10.85 ] ] ] } },
{ "type": "Feature", "properties": { "celda_id": "c1085_m08465", "lon_sw": -84.65, "lat_sw": 10.85, "area_km2": 120.917 }, "geometry": { "type": "Polygon", "coordinates": [ [ [ -84.65, 10.85 ], [ -84.55, 10.85 ], [ -84.55, 10.95 ], [ -84.65, 10.95 ], [ -84.65, 10.85 ] ] ] } },
{ "type": "Feature", "properties": { "celda_id": "c1085_m08455", "lon_sw": -84.55, "lat_sw": 10.85, "area_km2": 120.913 }, "geometry": { "type": "Polygon", "coordinates": [ [ [ -84.55, 10.85 ], [ -84.45, 10.85 ], [ -84.45, 10.95 ], [ -84.55, 10.95 ], [ -84.55, 10.85 ] ] ] } },
{ "type": "Feature", "properties": { "celda_id": "c1085_m08445", "lon_sw": -84.45, "lat_sw": 10.85, "area_km2": 120.909 }, "geometry": { "type": "Polygon", "coordinates": [ [ [ -84.45, 10.85 ], [ -84.35, 10.85 ], [ -84.35, 10.95 ], [ -84.45, 10.95 ], [ -84.45, 10.85 ] ] ] } },
{ "type": "Feature", "properties": { "celda_id": "c1085_m08435", "lon_sw": -84.35, "lat_sw": 10.85, "area_km2": 76.127 }, "geometry": { "type": "Polygon", "coordinates": [ [ [ -84.35, 10.85 ], [ -84.25, 10.85 ], [ -84.25, 10.95 ], [ -84.35, 10.95 ], [ -84.35, 10.85 ] ] ] } },
{ "type": "Feature", "properties": { "celda_id": "c1085_m08425", "lon_sw": -84.25, "lat_sw": 10.85, "area_km2": 10.184 }, "geometry": { "type": "Polygon", "coordinates": [ [ [ -84.25, 10.85 ], [ -84.15, 10.85 ], [ -84.15, 10.95 ], [ -84.25, 10.95 ], [ -84.25, 10.85 ] ] ] } },
{ "type": "Feature", "properties": { "celda_id": "c1085_m08375", "lon_sw": -83.75, "lat_sw": 10.85, "area_km2": 24.303 }, "geometry": { "type": "Polygon", "coordinates": [ [ [ -83.75, 10.85 ], [ -83.65, 10.85 ], [ -83.65, 10.95 ], [ -83.75, 10.95 ], [ -83.75, 10.85 ] ] ] } },
{ "type": "Feature", "properties": { "celda_id": "c1085_m08365", "lon_sw": -83.65, "lat_sw": 10.85, "area_km2": 19.543 }, "geometry": { "type": "Polygon", "coordinates": [ [ [ -83.65, 10.85 ], [ -83.55, 10.85 ], [ -83.55, 10.95 ], [ -83.65, 10.95 ], [ -83.65, 10.85 ] ] ] } },
{ "type": "Feature", "properties": { "celda_id": "c1095_m08595", "lon_sw": -85.95, "lat_sw": 10.95, "area_km2": 0.012 }, "geometry": { "type": "Polygon", "coordinates": [ [ [ -85.95, 10.95 ], [ -85.85, 10.95 ], [ -85.85, 11.05 ], [ -85.95, 11.05 ], [ -85.95, 10.95 ] ] ] } },
{ "type": "Feature", "properties": { "celda_id": "c1095_m08585", "lon_sw": -85.85, "lat_sw": 10.95, "area_km2": 0.294 }, "geometry": { "type": "Polygon", "coordinates": [ [ [ -85.85, 10.95 ], [ -85.75, 10.95 ], [ -85.75, 11.05 ], [ -85.85, 11.05 ], [ -85.85, 10.95 ] ] ] } },
{ "type": "Feature", "properties": { "celda_id": "c1095_m08575", "lon_sw": -85.75, "lat_sw": 10.95, "area_km2": 71.503 }, "geometry": { "type": "Polygon", "coordinates": [ [ [ -85.75, 10.95 ], [ -85.65, 10.95 ], [ -85.65, 11.05 ], [ -85.75, 11.05 ], [ -85.75, 10.95 ] ] ] } },
{ "type": "Feature", "properties": { "celda_id": "c1095_m08565", "lon_sw": -85.65, "lat_sw": 10.95, "area_km2": 120.955 }, "geometry": { "type": "Polygon", "coordinates": [ [ [ -85.65, 10.95 ], [ -85.55, 10.95 ], [ -85.55, 11.05 ], [ -85.65, 11.05 ], [ -85.65, 10.95 ] ] ] } },
{ "type": "Feature", "properties": { "celda_id": "c1095_m08555", "lon_sw": -85.55, "lat_sw": 10.95, "area_km2": 120.944 }, "geometry": { "type": "Polygon", "coordinates": [ [ [ -85.55, 10.95 ], [ -85.45, 10.95 ], [ -85.45, 11.05 ], [ -85.55, 11.05 ], [ -85.55, 10.95 ] ] ] } },
{ "type": "Feature", "properties": { "celda_id": "c1095_m08545", "lon_sw": -85.45, "lat_sw": 10.95, "area_km2": 120.934 }, "geometry": { "type": "Polygon", "coordinates": [ [ [ -85.45, 10.95 ], [ -85.35, 10.95 ], [ -85.35, 11.05 ], [ -85.45, 11.05 ], [ -85.45, 10.95 ] ] ] } },
{ "type": "Feature", "properties": { "celda_id": "c1095_m08535", "lon_sw": -85.35, "lat_sw": 10.95, "area_km2": 120.924 }, "geometry": { "type": "Polygon", "coordinates": [ [ [ -85.35, 10.95 ], [ -85.25, 10.95 ], [ -85.25, 11.05 ], [ -85.35, 11.05 ], [ -85.35, 10.95 ] ] ] } },
{ "type": "Feature", "properties": { "celda_id": "c1095_m08525", "lon_sw": -85.25, "lat_sw": 10.95, "area_km2": 116.587 }, "geometry": { "type": "Polygon", "coordinates": [ [ [ -85.25, 10.95 ], [ -85.15, 10.95 ], [ -85.15, 11.05 ], [ -85.25, 11.05 ], [ -85.25, 10.95 ] ] ] } },
{ "type": "Feature", "properties": { "celda_id": "c1095_m08515", "lon_sw": -85.15, "lat_sw": 10.95, "area_km2": 78.516 }, "geometry": { "type": "Polygon", "coordinates": [ [ [ -85.15, 10.95 ], [ -85.05, 10.95 ], [ -85.05, 11.05 ], [ -85.15, 11.05 ], [ -85.15, 10.95 ] ] ] } },
{ "type": "Feature", "properties": { "celda_id": "c1095_m08505", "lon_sw": -85.05, "lat_sw": 10.95, "area_km2": 33.252 }, "geometry": { "type": "Polygon", "coordinates": [ [ [ -85.05, 10.95 ], [ -84.95, 10.95 ], [ -84.95, 11.05 ], [ -85.05, 11.05 ], [ -85.05, 10.95 ] ] ] } },
{ "type": "Feature", "properties": { "celda_id": "c1095_m08495", "lon_sw": -84.95, "lat_sw": 10.95, "area_km2": 10.78 }, "geometry": { "type": "Polygon", "coordinates": [ [ [ -84.95, 10.95 ], [ -84.85, 10.95 ], [ -84.85, 11.05 ], [ -84.95, 11.05 ], [ -84.95, 10.95 ] ] ] } },
{ "type": "Feature", "properties": { "celda_id": "c1095_m08485", "lon_sw": -84.85, "lat_sw": 10.95, "area_km2": 74.341 }, "geometry": { "type": "Polygon", "coordinates": [ [ [ -84.85, 10.95 ], [ -84.75, 10.95 ], [ -84.75, 11.05 ], [ -84.85, 11.05 ], [ -84.85, 10.95 ] ] ] } },
{ "type": "Feature", "properties": { "celda_id": "c1095_m08475", "lon_sw": -84.75, "lat_sw": 10.95, "area_km2": 120.24 }, "geometry": { "type": "Polygon", "coordinates": [ [ [ -84.75, 10.95 ], [ -84.65, 10.95 ], [ -84.65, 11.05 ], [ -84.75, 11.05 ], [ -84.75, 10.95 ] ] ] } },
{ "type": "Feature", "properties": { "celda_id": "c1095_m08465", "lon_sw": -84.65, "lat_sw": 10.95, "area_km2": 112.981 }, "geometry": { "type": "Polygon", "coordinates": [ [ [ -84.65, 10.95 ], [ -84.55, 10.95 ], [ -84.55, 11.05 ], [ -84.65, 11.05 ], [ -84.65, 10.95 ] ] ] } },
{ "type": "Feature", "properties": { "celda_id": "c1095_m08455", "lon_sw": -84.55, "lat_sw": 10.95, "area_km2": 62.868 }, "geometry": { "type": "Polygon", "coordinates": [ [ [ -84.55, 10.95 ], [ -84.45, 10.95 ], [ -84.45, 11.05 ], [ -84.55, 11.05 ], [ -84.55, 10.95 ] ] ] } },
{ "type": "Feature", "properties": { "celda_id": "c1095_m08445", "lon_sw": -84.45, "lat_sw": 10.95, "area_km2": 26.282 }, "geometry": { "type": "Polygon", "coordinates": [ [ [ -84.45, 10.95 ], [ -84.35, 10.95 ], [ -84.35, 11.05 ], [ -84.45, 11.05 ], [ -84.45, 10.95 ] ] ] } },
{ "type": "Feature", "properties": { "celda_id": "c1095_m08435", "lon_sw": -84.35, "lat_sw": 10.95, "area_km2": 1.308 }, "geometry": { "type": "Polygon", "coordinates": [ [ [ -84.35, 10.95 ], [ -84.25, 10.95 ], [ -84.25, 11.05 ], [ -84.35, 11.05 ], [ -84.35, 10.95 ] ] ] } },
{ "type": "Feature", "properties": { "celda_id": "c1105_m08575", "lon_sw": -85.75, "lat_sw": 11.05, "area_km2": 28.116 }, "geometry": { "type": "Polygon", "coordinates": [ [ [ -85.75, 11.05 ], [ -85.65, 11.05 ], [ -85.65, 11.15 ], [ -85.75, 11.15 ], [ -85.75, 11.05 ] ] ] } },
{ "type": "Feature", "properties": { "celda_id": "c1105_m08565", "lon_sw": -85.65, "lat_sw": 11.05, "area_km2": 120.915 }, "geometry": { "type": "Polygon", "coordinates": [ [ [ -85.65, 11.05 ], [ -85.55, 11.05 ], [ -85.55, 11.15 ], [ -85.65, 11.15 ], [ -85.65, 11.05 ] ] ] } },
{ "type": "Feature", "properties": { "celda_id": "c1105_m08555", "lon_sw": -85.55, "lat_sw": 11.05, "area_km2": 119.146 }, "geometry": { "type": "Polygon", "coordinates": [ [ [ -85.55, 11.05 ], [ -85.45, 11.05 ], [ -85.45, 11.15 ], [ -85.55, 11.15 ], [ -85.55, 11.05 ] ] ] } },
{ "type": "Feature", "properties": { "celda_id": "c1105_m08545", "lon_sw": -85.45, "lat_sw": 11.05, "area_km2": 95.688 }, "geometry": { "type": "Polygon", "coordinates": [ [ [ -85.45, 11.05 ], [ -85.35, 11.05 ], [ -85.35, 11.15 ], [ -85.45, 11.15 ], [ -85.45, 11.05 ] ] ] } },
{ "type": "Feature", "properties": { "celda_id": "c1105_m08535", "lon_sw": -85.35, "lat_sw": 11.05, "area_km2": 58.123 }, "geometry": { "type": "Polygon", "coordinates": [ [ [ -85.35, 11.05 ], [ -85.25, 11.05 ], [ -85.25, 11.15 ], [ -85.35, 11.15 ], [ -85.35, 11.05 ] ] ] } },
{ "type": "Feature", "properties": { "celda_id": "c1105_m08525", "lon_sw": -85.25, "lat_sw": 11.05, "area_km2": 7.478 }, "geometry": { "type": "Polygon", "coordinates": [ [ [ -85.25, 11.05 ], [ -85.15, 11.05 ], [ -85.15, 11.15 ], [ -85.25, 11.15 ], [ -85.25, 11.05 ] ] ] } },
{ "type": "Feature", "properties": { "celda_id": "c1105_m08475", "lon_sw": -84.75, "lat_sw": 11.05, "area_km2": 20.038 }, "geometry": { "type": "Polygon", "coordinates": [ [ [ -84.75, 11.05 ], [ -84.65, 11.05 ], [ -84.65, 11.15 ], [ -84.75, 11.15 ], [ -84.75, 11.05 ] ] ] } },
{ "type": "Feature", "properties": { "celda_id": "c1105_m08465", "lon_sw": -84.65, "lat_sw": 11.05, "area_km2": 1.9 }, "geometry": { "type": "Polygon", "coordinates": [ [ [ -84.65, 11.05 ], [ -84.55, 11.05 ], [ -84.55, 11.15 ], [ -84.65, 11.15 ], [ -84.65, 11.05 ] ] ] } },
{ "type": "Feature", "properties": { "celda_id": "c1115_m08575", "lon_sw": -85.75, "lat_sw": 11.15, "area_km2": 0.012 }, "geometry": { "type": "Polygon", "coordinates": [ [ [ -85.75, 11.15 ], [ -85.65, 11.15 ], [ -85.65, 11.25 ], [ -85.75, 11.25 ], [ -85.75, 11.15 ] ] ] } },
{ "type": "Feature", "properties": { "celda_id": "c1115_m08565", "lon_sw": -85.65, "lat_sw": 11.15, "area_km2": 62.989 }, "geometry": { "type": "Polygon", "coordinates": [ [ [ -85.65, 11.15 ], [ -85.55, 11.15 ], [ -85.55, 11.25 ], [ -85.65, 11.25 ], [ -85.65, 11.15 ] ] ] } },
{ "type": "Feature", "properties": { "celda_id": "c1115_m08555", "lon_sw": -85.55, "lat_sw": 11.15, "area_km2": 15.904 }, "geometry": { "type": "Polygon", "coordinates": [ [ [ -85.55, 11.15 ], [ -85.45, 11.15 ], [ -85.45, 11.25 ], [ -85.55, 11.25 ], [ -85.55, 11.15 ] ] ] } }
]
}
